t,x,y,v,steer_deg,accel
0,2.5,2.5,7.83446,2.44086,-0
0.02,2.65299,2.53383,7.83446,1.22086,-0
0.04,2.80593,2.56794,7.83446,5.16917,-0.918502
0.06,2.95857,2.6025,7.81609,3.44215,-0.862218
0.08,3.11071,2.63765,7.79885,2.21798,-0.809384
0.1,3.26242,2.67316,7.78266,14.0115,-2.54136
0.12,3.41319,2.70977,7.73183,9.26729,-2.38563
0.14,3.56255,2.74791,7.68412,5.99597,-2.23945
0.16,3.71073,2.78696,7.63933,3.73219,-2.10222
0.18,3.85787,2.8265,7.59729,23.2359,-4.26068
0.2,4.00323,2.86772,7.51207,14.691,-3.9996
0.22,4.14619,2.91126,7.43208,9.19477,-3.75452
0.24,4.28715,2.95599,7.35699,31.7734,-5.6889
0.26,4.42539,3.00294,7.24321,20.7682,-5.3403
0.28,4.56032,3.05266,7.13641,13.1125,-5.01306
0.3,4.69249,3.10382,7.03614,37.6257,-5.94691
0.32,4.82152,3.15691,6.91721,28.4082,-5.5825
0.34,4.94687,3.21274,6.80556,18.3147,-5.24042
0.36,5.06901,3.27039,6.70075,11.8736,-4.9193
0.38,5.18854,3.32879,6.60236,41.6016,-4.42889
0.4,5.30525,3.38863,6.51378,33.6568,-4.1575
0.42,5.41874,3.45087,6.43063,24.0653,-3.90274
0.44,5.52929,3.51505,6.35258,16.0007,-3.66359
0.46,5.63742,3.58035,6.27931,39.3029,-1.83475
0.48,5.74328,3.64723,6.24261,30.8405,-1.72232
0.5,5.84673,3.71651,6.20817,20.838,-1.61679
0.52,5.94808,3.78768,6.17583,13.8186,-1.51771
0.54,6.04789,3.85992,6.14548,22.5974,0.584257
0.56,6.14644,3.93355,6.15716,15.4317,0.548456
0.58,6.24401,4.00887,6.16813,10.318,0.514848
0.6,6.34094,4.08533,6.17843,6.58943,0.4833
0.62,6.43751,4.16258,6.18809,2.77953,1.43875
0.64,6.53409,4.24043,6.21687,1.48657,1.35058
0.66,6.63097,4.3188,6.24388,0.572325,1.26782
0.68,6.72819,4.39758,6.26924,-0.0509601,1.19013
0.7,6.82578,4.47668,6.29304,-14.1724,0.0534594
0.72,6.92402,4.55537,6.29411,-10.654,0.0501836
0.74,7.02309,4.63305,6.29511,-7.9263,0.0471084
0.76,7.12276,4.70999,6.29605,-5.80857,0.0442218
0.78,7.22287,4.78638,6.29694,-30.9541,-2.59347
0.8,7.32377,4.86087,6.24507,-22.2176,-2.43455
0.82,7.42552,4.93247,6.19638,-15.8473,-2.28537
0.84,7.52762,5.0019,6.15067,-11.2527,-2.14533
0.86,7.62973,5.06972,6.10776,-48.4677,-4.90104
0.88,7.73183,5.13498,6.00974,-42.7221,-4.60072
0.9,7.83394,5.19661,5.91773,-35.5505,-4.3188
0.92,7.93604,5.25475,5.83135,-27.0126,-4.05416
0.94,8.038,5.30968,5.75027,-18.6288,-3.80573
0.96,8.13953,5.36204,5.67415,-73.7099,-5.36511
0.98,8.24041,5.41164,5.56685,-70.8716,-5.03635
1,8.34055,5.45794,5.46613,-66.7692,-4.72773
1.02,8.43995,5.50111,5.37157,-61.4656,-4.43803
1.04,8.53863,5.54129,5.28281,-116.463,-4.34362
1.06,8.63654,5.5786,5.19594,-117.219,-4.07746
1.08,8.73368,5.61317,5.11439,-116.826,-3.8276
1.1,8.83005,5.6451,5.03784,-115.331,-3.59306
1.12,8.92566,5.6745,4.96598,-112.78,-3.37289
1.14,9.02054,5.70149,4.89852,-157.319,-1.70184
1.16,9.11499,5.72622,4.86448,-158.347,-1.59755
1.18,9.20928,5.74883,4.83253,-158.383,-1.49966
1.2,9.30342,5.76934,4.80254,-157.444,-1.40776
1.22,9.39739,5.78781,4.77438,-155.543,-1.3215
1.24,9.49118,5.80426,4.74795,-177.998,1.46642
1.26,9.58532,5.81879,4.77728,-177.614,1.37656
1.28,9.6803,5.83148,4.80481,-176.294,1.29221
1.3,9.77604,5.84226,4.83066,-174.02,1.21303
1.32,9.87249,5.85112,4.85492,-170.774,1.1387
1.34,9.96957,5.85799,4.87769,-174.963,4.21555
1.36,10.0676,5.86288,4.93769,-171.527,4.03171
1.38,10.1669,5.86573,4.99769,-167.072,3.84788
1.4,10.2675,5.86646,5.05769,-161.558,3.66405
1.42,10.3692,5.865,5.11769,-154.949,3.48022
1.44,10.4721,5.86127,5.17769,-147.205,3.29639
1.46,10.5761,5.85519,5.23769,-135.746,5.71697
1.48,10.6811,5.84668,5.29769,-126.086,5.53314
1.5,10.787,5.83567,5.35769,-115.212,5.3493
1.52,10.8939,5.82208,5.41769,-103.087,5.16547
1.54,11.0017,5.80583,5.47769,-78.9571,6.46151
1.56,11.1102,5.78686,5.53769,-63.1733,6.27768
1.58,11.2194,5.76509,5.59769,-46.0377,6.09384
1.6,11.3292,5.74044,5.65769,-27.5155,5.91001
1.62,11.4396,5.71298,5.71769,-8.73546,5.72618
1.64,11.5507,5.68365,5.77769,18.5784,6.10616
1.66,11.6632,5.65446,5.83769,23.1886,5.92233
1.68,11.7772,5.62684,5.89769,25.1591,5.7385
1.7,11.893,5.60121,5.95769,25.2965,5.55467
1.72,12.0104,5.57776,6.01769,35.8205,5.56539
1.74,12.1295,5.55686,6.07769,32.9406,5.38156
1.76,12.2503,5.53888,6.13769,28.6307,5.19773
1.78,12.3728,5.52386,6.19769,23.5533,5.0139
1.8,12.4967,5.51147,6.25769,26.0447,5.0238
1.82,12.6221,5.50165,6.31769,20.7595,4.83997
1.84,12.7488,5.49431,6.37769,16.6411,4.65614
1.86,12.8769,5.48894,6.43769,13.3144,4.47231
1.88,13.0062,5.48517,6.49769,13.6045,4.47394
1.9,13.1367,5.48288,6.55769,10.6771,4.29011
1.92,13.2684,5.48194,6.61769,8.30519,4.10627
1.94,13.4014,5.48208,6.67769,6.38672,3.92244
1.96,13.5355,5.48307,6.73769,4.34405,3.84341
1.98,13.6709,5.48471,6.79769,3.37621,3.65958
2,13.8074,5.48683,6.85769,2.58651,3.47575
2.02,13.9452,5.48933,6.91769,1.95072,3.29191
2.04,14.0841,5.49213,6.97769,-2.31741,3.13221
2.06,14.2242,5.49494,7.03769,-1.59747,2.94838
2.08,14.3655,5.49751,7.09666,-1.06097,2.76771
2.1,14.508,5.49994,7.15201,-5.10292,2.59812
2.12,14.6515,5.50197,7.20397,-3.55809,2.43891
2.14,14.7961,5.50343,7.25275,-2.40745,2.28946
2.16,14.9416,5.50449,7.29854,-1.56504,2.14917
2.18,15.088,5.50529,7.34152,-4.15398,2.01747
2.2,15.2352,5.50569,7.38187,-2.7378,1.89385
2.22,15.3833,5.5056,7.41975,-1.71998,1.7778
2.24,15.532,5.5052,7.45531,-1.82813,1.66886
2.26,15.6814,5.50453,7.48868,-1.15673,1.5666
2.28,15.8315,5.50365,7.52002,-0.684351,1.4706
2.3,15.9822,5.50263,7.54943,0.455885,1.38049
2.32,16.1335,5.50159,7.57704,0.366422,1.2959
2.34,16.2853,5.50061,7.60296,0.289668,1.21649
2.36,16.4376,5.49967,7.62729,0.225431,1.14194
2.38,16.5904,5.49877,7.65012,2.7983,1.07197
2.4,16.7436,5.4981,7.67156,1.87048,1.00628
2.42,16.8972,5.49778,7.69169,1.2044,0.944619
2.44,17.0512,5.49769,7.71058,4.45112,0.886736
2.46,17.2056,5.49805,7.72832,2.99251,0.832399
2.48,17.3603,5.49897,7.74496,1.94514,0.781392
2.5,17.5154,5.50029,7.76059,4.15321,0.73351
2.52,17.6707,5.50208,7.77526,2.7776,0.688563
2.54,17.8264,5.50441,7.78903,1.79398,0.64637
2.56,17.9822,5.50712,7.80196,1.16996,0.606762
2.58,18.1384,5.51005,7.8141,0.710362,0.569581
2.6,18.2947,5.51315,7.82549,0.396744,0.534679
2.62,18.4513,5.51633,7.83618,0.189009,0.501915
2.64,18.6081,5.51956,7.84622,-3.65477,0.471159
2.66,18.7651,5.52252,7.85564,-2.40555,0.442288
2.68,18.9223,5.525,7.86449,-1.52226,0.415186
2.7,19.0797,5.52717,7.87279,-7.74118,0.389745
2.72,19.2372,5.5286,7.88059,-4.97934,0.365862
2.74,19.3949,5.529,7.88791,-3.06323,0.343443
2.76,19.5527,5.52875,7.89477,-11.3315,0.322398
2.78,19.7106,5.52733,7.90122,-7.23608,0.302642
2.8,19.8687,5.52439,7.90727,-4.43179,0.284097
2.82,20.0269,5.52051,7.91296,-13.1625,0.198761
2.84,20.1851,5.51517,7.91693,-8.58977,0.186582
2.86,20.3433,5.50805,7.92066,-5.44329,0.175149
2.88,20.5015,5.49978,7.92417,-10.1098,-0.273038
2.9,20.6597,5.49025,7.91871,-6.67522,-0.256307
2.92,20.8176,5.47935,7.91358,-4.27718,-0.240602
2.94,20.9754,5.46757,7.90877,-2.61796,-0.225858
2.96,21.133,5.45524,7.90425,1.15905,-1.43554
2.98,21.2903,5.44282,7.87554,0.905817,-1.34757
3,21.4471,5.43061,7.84859,0.697185,-1.265
3.02,21.6034,5.41856,7.82329,15.0437,-3.46887
3.04,21.7588,5.40785,7.75391,9.75445,-3.25631
3.06,21.9129,5.39918,7.68878,6.17274,-3.05677
3.08,22.0659,5.39181,7.62765,28.3149,-5.79172
3.1,22.2173,5.38727,7.51181,17.6964,-5.43682
3.12,22.3664,5.38636,7.40308,11.2115,-5.10367
3.14,22.5134,5.38756,7.301,40.3159,-7.56668
3.16,22.6579,5.39175,7.14967,31.5251,-7.10302
3.18,22.7992,5.40018,7.00761,20.7887,-6.66776
3.2,22.9375,5.4119,6.87426,13.3733,-6.25918
3.22,23.0731,5.42554,6.74907,55.1991,-7.6964
3.24,23.2055,5.44158,6.59514,49.2285,-7.22479
3.26,23.3345,5.46092,6.45065,41.5564,-6.78207
3.28,23.4602,5.48333,6.31501,32.2885,-6.36649
3.3,23.5827,5.50859,6.18768,74.2146,-6.63813
3.32,23.7019,5.53649,6.05491,70.0732,-6.23136
3.34,23.8178,5.56682,5.93029,64.4643,-5.84952
3.36,23.9306,5.59942,5.8133,57.4724,-5.49108
3.38,24.0404,5.63413,5.70347,94.5624,-4.80142
3.4,24.1474,5.67084,5.60745,91.3634,-4.5072
3.42,24.2517,5.70947,5.5173,86.8878,-4.23101
3.44,24.3535,5.7499,5.43268,81.1915,-3.97175
3.46,24.4528,5.79205,5.35325,106.915,-2.66418
3.48,24.5499,5.83592,5.29996,103.78,-2.50093
3.5,24.645,5.88153,5.24995,99.4974,-2.34768
3.52,24.7382,5.92883,5.20299,94.0943,-2.20382
3.54,24.8295,5.97776,5.15892,87.5965,-2.06877
3.56,24.919,6.02828,5.11754,105.537,-0.330478
3.58,25.007,6.08051,5.11093,100.629,-0.310227
3.6,25.0936,6.13458,5.10473,94.6419,-0.291217
3.62,25.179,6.19047,5.0989,87.5756,-0.273372
3.64,25.263,6.24814,5.09343,79.4322,-0.256621
3.66,25.3457,6.30756,5.0883,89.2123,1.79129
3.68,25.4273,6.36897,5.12413,81.8141,1.68152
3.7,25.5081,6.43257,5.15776,73.2884,1.57849
3.72,25.5879,6.49836,5.18933,63.6168,1.48176
3.74,25.6668,6.56631,5.21896,52.7826,1.39096
3.76,25.7445,6.63638,5.24678,54.7667,3.55652
3.78,25.8213,6.70879,5.30678,43.8675,3.37269
3.8,25.8973,6.78376,5.36678,31.712,3.18886
3.82,25.9723,6.86133,5.42678,18.2628,3.00502
3.84,26.0468,6.94112,5.48678,8.39352,2.82119
3.86,26.1212,7.0225,5.54321,11.9115,4.73852
3.88,26.1959,7.10528,5.60321,4.99737,4.55469
3.9,26.2708,7.18942,5.66321,0.0701367,4.37086
3.92,26.3464,7.2746,5.72321,-3.32721,4.18702
3.94,26.4228,7.36058,5.78321,-5.52893,4.00319
3.96,26.5004,7.4472,5.84321,0.852279,5.3677
3.98,26.5789,7.53458,5.90321,-1.39367,5.18387
4,26.6582,7.62283,5.96321,-2.85989,5.00004
4.02,26.7385,7.71184,6.02321,-3.72985,4.81621
4.04,26.8198,7.80154,6.08321,0.0816216,5.48748
4.06,26.902,7.892,6.14321,-0.911444,5.30365
4.08,26.9851,7.98333,6.20321,-1.53297,5.11982
4.1,27.0691,8.07546,6.26321,-1.8765,4.93598
4.12,27.154,8.16837,6.32321,-0.878897,5.0719
4.14,27.2399,8.26206,6.38321,-1.05752,4.88807
4.16,27.3266,8.35656,6.44321,-1.12449,4.70424
4.18,27.4142,8.45188,6.50321,-1.11416,4.5204
4.2,27.5027,8.54799,6.56321,-3.26491,4.37167
4.22,27.5922,8.64482,6.62321,-2.4847,4.18784
4.24,27.6828,8.7423,6.68321,-1.85969,4.004
4.26,27.7744,8.8405,6.74321,-1.36569,3.82017
4.28,27.8669,8.93944,6.80321,-6.79032,3.46563
4.3,27.9606,9.03892,6.86321,-4.75112,3.2818
4.32,28.0556,9.13879,6.92321,-3.21952,3.09797
4.34,28.1519,9.23918,6.98321,-10.4989,2.50335
4.36,28.2495,9.33976,7.03327,-7.22903,2.34995
4.38,28.3486,9.44023,7.08027,-4.82527,2.20596
4.4,28.4489,9.5408,7.12439,-3.07781,2.07078
4.42,28.5502,9.6416,7.16581,-13.9652,1.38444
4.44,28.6528,9.74208,7.1935,-9.32888,1.2996
4.46,28.7569,9.84178,7.21949,-6.03215,1.21997
4.48,28.862,9.94109,7.24389,-17.1957,0.76643
4.5,28.9686,10.0395,7.25922,-11.4907,0.719466
4.52,29.0767,10.1366,7.2736,-7.49843,0.675379
4.54,29.1859,10.2329,7.28711,-4.68275,0.633994
4.56,29.2958,10.3288,7.29979,-17.5931,0.696501
4.58,29.407,10.4236,7.31372,-11.7389,0.653822
4.6,29.5197,10.517,7.3268,-7.66002,0.613757
4.62,29.6335,10.6096,7.33907,-13.466,0.880418
4.64,29.7485,10.7011,7.35668,-8.97084,0.826468
4.66,29.8647,10.7916,7.37321,-5.79294,0.775825
4.68,29.9818,10.8815,7.38873,-3.5548,0.728284
4.7,30.0995,10.9711,7.40329,-2.03528,0.514174
4.72,30.2177,11.0604,7.41358,-1.12849,0.482667
4.74,30.3361,11.1498,7.42323,-0.519097,0.453091
4.76,30.4548,11.2391,7.43229,8.22464,-0.96617
4.78,30.5731,11.3288,7.41297,5.8565,-0.906965
4.8,30.6905,11.4191,7.39483,4.09776,-0.851389
4.82,30.8071,11.5097,7.3778,2.80228,-0.799218
4.84,30.9232,11.6006,7.36182,19.7814,-3.29393
4.86,31.0377,11.6921,7.29594,13.3031,-3.09209
4.88,31.1496,11.7848,7.2341,8.86811,-2.90261
4.9,31.2597,11.8778,7.17605,5.75566,-2.72475
4.92,31.3683,11.9708,7.12155,33.9133,-5.65862
4.94,31.4739,12.0646,7.00838,23.7339,-5.31187
4.96,31.5755,12.1597,6.90214,15.2784,-4.98638
4.98,31.6738,12.2552,6.80241,48.5103,-7.44753
5,31.7683,12.351,6.65346,41.3774,-6.99117
5.02,31.858,12.4473,6.51364,32.5342,-6.56277
5.04,31.9433,12.5441,6.38238,22.0832,-6.16062
5.06,32.0246,12.6408,6.25917,67.9296,-7.7244
5.08,32.102,12.7373,6.10468,63.8229,-7.25107
5.1,32.175,12.8333,5.95966,58.2237,-6.80674
5.12,32.2439,12.9289,5.82353,51.2327,-6.38964
5.14,32.3089,13.024,5.69573,108.876,-6.8896
5.16,32.3701,13.1184,5.55794,109.517,-6.46743
5.18,32.4276,13.212,5.42859,108.827,-6.07112
5.2,32.4817,13.3047,5.30717,106.892,-5.6991
5.22,32.5326,13.3966,5.19319,169.045,-5.08682
5.24,32.5804,13.4877,5.09145,174.132,-4.77512
5.26,32.6253,13.578,4.99595,178.042,-4.48251
5.28,32.6674,13.6676,4.9063,-179.165,-4.20784
5.3,32.7089,13.7556,4.82214,-156.541,-3.94999
5.32,32.7514,13.8413,4.74314,-83.243,-2.14211
5.34,32.795,13.925,4.7003,-53.691,-2.01085
5.36,32.84,14.0071,4.66008,-23.5417,-1.88763
5.38,32.886,14.0878,4.62233,4.76561,-1.77196
5.4,32.9321,14.1675,4.58689,24.6852,-1.66338
5.42,32.9771,14.247,4.55362,38.0239,-1.56145
5.44,33.0205,14.3268,4.5224,71.5706,1.29144
5.46,33.0622,14.4073,4.54822,84.3901,1.2123
5.48,33.1026,14.489,4.57247,96.521,1.13802
5.5,33.1416,14.572,4.59523,107.939,1.06828
5.52,33.1792,14.6561,4.6166,118.621,1.00282
5.54,33.2152,14.7414,4.63665,128.545,0.94137
5.56,33.2496,14.8277,4.65548,137.69,0.883686
5.58,33.2825,14.915,4.67315,148.673,4.11614
5.6,33.3139,15.0036,4.73315,157.695,3.93231
5.62,33.3438,15.0941,4.79315,165.996,3.74848
5.64,33.3723,15.1862,4.85315,173.539,3.56465
5.66,33.3991,15.2801,4.91315,-179.717,3.38082
5.68,33.4263,15.3752,4.97315,-153.142,3.19699
5.7,33.4559,15.4708,5.03315,-136.513,5.77029
5.72,33.4879,15.5668,5.09315,-107.513,5.58645
5.74,33.5224,15.6633,5.15315,-77.2364,5.40262
5.76,33.5594,15.7601,5.21315,-45.6605,5.21879
5.78,33.5991,15.8572,5.27315,-12.7629,5.03496
5.8,33.6407,15.9548,5.33315,14.8015,4.85113
5.82,33.6827,16.0535,5.39315,14.3902,6.24027
5.84,33.7242,16.1537,5.45315,31.799,6.05644
5.86,33.7643,16.2557,5.51315,42.6458,5.87261
5.88,33.8025,16.3598,5.57315,52.5411,5.68877
5.9,33.8386,16.4659,5.63315,61.4381,5.50494
5.92,33.8725,16.574,5.69315,48.7713,5.88462
5.94,33.904,16.684,5.75315,53.4298,5.70079
5.96,33.9332,16.7959,5.81315,56.9151,5.51696
5.98,33.9598,16.9097,5.87315,59.1794,5.33313
6,33.9838,17.0253,5.93315,44.2744,5.3896
6.02,34.005,17.1427,5.99315,42.225,5.20577
6.04,34.0235,17.2617,6.05315,38.7892,5.02194
6.06,34.039,17.3824,6.11315,33.9205,4.83811
6.08,34.0514,17.5046,6.17315,17.8833,4.97518
6.1,34.0614,17.6283,6.23315,14.6131,4.79135
6.12,34.0699,17.7532,6.29315,11.8765,4.60752
6.14,34.077,17.8795,6.35315,5.71148,4.77814
6.16,34.0833,18.007,6.41315,5.0011,4.59431
6.18,34.0891,18.1357,6.47315,4.30199,4.41048
6.2,34.0944,18.2657,6.53315,3.6415,4.22665
6.22,34.0993,18.3969,6.59315,5.25632,4.25015
6.24,34.1038,18.5293,6.65315,4.21996,4.06632
6.26,34.1078,18.6629,6.71315,3.34433,3.88249
6.28,34.1113,18.7977,6.77315,2.61481,3.69866
6.3,34.1145,18.9337,6.83315,9.56289,3.57505
6.32,34.1171,19.0709,6.89315,7.04426,3.39122
6.34,34.1186,19.2094,6.95315,5.09908,3.20739
6.36,34.1193,19.3491,7.01315,3.61005,3.02356
6.38,34.1195,19.4899,7.07315,11.0892,2.83973
6.4,34.1187,19.6319,7.12995,7.82472,2.66572
6.42,34.1167,19.7751,7.18326,5.39645,2.50237
6.44,34.1138,19.9192,7.23331,3.60539,2.34903
6.46,34.1102,20.0643,7.28029,7.10888,2.02387
6.48,34.1059,20.2102,7.32077,4.49767,1.89986
6.5,34.1007,20.3569,7.35877,2.65871,1.78344
6.52,34.0951,20.5044,7.39443,2.06505,1.02072
6.54,34.089,20.6523,7.41485,0.35556,0.958173
6.56,34.0828,20.8007,7.43401,-0.682531,0.899459
6.58,34.0766,20.9494,7.452,-0.428521,-0.618416
6.6,34.0704,21.0982,7.43963,-2.79209,-0.580521
6.62,34.0645,21.2468,7.42802,-3.99929,-0.544948
6.64,34.0591,21.3951,7.41712,-4.4486,-0.511555
6.66,34.0543,21.5433,7.40689,-7.96839,-2.54799
6.68,34.0504,21.6909,7.35593,-8.90153,-2.39186
6.7,34.0477,21.8375,7.3081,-15.5347,-4.36497
6.72,34.0468,21.9828,7.2208,-15.853,-4.09749
6.74,34.048,22.1263,7.13885,-14.9985,-3.84641
6.76,34.0512,22.2683,7.06192,-30.5525,-5.06309
6.78,34.0576,22.4084,6.96066,-24.9585,-4.75283
6.8,34.0675,22.5463,6.8656,-20.3616,-4.46159
6.82,34.0802,22.6821,6.77637,-41.2112,-4.75612
6.84,34.0959,22.8158,6.68125,-35.684,-4.46467
6.86,34.1152,22.9471,6.59195,-28.4018,-4.19109
6.88,34.1377,23.0761,6.50813,-48.0571,-3.74894
6.9,34.1634,23.203,6.43315,-41.5996,-3.51922
6.92,34.1923,23.3276,6.36277,-33.5154,-3.30357
6.94,34.2242,23.4501,6.2967,-51.7342,-2.49253
6.96,34.2591,23.5706,6.24684,-44.1243,-2.33979
6.98,34.2969,23.6892,6.20005,-34.9755,-2.19642
7,34.3375,23.8059,6.15612,-49.6925,-1.31019
7.02,34.3809,23.9208,6.12992,-40.7328,-1.22991
7.04,34.4272,24.0341,6.10532,-30.279,-1.15454
7.06,34.4762,24.1457,6.08223,-18.3459,-1.08379
7.08,34.5272,24.2558,6.06055,-33.981,-0.401732
7.1,34.5804,24.3647,6.05252,-22.5761,-0.377115
7.12,34.636,24.4721,6.04497,-13.2992,-0.354006
7.14,34.693,24.5787,6.03789,-6.94501,-0.332314
7.16,34.7508,24.6846,6.03125,-22.585,-0.104838
7.18,34.8099,24.7898,6.02915,-13.9107,-0.0984135
7.2,34.8704,24.894,6.02718,-7.8998,-0.092383
7.22,34.9319,24.9977,6.02534,-18.7242,-0.447689
7.24,34.9944,25.1006,6.01638,-12.5254,-0.420256
7.26,35.0581,25.2026,6.00798,-8.05092,-0.394504
7.28,35.1225,25.3039,6.00009,-4.79767,-0.37033
7.3,35.1873,25.4048,5.99268,-17.7432,-1.24301
7.32,35.2529,25.5049,5.96782,-13.2992,-1.16684
7.34,35.3194,25.6037,5.94448,-9.89856,-1.09534
7.36,35.3866,25.7015,5.92258,-7.26994,-1.02822
7.38,35.4542,25.7986,5.90201,-23.4715,-2.20385
7.4,35.5225,25.8942,5.85793,-18.3717,-2.06881
7.42,35.592,25.9881,5.81656,-14.4435,-1.94204
7.44,35.6621,26.0804,5.77772,-11.3325,-1.82303
7.46,35.7327,26.1714,5.74126,-33.5935,-3.07349
7.48,35.8042,26.2605,5.67979,-27.2431,-2.88515
7.5,35.8769,26.347,5.62208,-20.9281,-2.70836
7.52,35.9505,26.4313,5.56792,-46.1715,-3.85974
7.54,36.0249,26.5131,5.49072,-42.04,-3.62323
7.56,36.1001,26.5921,5.41826,-36.6924,-3.40121
7.58,36.1762,26.6683,5.35023,-68.0144,-4.33098
7.6,36.2528,26.7417,5.26361,-66.6014,-4.06559
7.62,36.3299,26.8123,5.1823,-64.0371,-3.81646
7.64,36.4073,26.88,5.10597,-60.3694,-3.5826
7.66,36.4851,26.9451,5.03432,-111.552,-4.15873
7.68,36.563,27.0076,4.95115,-112.767,-3.9039
7.7,36.6409,27.0673,4.87307,-112.925,-3.66468
7.72,36.7189,27.1246,4.79978,179.001,-3.66852
7.74,36.7957,27.181,4.7264,152.944,-3.44372
7.76,36.8702,27.238,4.65753,60.5094,-2.59225
7.78,36.9426,27.2958,4.60569,27.2197,-2.43341
7.8,37.0131,27.3543,4.55702,-5.42478,-2.28429
7.82,37.0825,27.4126,4.51133,-28.2637,-2.14432
7.84,37.1519,27.4697,4.46844,-99.5333,-0.269862
7.86,37.2219,27.5252,4.46305,-117.068,-0.253326
7.88,37.2928,27.5793,4.45798,-133.896,-0.237803
7.9,37.3647,27.6319,4.45322,-150.013,-0.223231
7.92,37.4375,27.6831,4.44876,-165.411,-0.209552
7.94,37.5112,27.7329,4.44457,141.677,2.55679
7.96,37.5853,27.7829,4.49571,106.889,2.40011
7.98,37.6592,27.8349,4.54371,71.0433,2.25304
8,37.7329,27.8889,4.58877,34.1534,2.11498
8.02,37.8062,27.9449,4.63107,-3.76732,1.98538
8.04,37.8796,28.002,4.67078,-31.9069,1.86372
8.06,37.9542,28.0588,4.70805,-70.3163,4.899
8.08,38.0308,28.1146,4.76805,-89.9891,4.71517
8.1,38.1095,28.1695,4.82805,-109.212,4.53134
8.12,38.1903,28.2234,4.88805,-127.946,4.3475
8.14,38.2733,28.2763,4.94805,-146.151,4.16367
8.16,38.3583,28.3281,5.00805,-163.787,3.97984
8.18,38.4455,28.3786,5.06805,177.448,6.45121
8.2,38.5337,28.4297,5.12805,140.368,6.26738
8.22,38.6218,28.4834,5.18805,102.019,6.08354
8.24,38.7097,28.5396,5.24805,62.3844,5.89971
8.26,38.7973,28.5985,5.30805,21.451,5.71588
8.28,38.8848,28.6597,5.36805,-17.2865,5.53205
8.3,38.9731,28.7218,5.42805,-43.5311,5.34822
8.32,39.0635,28.7829,5.48805,-52.7091,6.78014
8.34,39.1564,28.8426,5.54805,-71.6731,6.59631
8.36,39.2517,28.9006,5.60805,-89.8873,6.41248
8.38,39.3493,28.957,5.66805,-107.304,6.22865
8.4,39.4494,29.0115,5.72805,-123.873,6.04482
8.42,39.5518,29.0641,5.78805,-124.709,6.5024
8.44,39.6566,29.1147,5.84805,-137.794,6.31856
8.46,39.7637,29.1632,5.90805,-149.852,6.13473
8.48,39.8731,29.2093,5.96805,-160.831,5.9509
8.5,39.9848,29.2532,6.02805,-170.681,5.76707
8.52,40.0987,29.2945,6.08805,-166.754,5.74194
8.54,40.2148,29.3332,6.14805,-172.708,5.5581
8.56,40.333,29.3692,6.20805,-177.349,5.37427
8.58,40.4532,29.4024,6.26805,179.374,5.19044
8.6,40.5746,29.4359,6.32805,159.883,5.04126
8.62,40.6963,29.473,6.38805,131.398,4.85742
8.64,40.818,29.5138,6.44805,101.155,4.67359
8.66,40.9396,29.5584,6.50805,69.1255,4.48976
8.68,41.0611,29.6068,6.56805,41.5284,4.35083
8.7,41.1822,29.6591,6.62805,6.76672,4.167
8.72,41.3036,29.7139,6.68805,-18.8821,3.98316
8.74,41.4263,29.7685,6.74805,-33.9661,3.79933
8.76,41.5514,29.8208,6.80805,-38.6736,3.64262
8.78,41.6791,29.8698,6.86805,-44.9965,3.45879
8.8,41.8093,29.9154,6.92805,-49.6633,3.27496
8.82,41.9419,29.9575,6.98805,-51.629,3.10047
8.84,42.0769,29.996,7.04805,-52.5473,2.91664
8.86,42.2141,30.0306,7.10638,-51.6245,2.73792
8.88,42.3535,30.0614,7.16114,-48.8034,2.57015
8.9,42.4947,30.088,7.21254,-45.5934,2.41265
8.92,42.6377,30.1104,7.2608,-38.9883,2.26481
8.94,42.7822,30.1285,7.30609,-30.3415,2.12603
8.96,42.9281,30.1421,7.34861,-23.8241,1.96588
8.98,43.0752,30.1517,7.38793,-15.2672,1.84542
9,43.2231,30.1585,7.42484,-9.61313,1.73234
9.02,43.3719,30.1635,7.45949,-5.74072,1.62619
9.04,43.5214,30.1674,7.49201,-10.8248,1.43203
9.06,43.6715,30.1702,7.52065,-6.44777,1.34428
9.08,43.8221,30.1716,7.54754,-3.48439,1.26191
9.1,43.9733,30.1724,7.57277,-11.418,1.02544
9.12,44.125,30.172,7.59328,-6.91135,0.962605
9.14,44.277,30.1702,7.61254,-3.85998,0.903619
9.16,44.4295,30.1676,7.63061,-1.82945,0.848248
9.18,44.5822,30.1646,7.64757,-13.1031,0.662107
9.2,44.7352,30.1604,7.66082,-8.10376,0.621535
9.22,44.8885,30.1546,7.67325,-4.71966,0.583449
9.24,45.0419,30.1478,7.68491,-2.45147,0.547697
9.26,45.1955,30.1404,7.69587,-15.1102,0.352531
9.28,45.3493,30.1317,7.70292,-9.47322,0.330929
9.3,45.503,30.121,7.70954,-5.67215,0.310651
9.32,45.6568,30.1092,7.71575,-14.1616,-0.265885
9.34,45.8105,30.0958,7.71043,-8.41707,-0.249592
9.36,45.9639,30.0807,7.70544,-4.62042,-0.234298
9.38,46.1171,30.0645,7.70076,-2.13364,-0.21994
9.4,46.2702,30.0479,7.69636,-8.04199,-1.73092
9.42,46.4228,30.0305,7.66174,-2.77815,-1.62485
9.44,46.5746,30.0124,7.62924,0.414808,-1.52529
9.46,46.7258,29.9942,7.59874,-0.773447,-4.10035
9.48,46.8759,29.9761,7.51673,4.51021,-3.8491
9.5,47.0244,29.9585,7.43975,7.23015,-3.61323
9.52,47.1715,29.9418,7.36748,15.2957,-6.65705
9.54,47.3168,29.927,7.23434,17.3985,-6.24913
9.56,47.4597,29.9147,7.10936,17.3816,-5.8662
9.58,47.6004,29.9049,6.99203,47.1299,-8.42603
9.6,47.7385,29.8985,6.83203,46.3178,-7.93581
9.62,47.8735,29.8961,6.67332,101.828,-9.30261
9.64,48.0053,29.8976,6.51332,108.31,-8.8124
9.66,48.1339,29.9026,6.35332,-166.381,-8.92702
9.68,48.2593,29.9076,6.19332,-56.0848,-7.89844
9.7,48.3815,29.9092,6.03535,-6.90133,-7.41445
9.72,48.5008,29.9089,5.88706,32.196,-6.96011
9.74,48.6171,29.9097,5.74786,111.497,-4.92256
9.76,48.731,29.9133,5.64941,137.815,-4.62092
9.78,48.8429,29.9195,5.55699,162.662,-4.33776
9.8,48.9528,29.9283,5.47023,-173.906,-4.07195
9.82,49.0611,29.937,5.38879,-88.5764,-1.28459
9.84,49.1684,29.9431,5.3631,-40.7157,-1.20588
9.86,49.2754,29.9467,5.33898,7.76687,-1.13198
9.88,49.3819,29.9493,5.31635,43.0711,-1.06262
9.9,49.4879,29.9535,5.29509,69.5482,-0.997505
9.92,49.5934,29.96,5.27514,95.0957,-0.936381
9.94,49.6984,29.9689,5.25641,142.816,2.23869
9.96,49.8033,29.9801,5.30119,167.601,2.10151
9.98,49.9089,29.9939,5.34322,-168.228,1.97274
10,50.0152,30.0077,5.38267,-122.444,1.85185
10.02,50.1227,30.0192,5.41971,-75.4911,1.73838
10.04,50.231,30.0282,5.45448,-27.3916,1.63185
10.06,50.3402,30.0349,5.48712,26.4423,4.40688
10.08,50.4504,30.0416,5.54712,55.4971,4.22305
10.1,50.5615,30.0508,5.60712,82.5814,4.03922
10.12,50.6736,30.0628,5.66712,109.115,3.85539
10.14,50.7866,30.0777,5.72712,135.049,3.67155
10.16,50.9003,30.0956,5.78712,160.333,3.48772
10.18,51.0148,30.1165,5.84712,-175.085,3.30389
10.2,51.1304,30.1375,5.90712,-132.898,5.15083
10.22,51.2477,30.1559,5.96712,-83.8629,4.96699
10.24,51.3667,30.1713,6.02712,-33.3601,4.78316
10.26,51.4872,30.1839,6.08712,18.614,4.59933
10.28,51.6089,30.1959,6.14712,52.2639,4.4155
10.3,51.7316,30.2106,6.20712,80.3865,4.23167
10.32,51.855,30.2287,6.26712,96.6996,4.99956
10.34,51.9791,30.2503,6.32712,122.345,4.81573
10.36,52.1037,30.2755,6.38712,147.093,4.6319
10.38,52.2287,30.3044,6.44712,170.883,4.44807
10.4,52.3541,30.337,6.50712,-166.348,4.26424
10.42,52.4806,30.3699,6.56712,-117.733,4.08041
10.44,52.6092,30.3995,6.62712,-78.4858,4.07778
10.46,52.7397,30.4257,6.68712,-27.7085,3.89395
10.48,52.8721,30.4485,6.74712,23.5693,3.71012
10.5,53.0057,30.4713,6.80712,53.3128,3.52629
10.52,53.1399,30.4976,6.86712,78.855,3.34246
10.54,53.2744,30.5282,6.92712,102.98,2.64182
10.56,53.409,30.563,6.97995,125.639,2.47993
10.58,53.5435,30.6022,7.02955,146.931,2.32797
10.6,53.6777,30.6456,7.07611,166.781,2.18532
10.62,53.8114,30.6934,7.11982,-154.022,0.66806
10.64,53.9456,30.7414,7.13318,-106.498,0.627124
10.66,54.0815,30.7853,7.14572,-57.2136,0.588695
10.68,54.2188,30.8251,7.15749,-6.19688,0.552622
10.7,54.3571,30.8625,7.16855,34.401,0.518759
10.72,54.4952,30.9017,7.17892,105.482,-1.90319
10.74,54.6316,30.945,7.14086,129.75,-1.78657
10.76,54.766,30.9922,7.10513,152.225,-1.67709
10.78,54.8983,31.0432,7.07158,172.904,-1.57432
10.8,55.0284,31.098,7.0401,-168.215,-1.47785
10.82,55.1579,31.1525,7.01054,-50.8015,-4.35569
10.84,55.2878,31.2027,6.92343,1.90302,-4.08879
10.86,55.4169,31.2505,6.84165,40.1285,-3.83824
10.88,55.5438,31.2997,6.76489,64.2398,-3.60304
10.9,55.6678,31.3519,6.69283,86.548,-3.38226
10.92,55.789,31.4071,6.62518,107.088,-3.175
10.94,55.9074,31.4652,6.56168,-152.974,-5.74408
10.96,56.0242,31.5225,6.4468,-102.307,-5.3921
10.98,56.1405,31.5756,6.33896,-51.1076,-5.06168
11,56.2562,31.6247,6.23772,0.579296,-4.75152
11.02,56.3708,31.6716,6.14269,39.3477,-4.46036
11.04,56.4831,31.7192,6.05349,64.8018,-4.18704
11.06,56.5925,31.7691,5.96974,88.6859,-3.93047
11.08,56.6992,31.821,5.89114,111.048,-3.68962
11.1,56.8031,31.8748,5.81734,-156.293,-5.29836
11.12,56.9055,31.9279,5.71138,-106.073,-4.97369
11.14,57.0072,31.9775,5.6119,-55.7177,-4.66892
11.16,57.1084,32.0239,5.51852,-5.24738,-4.38282
11.18,57.2086,32.0682,5.43087,35.5762,-4.11425
11.2,57.3067,32.1127,5.34858,62.6897,-3.86214
11.22,57.4024,32.1587,5.27134,88.5213,-3.62548
11.24,57.4957,32.2063,5.19883,113.115,-3.40332
11.26,57.5867,32.2552,5.13076,136.51,-3.19478
11.28,57.6754,32.3054,5.06687,158.744,-2.99901
11.3,57.762,32.357,5.00689,179.853,-2.81524
11.32,57.8464,32.4097,4.95058,-160.133,-2.64273
11.34,57.9299,32.4619,4.89773,-78.9955,-3.06561
11.36,58.0135,32.5118,4.83642,-33.2704,-2.87776
11.38,58.0971,32.5593,4.77886,12.5805,-2.70142
11.4,58.18,32.6058,4.72483,44.6837,-2.53588
11.42,58.2614,32.6528,4.67411,70.1083,-2.38049
11.44,58.3409,32.701,4.6265,94.6222,-2.23462
11.46,58.4187,32.7503,4.58181,118.248,-2.09769
11.48,58.4948,32.8006,4.53986,141.006,-1.96915
11.5,58.5693,32.8519,4.50048,162.915,-1.84849
11.52,58.6421,32.9042,4.46351,-176.007,-1.73522
11.54,58.7143,32.956,4.4288,-136.982,-1.62889
11.56,58.7869,33.0061,4.39622,-97.626,-1.52907
11.58,58.86,33.0545,4.36564,-57.9453,-1.43538
11.6,58.9334,33.1012,4.33693,-17.9456,-1.34742
11.62,59.007,33.1466,4.30999,18.372,-1.26485
11.64,59.0802,33.1916,4.28469,44.528,-1.18735
11.66,59.1523,33.2375,4.26094,66.3937,-1.11459
11.68,59.2232,33.2844,4.23865,87.5817,-1.04629
11.7,59.2929,33.3323,4.21772,108.098,-0.982178
11.72,59.3613,33.3813,4.19808,126.161,-0.0619617
11.74,59.4287,33.4313,4.19684,148.993,-0.0581649
11.76,59.4952,33.4826,4.19568,171.309,-0.0546007
11.78,59.5607,33.535,4.19459,-166.9,-0.0512549
11.8,59.6262,33.5874,4.19356,-128.069,-0.0481142
11.82,59.6926,33.6386,4.1926,-88.7277,-0.0451659
11.84,59.7599,33.6886,4.1917,-48.887,-0.0423982
11.86,59.8281,33.7373,4.19085,-8.55635,-0.0398002
11.88,59.8968,33.7853,4.19005,25.7768,-0.0373614
11.9,59.9653,33.8337,4.1893,50.6314,-0.035072
11.92,60.0329,33.8831,4.1886,73.6295,-0.0329228
11.94,60.0996,33.9337,4.18794,96.1206,-0.0309054
11.96,60.1654,33.9855,4.18733,118.095,-0.0290116
11.98,60.2303,34.0385,4.18675,139.544,-0.0272339
12,60.2942,34.0927,4.1862,160.457,-0.0255651
12.02,60.3571,34.1479,4.18569,-179.174,-0.0239985
12.04,60.4199,34.2032,4.18521,-141.796,-0.0225279
12.06,60.4838,34.2573,4.18476,-103.88,-0.0211475
12.08,60.5486,34.3102,4.18434,-65.4376,-0.0198516
12.1,60.6144,34.362,4.18394,-26.4765,-0.0186352
12.12,60.6809,34.4127,4.18357,11.784,-0.0174933
12.14,60.7478,34.463,4.18322,-25.0605,2.17104
12.16,60.8151,34.5134,4.22664,14.7994,2.038
12.18,60.8833,34.564,4.2674,44.2803,1.91312
12.2,60.9515,34.616,4.30566,69.0008,1.79589
12.22,61.0192,34.6698,4.34158,93.4547,1.68584
12.24,61.0865,34.7252,4.37529,117.606,1.58254
12.26,61.1532,34.7823,4.40695,141.418,1.48556
12.28,61.2193,34.841,4.43666,164.859,1.39453
12.3,61.2847,34.9014,4.46455,-172.105,1.30908
12.32,61.3505,34.9622,4.49073,-130.85,1.22886
12.34,61.4178,35.022,4.51531,-88.7909,1.15356
12.36,61.4866,35.0808,4.53838,-45.9451,1.08288
12.38,61.5569,35.1386,4.56003,-2.33037,1.01652
12.4,61.6282,35.1958,4.58037,33.2057,0.95423
12.42,61.6992,35.254,4.59945,58.7176,0.895758
12.44,61.7693,35.3138,4.61737,83.761,0.840868
12.46,61.8385,35.3752,4.63418,108.31,0.789342
12.48,61.9067,35.4382,4.64997,132.338,0.740974
12.5,61.9739,35.5028,4.66479,155.822,0.695569
12.52,62.0399,35.5688,4.6787,178.737,0.652946
12.54,62.1048,35.6364,4.69176,77.7259,3.73295
12.56,62.1689,35.7058,4.75176,100.453,3.54912
12.58,62.2323,35.7774,4.81176,122.819,3.36529
12.6,62.295,35.8512,4.87176,144.786,3.18146
12.62,62.3569,35.9272,4.93176,166.315,2.99763
12.64,62.4179,36.0055,4.99171,-172.635,2.81394
12.66,62.4796,36.0847,5.04799,-131.264,2.64151
12.68,62.5437,36.1633,5.10082,-88.6678,2.47965
12.7,62.6102,36.2413,5.15041,-44.8647,2.3277
12.72,62.6791,36.3186,5.19697,0.124618,2.18506
12.74,62.7494,36.3958,5.24067,35.4207,2.05117
12.76,62.8193,36.4743,5.28169,60.1273,1.92548
12.78,62.888,36.5551,5.3202,84.2055,1.80749
12.8,62.9554,36.638,5.35635,-26.753,4.70141
12.82,63.0232,36.7217,5.41635,16.7808,4.51758
12.84,63.0921,36.806,5.47635,45.9099,4.33375
12.86,63.1602,36.8926,5.53635,69.4888,4.14991
12.88,63.2269,36.9816,5.59635,92.4259,3.96608
12.9,63.2923,37.0733,5.65635,114.673,3.78225
12.92,63.356,37.1674,5.71635,136.179,3.59842
12.94,63.4181,37.2642,5.77635,156.894,3.41459
12.96,63.4784,37.3634,5.83635,176.767,3.23076
12.98,63.5367,37.4652,5.89635,89.9614,5.18472
13,63.5931,37.5694,5.95635,107.332,5.00089
13.02,63.6473,37.6762,6.01635,123.717,4.81706
13.04,63.6993,37.7854,6.07635,139.063,4.63323
13.06,63.7489,37.897,6.13635,153.316,4.44939
13.08,63.7961,38.0109,6.19635,107.791,5.21841
13.1,63.8406,38.1272,6.25635,118.111,5.03458
13.12,63.8824,38.2458,6.31635,99.1004,5.12284
13.14,63.9213,38.3666,6.37635,105.126,4.93901
13.16,63.9572,38.4896,6.43635,98.7805,4.76027
13.18,63.9901,38.6146,6.49635,100.642,4.57644
13.2,64.0197,38.7418,6.55635,94.5281,4.40787
13.22,64.0461,38.8708,6.61635,92.3991,4.22404
13.24,64.0689,39.0018,6.67635,86.5578,4.05038
13.26,64.0882,39.1345,6.73635,80.6898,3.86655
13.28,64.1037,39.2689,6.79635,73.047,3.68272
13.3,64.1155,39.4049,6.85635,63.5786,3.49889
13.32,64.1233,39.5424,6.91635,53.7234,3.32014
13.34,64.1271,39.6813,6.97635,40.6265,3.13631
13.36,64.1267,39.8214,7.03635,25.559,2.95248
13.38,64.1225,39.9627,7.0954,14.5679,2.77156
13.4,64.1154,40.105,7.15083,4.62194,2.60173
13.42,64.107,40.2483,7.20287,-1.61771,2.4423
13.44,64.0984,40.3925,7.25171,-5.31891,2.29264
13.46,64.0901,40.5378,7.29757,-7.23521,2.15216
13.48,64.0827,40.684,7.34061,-3.93375,2.02028
13.5,64.076,40.8311,7.38101,-5.11242,1.89648
13.52,64.07,40.9789,7.41894,-5.49426,1.78027
13.54,64.0646,41.1276,7.45455,-5.37201,1.67118
13.56,64.06,41.2769,7.48797,-3.07453,1.56878
13.58,64.056,41.427,7.51935,-3.07554,1.47265
13.6,64.0525,41.5776,7.5488,-2.87599,1.38241
13.62,64.0494,41.7288,7.57645,-2.82255,1.2977
13.64,64.0466,41.8806,7.6024,-2.3282,1.21818
13.66,64.0443,42.0329,7.62677,-1.88408,1.14353
13.68,64.0423,42.1856,7.64964,-1.49861,1.07346
13.7,64.0405,42.3388,7.67111,-3.33655,1.00768
13.72,64.0391,42.4924,7.69126,-2.30382,0.945932
13.74,64.0381,42.6464,7.71018,-1.54811,0.887968
13.76,64.0374,42.8008,7.72794,-5.15928,0.833556
13.78,64.0372,42.9555,7.74461,-3.34359,0.782478
13.8,64.0377,43.1106,7.76026,-6.7302,0.73453
13.82,64.039,43.2659,7.77495,-4.40387,0.68952
13.84,64.0411,43.4216,7.78874,-2.76633,0.647268
13.86,64.0438,43.5774,7.80169,-4.54422,0.607606
13.88,64.0471,43.7336,7.81384,-2.81366,0.570373
13.9,64.051,43.8899,7.82525,2.87265,0.476375
13.92,64.0549,44.0464,7.83477,1.64478,0.447184
13.94,64.0584,44.2032,7.84372,0.826339,0.419782
13.96,64.0618,44.3601,7.85211,0.299754,0.394059
13.98,64.065,44.5172,7.85999,13.9145,0.203537
14,64.0671,44.6744,7.86406,7.5411,0.191065
14.02,64.0675,44.8317,7.86789,3.46665,0.179357
14.04,64.067,44.9891,7.87147,0.912705,0.168366
14.06,64.0661,45.1466,7.87484,21.5913,-0.115653
14.08,64.0633,45.304,7.87253,10.7026,-0.108566
14.1,64.0579,45.4614,7.87036,4.14297,-0.101914
14.12,64.0512,45.6186,7.86832,0.163297,-0.0956686
14.14,64.0442,45.7758,7.8664,17.1484,-0.293694
14.16,64.0358,45.9329,7.86053,8.35772,-0.275697
14.18,64.0253,46.0897,7.85502,2.95554,-0.258804
14.2,64.0139,46.2463,7.84984,-0.307438,-0.242945
14.22,64.0023,46.4028,7.84498,87.7013,-7.93962
14.24,63.9883,46.5575,7.68619,30.5599,-7.4531
14.26,63.9696,46.7086,7.53713,-27.4516,-6.9964
14.28,63.9509,46.8567,7.3972,-55.9514,-6.56768
14.3,63.937,47.0027,7.26585,-80.6852,-6.16523
14.32,63.9278,47.1465,7.14254,-103.165,-5.78744
14.34,63.9231,47.2881,7.02679,-123.474,-5.4328
14.36,63.9226,47.4275,6.91814,-141.689,-5.0999
14.38,63.9262,47.5648,6.81614,-157.883,-4.78739
14.4,63.9337,47.7,6.72039,-172.122,-4.49403
14.42,63.9449,47.833,6.63051,175.53,-4.21865
14.44,63.956,47.9643,6.54614,136.848,-3.96014
14.46,63.9634,48.0942,6.46693,140.159,-4.27005
14.48,63.967,48.2226,6.38153,105.091,-4.00839
14.5,63.9672,48.3495,6.30136,68.9036,-3.76277
14.52,63.964,48.4747,6.22611,31.6437,-3.5322
14.54,63.9575,48.5983,6.15547,-6.64545,-3.31576
14.56,63.9498,48.7205,6.08915,-30.2584,-3.11258
14.58,63.9441,48.8416,6.0269,-43.0444,-2.92185
14.6,63.9415,48.9615,5.96846,-54.3282,-2.7428
14.62,63.942,49.0803,5.91361,-64.1416,-2.57473
14.64,63.9455,49.198,5.86211,-72.514,-2.41696
14.66,63.9518,49.3146,5.81377,-79.4728,-2.26886
14.68,63.961,49.43,5.76839,-85.0432,-2.12983
14.7,63.973,49.5444,5.7258,-89.2489,-1.99932
14.72,63.9876,49.6575,5.68581,-134.386,-0.523555
14.74,64.0049,49.7698,5.67534,-131.837,-0.491473
14.76,64.0249,49.8814,5.66551,-127.984,-0.461357
14.78,64.0476,49.9924,5.65628,-122.828,-0.433087
14.8,64.0729,50.1025,5.64762,-116.372,-0.406548
14.82,64.1008,50.2119,5.63949,-108.618,-0.381636
14.84,64.1313,50.3204,5.63186,-99.5688,-0.358251
14.86,64.1644,50.428,5.62469,-89.2282,-0.336298
14.88,64.2,50.5346,5.61797,-77.5994,-0.315691
14.9,64.2381,50.6403,5.61165,-64.6865,-0.296346
14.92,64.2787,50.7448,5.60573,-142.499,2.06395
14.94,64.3219,50.8487,5.64701,-124.932,1.93748
14.96,64.368,50.9523,5.68576,-105.966,1.81875
14.98,64.4168,51.0553,5.72213,-85.5884,1.70731
15,64.4685,51.1578,5.75628,-63.7882,1.60269
15.02,64.5231,51.2596,5.78833,-40.5566,1.50448
15.04,64.5804,51.3605,5.81842,-15.887,1.41229
15.06,64.6399,51.4608,5.84667,3.99476,1.32575
15.08,64.7002,51.5613,5.87318,-58.5972,3.00745
15.1,64.762,51.6619,5.93318,-31.4342,2.82362
15.12,64.827,51.7619,5.98965,-2.6719,2.6506
15.14,64.894,51.8618,6.04266,16.127,2.48818
15.16,64.9609,51.963,6.09243,27.8139,2.33571
15.18,65.0266,52.0662,6.13914,16.4755,2.34434
15.2,65.0908,52.1714,6.18603,25.0824,2.20069
15.22,65.1535,52.2786,6.23004,29.1212,2.06583
15.24,65.2142,52.3879,6.27136,-151.775,3.42348
15.26,65.2754,52.498,6.33136,-139.772,3.23965
15.28,65.3402,52.6075,6.39136,-126.094,3.05581
15.3,65.4085,52.7162,6.45136,24.8106,3.95516
15.32,65.4779,52.8258,6.51136,14.6314,3.77133
15.34,65.5459,52.9375,6.57136,8.82976,3.5875
15.36,65.6134,53.051,6.63136,5.34598,3.40367
15.38,65.6808,53.1659,6.69136,3.22828,3.21984
15.4,65.7484,53.2821,6.75136,1.94033,3.036
15.42,65.8163,53.3995,6.81136,1.15984,2.85217
15.44,65.8847,53.518,6.8684,0.689384,2.6774
15.46,65.9535,53.6375,6.92195,0.407521,2.51334
15.48,66.0227,53.758,6.97222,0.239652,2.35933
15.5,66.0925,53.8793,7.0194,0.140241,2.21475
15.52,66.1626,54.0014,7.0637,0.0816873,2.07904
15.54,66.2332,54.1242,7.10528,0.047373,1.95164
15.56,66.3041,54.2478,7.14431,0.0273599,1.83205
15.58,66.3755,54.372,7.18095,0.0157401,1.71979
15.6,66.4472,54.4969,7.21535,0.00902212,1.6144
15.62,66.5192,54.6223,7.24764,0.00515357,1.51548
15.64,66.5915,54.7483,7.27795,0.00293424,1.42261
15.66,66.6641,54.8748,7.3064,0.00166552,1.33544
15.68,66.737,55.0017,7.33311,0.000942657,1.25361
15.7,66.8102,55.1291,7.35818,0.00053208,1.17679
15.72,66.8835,55.257,7.38172,0.000299564,1.10468
15.74,66.9572,55.3852,7.40381,0.000168251,1.03699
15.76,67.031,55.5138,7.42455,9.42852e-05,0.973445
15.78,67.105,55.6427,7.44402,5.27235e-05,0.913795
15.8,67.1793,55.772,7.46229,2.94235e-05,0.8578
15.82,67.2537,55.9016,7.47945,1.63895e-05,0.805236
15.84,67.3282,56.0314,7.49556,9.11316e-06,0.755894
15.86,67.4029,56.1616,7.51067,5.05881e-06,0.709575
15.88,67.4778,56.292,7.52486,2.8038e-06,0.666094
15.9,67.5528,56.4226,7.53819,1.55169e-06,0.625278
15.92,67.6279,56.5534,7.55069,8.57559e-07,0.586962
15.94,67.7032,56.6845,7.56243,4.73322e-07,0.550995
15.96,67.7785,56.8158,7.57345,2.60926e-07,0.517232
15.98,67.854,56.9472,7.5838,1.43675e-07,0.485537
16,67.9296,57.0788,7.59351,7.90265e-08,0.455785
16.02,68.0053,57.2106,7.60262,4.34235e-08,0.427856
16.04,68.081,57.3426,7.61118,2.38376e-08,0.401638
16.06,68.1568,57.4746,7.61921,1.30741e-08,0.377027
16.08,68.2328,57.6069,7.62675,7.16468e-09,0.353923
16.1,68.3087,57.7392,7.63383,3.92319e-09,0.332236
16.12,68.3848,57.8717,7.64048,2.14664e-09,0.311878
16.14,68.4609,58.0042,7.64671,1.17378e-09,0.292767
16.16,68.5371,58.1369,7.65257,6.41378e-10,0.274827
16.18,68.6133,58.2697,7.65807,3.50224e-10,0.257986
16.2,68.6896,58.4026,7.66323,1.91155e-10,0.242177
16.22,68.7659,58.5355,7.66807,1.04287e-10,0.227337
16.24,68.8423,58.6686,7.67262,5.68309e-11,0.213407
16.26,68.9188,58.8017,7.67688,3.09639e-11,0.20033
16.28,68.9952,58.9349,7.68089,1.69106e-11,0.188054
16.3,69.0717,59.0681,7.68465,9.17073e-12,0.176531
16.32,69.1483,59.2014,7.68818,4.99546e-12,0.165714
16.34,69.2249,59.3348,7.6915,2.75516e-12,0.155559
16.36,69.3015,59.4682,7.69461,1.53303e-12,0.146027
16.38,69.3781,59.6017,7.69753,8.20186e-13,0.137079
16.4,69.4548,59.7353,7.70027,4.12677e-13,0.128679
16.42,69.5315,59.8688,7.70284,2.09121e-13,0.120794
16.44,69.6082,60.0025,7.70526,1.07344e-13,0.113392
16.46,69.6849,60.1361,7.70753,1.07344e-13,0.106444
16.48,69.7617,60.2698,7.70966,1.07344e-13,0.099921
16.5,69.8385,60.4036,7.71165,1.07344e-13,0.0937982
16.52,69.9153,60.5373,7.71353,1.07344e-13,0.0880505
16.54,69.9921,60.6711,7.71529,1.07344e-13,0.082655
16.56,70.0689,60.805,7.71694,1.07344e-13,0.0775901
16.58,70.1458,60.9388,7.7185,1.07344e-13,0.0728356
16.6,70.2227,61.0727,7.71995,1.07344e-13,0.0683725
16.62,70.2996,61.2066,7.72132,1.07344e-13,0.0641828
16.64,70.3765,61.3406,7.7226,1.07344e-13,0.0602499
16.66,70.4534,61.4745,7.72381,1.07344e-13,0.0565579
16.68,70.5303,61.6085,7.72494,1.07344e-13,0.0530922
16.7,70.6072,61.7425,7.726,1.07344e-13,0.0498389
16.72,70.6842,61.8765,7.727,1.07344e-13,0.0467849
16.74,70.7611,62.0105,7.72793,1.07344e-13,0.043918
16.76,70.8381,62.1446,7.72881,1.07344e-13,0.0412269
16.78,70.9151,62.2786,7.72964,1.07344e-13,0.0387006
16.8,70.992,62.4127,7.73041,1.07344e-13,0.0363291
16.82,71.069,62.5468,7.73114,1.07344e-13,0.034103
16.84,71.146,62.6809,7.73182,1.07344e-13,0.0320133
16.86,71.223,62.815,7.73246,1.07344e-13,0.0300516
16.88,71.3,62.9491,7.73306,1.07344e-13,0.0282101
16.9,71.377,63.0833,7.73363,1.07344e-13,0.0264815
16.92,71.454,63.2174,7.73415,1.07344e-13,0.0248588
16.94,71.5311,63.3515,7.73465,1.07344e-13,0.0233355
16.96,71.6081,63.4857,7.73512,1.07344e-13,0.0219055
16.98,71.6851,63.6199,7.73556,1.07344e-13,0.0205632
17,71.7622,63.754,7.73597,1.07344e-13,0.0193032
17.02,71.8392,63.8882,7.73635,1.07344e-13,0.0181203
17.04,71.9162,64.0224,7.73672,1.07344e-13,0.01701
17.06,71.9933,64.1566,7.73706,1.07344e-13,0.0159677
17.08,72.0703,64.2908,7.73738,1.07344e-13,0.0149892
17.1,72.1474,64.425,7.73768,1.07344e-13,0.0140707
17.12,72.2244,64.5592,7.73796,1.07344e-13,0.0132085
17.14,72.3015,64.6934,7.73822,1.07344e-13,0.0123991
17.16,72.3786,64.8276,7.73847,1.07344e-13,0.0116393
17.18,72.4556,64.9619,7.7387,1.07344e-13,0.0109261
17.2,72.5327,65.0961,7.73892,1.07344e-13,0.0102566
17.22,72.6098,65.2303,7.73913,1.07344e-13,0.00962809
17.24,72.6868,65.3645,7.73932,1.07344e-13,0.00903811
17.26,72.7639,65.4988,7.7395,1.07344e-13,0.00848428
17.28,72.841,65.633,7.73967,1.07344e-13,0.00796438
17.3,72.9181,65.7673,7.73983,1.07344e-13,0.00747635
17.32,72.9951,65.9015,7.73998,1.07344e-13,0.00701822
17.34,73.0722,66.0358,7.74012,1.07344e-13,0.00658816
17.36,73.1493,66.17,7.74025,1.07344e-13,0.00618446
17.38,73.2264,66.3043,7.74037,1.07344e-13,0.00580549
17.4,73.3034,66.4385,7.74049,1.07344e-13,0.00544975
17.42,73.3805,66.5728,7.7406,1.07344e-13,0.0051158
17.44,73.4576,66.707,7.7407,1.07344e-13,0.00480232
17.46,73.5347,66.8413,7.7408,1.07344e-13,0.00450805
17.48,73.6118,66.9755,7.74089,1.07344e-13,0.00423181
17.5,73.6889,67.1098,7.74097,1.07344e-13,0.0039725
17.52,73.766,67.2441,7.74105,1.07344e-13,0.00372907
17.54,73.843,67.3783,7.74113,1.07344e-13,0.00350057
17.56,73.9201,67.5126,7.7412,1.07344e-13,0.00328606
17.58,73.9972,67.6469,7.74126,1.07344e-13,0.0030847
17.6,74.0743,67.7811,7.74132,1.07344e-13,0.00289568
17.62,74.1514,67.9154,7.74138,1.07344e-13,0.00271824
17.64,74.2285,68.0497,7.74144,1.07344e-13,0.00255167
17.66,74.3056,68.184,7.74149,1.07344e-13,0.00239531
17.68,74.3827,68.3182,7.74153,1.07344e-13,0.00224854
17.7,74.4598,68.4525,7.74158,1.07344e-13,0.00211075
17.72,74.5369,68.5868,7.74162,1.07344e-13,0.00198141
17.74,74.614,68.721,7.74166,1.07344e-13,0.00186
17.76,74.6911,68.8553,7.7417,1.07344e-13,0.00174602
17.78,74.7682,68.9896,7.74173,1.07344e-13,0.00163903
17.8,74.8453,69.1239,7.74177,1.07344e-13,0.00153859
17.82,74.9223,69.2582,7.7418,1.07344e-13,0.00144431
17.84,74.9994,69.3924,7.74183,1.07344e-13,0.00135581
17.86,75.0765,69.5267,7.74185,1.07344e-13,0.00127273
17.88,75.1536,69.661,7.74188,1.07344e-13,0.00119474
17.9,75.2307,69.7953,7.7419,1.07344e-13,0.00112153
17.92,75.3078,69.9295,7.74192,1.07344e-13,0.00105281
17.94,75.3849,70.0638,7.74195,1.07344e-13,0.000988293
17.96,75.462,70.1981,7.74197,1.07344e-13,0.000927733
17.98,75.5391,70.3324,7.74198,1.07344e-13,0.000870884
18,75.6162,70.4667,7.742,1.07344e-13,0.000817519
18.02,75.6933,70.6009,7.74202,1.07344e-13,0.000767424
18.04,75.7704,70.7352,7.74203,1.07344e-13,0.000720398
18.06,75.8475,70.8695,7.74205,1.07344e-13,0.000676254
18.08,75.9246,71.0038,7.74206,1.07344e-13,0.000634815
18.1,76.0017,71.1381,7.74207,1.07344e-13,0.000595916
18.12,76.0788,71.2724,7.74209,1.07344e-13,0.0005594
18.14,76.1559,71.4066,7.7421,1.07344e-13,0.000525121
18.16,76.233,71.5409,7.74211,1.07344e-13,0.000492943
18.18,76.3101,71.6752,7.74212,1.07344e-13,0.000462737
18.2,76.3872,71.8095,7.74213,1.07344e-13,0.000434382
18.22,76.4643,71.9438,7.74214,1.07344e-13,0.000407764
18.24,76.5414,72.0781,7.74214,1.07344e-13,0.000382778
18.26,76.6185,72.2123,7.74215,1.07344e-13,0.000359322
18.28,76.6956,72.3466,7.74216,1.07344e-13,0.000337304
18.3,76.7727,72.4809,7.74217,1.07344e-13,0.000316635
18.32,76.8498,72.6152,7.74217,1.07344e-13,0.000297232
18.34,76.9269,72.7495,7.74218,1.07344e-13,0.000279019
18.36,77.004,72.8838,7.74218,1.07344e-13,0.000261921
18.38,77.0811,73.018,7.74219,1.07344e-13,0.000245871
18.4,77.1582,73.1523,7.74219,1.07344e-13,0.000230805
18.42,77.2353,73.2866,7.7422,1.07344e-13,0.000216662
18.44,77.3124,73.4209,7.7422,1.07344e-13,0.000203386
18.46,77.3895,73.5552,7.74221,1.07344e-13,0.000190923
18.48,77.4666,73.6895,7.74221,1.07344e-13,0.000179224
18.5,77.5437,73.8238,7.74221,1.07344e-13,0.000168241
18.52,77.6208,73.958,7.74222,1.07344e-13,0.000157932
18.54,77.6979,74.0923,7.74222,1.07344e-13,0.000148254
18.56,77.775,74.2266,7.74222,1.07344e-13,0.00013917
18.58,77.8521,74.3609,7.74223,1.07344e-13,0.000130642
18.6,77.9292,74.4952,7.74223,1.07344e-13,0.000122636
18.62,78.0063,74.6295,7.74223,1.07344e-13,0.000115122
18.64,78.0834,74.7637,7.74223,1.07344e-13,0.000108067
18.66,78.1605,74.898,7.74224,1.07344e-13,0.000101445
18.68,78.2376,75.0323,7.74224,1.07344e-13,9.52289e-05
18.7,78.3147,75.1666,7.74224,1.07344e-13,8.93936e-05
18.72,78.3918,75.3009,7.74224,1.07344e-13,8.39158e-05
18.74,78.4689,75.4352,7.74224,1.07344e-13,7.87737e-05
18.76,78.546,75.5695,7.74224,1.07344e-13,7.39466e-05
18.78,78.6231,75.7037,7.74225,1.07344e-13,6.94154e-05
18.8,78.7002,75.838,7.74225,1.07344e-13,6.51618e-05
18.82,78.7773,75.9723,7.74225,1.07344e-13,6.11689e-05
18.84,78.8544,76.1066,7.74225,1.07344e-13,5.74206e-05
18.86,78.9315,76.2409,7.74225,1.07344e-13,5.39021e-05
18.88,79.0086,76.3752,7.74225,1.07344e-13,5.05991e-05
18.9,79.0857,76.5095,7.74225,1.07344e-13,4.74985e-05
18.92,79.1628,76.6437,7.74225,1.07344e-13,4.45879e-05
18.94,79.2399,76.778,7.74225,1.07344e-13,4.18557e-05
18.96,79.317,76.9123,7.74226,1.07344e-13,3.92909e-05
18.98,79.3941,77.0466,7.74226,1.07344e-13,3.68833e-05
19,79.4712,77.1809,7.74226,1.07344e-13,3.46232e-05
19.02,79.5483,77.3152,7.74226,1.07344e-13,3.25016e-05
19.04,79.6254,77.4495,7.74226,1.07344e-13,3.051e-05
19.06,79.7025,77.5837,7.74226,1.07344e-13,2.86404e-05
19.08,79.7796,77.718,7.74226,1.07344e-13,2.68854e-05
19.1,79.8567,77.8523,7.74226,1.07344e-13,2.52379e-05
19.12,79.9338,77.9866,7.74226,1.07344e-13,2.36914e-05
19.14,80.0109,78.1209,7.74226,1.07344e-13,2.22397e-05
19.16,80.088,78.2552,7.74226,1.07344e-13,2.08769e-05
19.18,80.1651,78.3895,7.74226,1.07344e-13,1.95976e-05
19.2,80.2422,78.5237,7.74226,1.07344e-13,1.83967e-05
19.22,80.3193,78.658,7.74226,1.07344e-13,1.72694e-05
19.24,80.3964,78.7923,7.74226,1.07344e-13,1.62112e-05
19.26,80.4735,78.9266,7.74226,1.07344e-13,1.52178e-05
19.28,80.5506,79.0609,7.74226,1.07344e-13,1.42853e-05
19.3,80.6277,79.1952,7.74226,1.07344e-13,1.341e-05
19.32,80.7048,79.3295,7.74226,1.07344e-13,1.25882e-05
19.34,80.7819,79.4637,7.74226,1.07344e-13,1.18169e-05
19.36,80.859,79.598,7.74226,1.07344e-13,1.10928e-05
19.38,80.9361,79.7323,7.74227,1.07344e-13,1.0413e-05
19.4,81.0132,79.8666,7.74227,1.07344e-13,9.77495e-06
19.42,81.0903,80.0009,7.74227,1.07344e-13,9.17597e-06
19.44,81.1674,80.1352,7.74227,1.07344e-13,8.61369e-06
19.46,81.2445,80.2695,7.74227,1.07344e-13,8.08587e-06
19.48,81.3216,80.4037,7.74227,1.07344e-13,7.59039e-06
19.5,81.3987,80.538,7.74227,1.07344e-13,7.12527e-06
19.52,81.4758,80.6723,7.74227,1.07344e-13,6.68866e-06
19.54,81.5529,80.8066,7.74227,1.07344e-13,6.27879e-06
19.56,81.63,80.9409,7.74227,1.07344e-13,5.89405e-06
19.58,81.7071,81.0752,7.74227,1.07344e-13,5.53288e-06
19.6,81.7842,81.2094,7.74227,1.07344e-13,5.19384e-06
19.62,81.8613,81.3437,7.74227,1.07344e-13,4.87557e-06
19.64,81.9384,81.478,7.74227,1.07344e-13,4.57681e-06
19.66,82.0155,81.6123,7.74227,1.07344e-13,4.29636e-06
19.68,82.0926,81.7466,7.74227,1.07344e-13,4.03309e-06
19.7,82.1697,81.8809,7.74227,1.07344e-13,3.78595e-06
19.72,82.2468,82.0152,7.74227,1.07344e-13,3.55396e-06
19.74,82.3239,82.1494,7.74227,1.07344e-13,3.33618e-06
19.76,82.401,82.2837,7.74227,1.07344e-13,3.13175e-06
19.78,82.4781,82.418,7.74227,1.07344e-13,2.93985e-06
19.8,82.5552,82.5523,7.74227,1.07344e-13,2.7597e-06
19.82,82.6323,82.6866,7.74227,1.07344e-13,2.5906e-06
19.84,82.7094,82.8209,7.74227,1.07344e-13,2.43185e-06
19.86,82.7865,82.9552,7.74227,1.07344e-13,2.28283e-06
19.88,82.8636,83.0894,7.74227,1.07344e-13,2.14295e-06
19.9,82.9407,83.2237,7.74227,1.07344e-13,2.01163e-06
19.92,83.0178,83.358,7.74227,1.07344e-13,1.88837e-06
19.94,83.0949,83.4923,7.74227,1.07344e-13,1.77265e-06
19.96,83.172,83.6266,7.74227,1.07344e-13,1.66403e-06
19.98,83.2491,83.7609,7.74227,1.07344e-13,1.56206e-06
20,83.3262,83.8952,7.74227,1.07344e-13,1.46634e-06
20.02,83.4033,84.0294,7.74227,1.07344e-13,1.37649e-06
20.04,83.4804,84.1637,7.74227,1.07344e-13,1.29214e-06
20.06,83.5575,84.298,7.74227,1.07344e-13,1.21296e-06
20.08,83.6346,84.4323,7.74227,1.07344e-13,1.13864e-06
20.1,83.7117,84.5666,7.74227,1.07344e-13,1.06887e-06
20.12,83.7888,84.7009,7.74227,1.07344e-13,1.00337e-06
20.14,83.8659,84.8352,7.74227,1.07344e-13,9.41885e-07
20.16,83.943,84.9694,7.74227,1.07344e-13,8.84169e-07
20.18,84.0201,85.1037,7.74227,1.07344e-13,8.29989e-07
20.2,84.0972,85.238,7.74227,1.07344e-13,7.7913e-07
20.22,84.1743,85.3723,7.74227,1.07344e-13,7.31387e-07
20.24,84.2514,85.5066,7.74227,1.07344e-13,6.8657e-07
20.26,84.3285,85.6409,7.74227,1.07344e-13,6.44499e-07
20.28,84.4056,85.7752,7.74227,1.07344e-13,6.05006e-07
20.3,84.4827,85.9094,7.74227,1.07344e-13,5.67933e-07
20.32,84.5598,86.0437,7.74227,1.07344e-13,5.33131e-07
20.34,84.6369,86.178,7.74227,1.07344e-13,5.00462e-07
20.36,84.714,86.3123,7.74227,1.07344e-13,4.69796e-07
20.38,84.7911,86.4466,7.74227,1.07344e-13,4.41008e-07
20.4,84.8682,86.5809,7.74227,1.07344e-13,4.13984e-07
20.42,84.9453,86.7152,7.74227,1.07344e-13,3.88616e-07
20.44,85.0224,86.8494,7.74227,1.07344e-13,3.64803e-07
20.46,85.0995,86.9837,7.74227,1.07344e-13,3.42449e-07
20.48,85.1766,87.118,7.74227,1.07344e-13,3.21465e-07
20.5,85.2537,87.2523,7.74227,1.07344e-13,3.01766e-07
20.52,85.3308,87.3866,7.74227,1.07344e-13,2.83275e-07
20.54,85.4079,87.5209,7.74227,1.07344e-13,2.65917e-07
20.56,85.485,87.6552,7.74227,1.07344e-13,2.49622e-07
20.58,85.5621,87.7894,7.74227,1.07344e-13,2.34326e-07
20.6,85.6392,87.9237,7.74227,1.07344e-13,2.19967e-07
20.62,85.7163,88.058,7.74227,1.07344e-13,2.06488e-07
20.64,85.7934,88.1923,7.74227,1.07344e-13,1.93835e-07
20.66,85.8705,88.3266,7.74227,1.07344e-13,1.81957e-07
20.68,85.9476,88.4609,7.74227,1.07344e-13,1.70808e-07
20.7,86.0247,88.5952,7.74227,1.07344e-13,1.60341e-07
20.72,86.1018,88.7294,7.74227,1.07344e-13,1.50516e-07
20.74,86.1789,88.8637,7.74227,1.07344e-13,1.41293e-07
20.76,86.256,88.998,7.74227,1.07344e-13,1.32635e-07
20.78,86.3331,89.1323,7.74227,1.07344e-13,1.24507e-07
20.8,86.4102,89.2666,7.74227,1.07344e-13,1.16878e-07
20.82,86.4873,89.4009,7.74227,1.07344e-13,1.09716e-07
20.84,86.5644,89.5352,7.74227,1.07344e-13,1.02993e-07
20.86,86.6415,89.6694,7.74227,1.07344e-13,9.66815e-08
20.88,86.7186,89.8037,7.74227,1.07344e-13,9.07571e-08
20.9,86.7957,89.938,7.74227,1.07344e-13,8.51958e-08
20.92,86.8728,90.0723,7.74227,1.07344e-13,7.99752e-08
20.94,86.9499,90.2066,7.74227,1.07344e-13,7.50746e-08
20.96,87.027,90.3409,7.74227,1.07344e-13,7.04742e-08
20.98,87.1041,90.4752,7.74227,1.07344e-13,6.61558e-08
21,87.1812,90.6094,7.74227,1.07344e-13,6.21019e-08
21.02,87.2583,90.7437,7.74227,1.07344e-13,5.82965e-08
21.04,87.3354,90.878,7.74227,1.07344e-13,5.47243e-08
21.06,87.4125,91.0123,7.74227,1.07344e-13,5.13709e-08
21.08,87.4896,91.1466,7.74227,1.07344e-13,4.8223e-08
21.1,87.5667,91.2809,7.74227,1.07344e-13,4.52681e-08
21.12,87.6438,91.4152,7.74227,1.07344e-13,4.24942e-08
21.14,87.7209,91.5494,7.74227,1.07344e-13,3.98903e-08
21.16,87.798,91.6837,7.74227,1.07344e-13,3.74459e-08
21.18,87.8751,91.818,7.74227,1.07344e-13,3.51513e-08
21.2,87.9522,91.9523,7.74227,1.07344e-13,3.29973e-08
21.22,88.0293,92.0866,7.74227,1.07344e-13,3.09754e-08
21.24,88.1064,92.2209,7.74227,1.07344e-13,2.90773e-08
21.26,88.1835,92.3552,7.74227,1.07344e-13,2.72955e-08
21.28,88.2606,92.4894,7.74227,1.07344e-13,2.56229e-08
21.3,88.3377,92.6237,7.74227,1.07344e-13,2.40528e-08
21.32,88.4148,92.758,7.74227,1.07344e-13,2.25789e-08
21.34,88.4919,92.8923,7.74227,1.07344e-13,2.11954e-08
21.36,88.569,93.0266,7.74227,1.07344e-13,1.98966e-08
21.38,88.6461,93.1609,7.74227,1.07344e-13,1.86774e-08
21.4,88.7232,93.2952,7.74227,1.07344e-13,1.75329e-08
21.42,88.8003,93.4294,7.74227,1.07344e-13,1.64585e-08
21.44,88.8774,93.5637,7.74227,1.07344e-13,1.545e-08
21.46,88.9545,93.698,7.74227,1.07344e-13,1.45032e-08
21.48,89.0316,93.8323,7.74227,1.07344e-13,1.36145e-08
21.5,89.1087,93.9666,7.74227,1.07344e-13,1.27803e-08
21.52,89.1858,94.1009,7.74227,1.07344e-13,1.19971e-08
21.54,89.2629,94.2352,7.74227,1.07344e-13,1.1262e-08
21.56,89.34,94.3694,7.74227,1.07344e-13,1.05719e-08
21.58,89.4171,94.5037,7.74227,1.07344e-13,9.92406e-09
21.6,89.4942,94.638,7.74227,1.07344e-13,9.31594e-09
21.62,89.5713,94.7723,7.74227,1.07344e-13,8.74508e-09
21.64,89.6484,94.9066,7.74227,1.07344e-13,8.20921e-09
21.66,89.7255,95.0409,7.74227,1.07344e-13,7.70617e-09
21.68,89.8026,95.1752,7.74227,1.07344e-13,7.23396e-09
21.7,89.8797,95.3094,7.74227,1.07344e-13,6.79068e-09
21.72,89.9568,95.4437,7.74227,1.07344e-13,6.37457e-09
21.74,90.0339,95.578,7.74227,1.07344e-13,5.98395e-09
21.76,90.111,95.7123,7.74227,1.07344e-13,5.61727e-09
21.78,90.1881,95.8466,7.74227,1.07344e-13,5.27306e-09
21.8,90.2652,95.9809,7.74227,1.07344e-13,4.94994e-09
21.82,90.3423,96.1152,7.74227,1.07344e-13,4.64662e-09
21.84,90.4194,96.2494,7.74227,1.07344e-13,4.36189e-09
21.86,90.4965,96.3837,7.74227,1.07344e-13,4.0946e-09
21.88,90.5736,96.518,7.74227,1.07344e-13,3.8437e-09
21.9,90.6507,96.6523,7.74227,1.07344e-13,3.60817e-09
21.92,90.7278,96.7866,7.74227,1.07344e-13,3.38707e-09
21.94,90.8049,96.9209,7.74227,1.07344e-13,3.17952e-09
21.96,90.882,97.0552,7.74227,1.07344e-13,2.98469e-09
21.98,90.9591,97.1894,7.74227,1.07344e-13,2.8018e-09
22,91.0362,97.3237,7.74227,1.07344e-13,2.63011e-09
22.02,91.1133,97.458,7.74227,1.07344e-13,2.46894e-09
22.04,91.1904,97.5923,7.74227,1.07344e-13,2.31765e-09
22.06,91.2675,97.7266,7.74227,1.07344e-13,2.17563e-09
22.08,91.3446,97.8609,7.74227,1.07344e-13,2.04232e-09
22.1,91.4217,97.9952,7.74227,1.07344e-13,1.91717e-09
22.12,91.4988,98.1294,7.74227,1.07344e-13,1.79969e-09
22.14,91.5759,98.2637,7.74227,1.07344e-13,1.68941e-09
22.16,91.653,98.398,7.74227,1.07344e-13,1.58589e-09
22.18,91.7301,98.5323,7.74227,1.07344e-13,1.48871e-09
22.2,91.8072,98.6666,7.74227,1.07344e-13,1.39749e-09
22.22,91.8843,98.8009,7.74227,1.07344e-13,1.31185e-09
22.24,91.9614,98.9352,7.74227,1.07344e-13,1.23146e-09
22.26,92.0385,99.0694,7.74227,1.07344e-13,1.156e-09
22.28,92.1156,99.2037,7.74227,1.07344e-13,1.08517e-09
22.3,92.1927,99.338,7.74227,1.07344e-13,1.01867e-09
22.32,92.2698,99.4723,7.74227,1.07344e-13,9.56251e-10
22.34,92.3469,99.6066,7.74227,1.07344e-13,8.97654e-10
22.36,92.424,99.7409,7.74227,1.07344e-13,8.4265e-10
22.38,92.5011,99.8752,7.74227,1.07344e-13,7.91014e-10
22.4,92.5782,100.009,7.74227,1.07344e-13,7.42543e-10
22.42,92.6553,100.144,7.74227,1.07344e-13,6.97041e-10
22.44,92.7324,100.278,7.74227,1.07344e-13,6.54328e-10
22.46,92.8095,100.412,7.74227,1.07344e-13,6.14233e-10
22.48,92.8866,100.547,7.74227,1.07344e-13,5.76595e-10
22.5,92.9637,100.681,7.74227,1.07344e-13,5.41263e-10
22.52,93.0408,100.815,7.74227,1.07344e-13,5.08096e-10
22.54,93.1179,100.949,7.74227,1.07344e-13,4.76962e-10
22.56,93.195,101.084,7.74227,1.07344e-13,4.47736e-10
22.58,93.2721,101.218,7.74227,1.07344e-13,4.203e-10
22.6,93.3492,101.352,7.74227,1.07344e-13,3.94546e-10
22.62,93.4263,101.487,7.74227,1.07344e-13,3.70371e-10
22.64,93.5034,101.621,7.74227,1.07344e-13,3.47675e-10
22.66,93.5805,101.755,7.74227,1.07344e-13,3.26371e-10
22.68,93.6576,101.889,7.74227,1.07344e-13,3.06372e-10
22.7,93.7347,102.024,7.74227,1.07344e-13,2.87598e-10
22.72,93.8118,102.158,7.74227,1.07344e-13,2.69976e-10
22.74,93.8889,102.292,7.74227,1.07344e-13,2.53433e-10
22.76,93.966,102.427,7.74227,1.07344e-13,2.37903e-10
22.78,94.0431,102.561,7.74227,1.07344e-13,2.23325e-10
22.8,94.1202,102.695,7.74227,1.07344e-13,2.0964e-10
22.82,94.1973,102.829,7.74227,1.07344e-13,1.96793e-10
22.84,94.2744,102.964,7.74227,1.07344e-13,1.84735e-10
22.86,94.3515,103.098,7.74227,1.07344e-13,1.73415e-10
22.88,94.4286,103.232,7.74227,1.07344e-13,1.62788e-10
22.9,94.5057,103.367,7.74227,1.07344e-13,1.52812e-10
22.92,94.5828,103.501,7.74227,1.07344e-13,1.43448e-10
22.94,94.6599,103.635,7.74227,1.07344e-13,1.34658e-10
22.96,94.737,103.769,7.74227,1.07344e-13,1.26408e-10
22.98,94.8141,103.904,7.74227,1.07344e-13,1.18663e-10
23,94.8912,104.038,7.74227,1.07344e-13,1.11392e-10
23.02,94.9683,104.172,7.74227,1.07344e-13,1.04567e-10
23.04,95.0454,104.307,7.74227,1.07344e-13,9.81583e-11
23.06,95.1225,104.441,7.74227,1.07344e-13,9.21443e-11
23.08,95.1996,104.575,7.74227,1.07344e-13,8.64977e-11
23.1,95.2767,104.709,7.74227,1.07344e-13,8.11967e-11
23.12,95.3538,104.844,7.74227,1.07344e-13,7.62223e-11
23.14,95.4309,104.978,7.74227,1.07344e-13,7.15526e-11
23.16,95.508,105.112,7.74227,1.07344e-13,6.71687e-11
23.18,95.5851,105.247,7.74227,1.07344e-13,6.30514e-11
23.2,95.6622,105.381,7.74227,1.07344e-13,5.91873e-11
23.22,95.7393,105.515,7.74227,1.07344e-13,5.55598e-11
23.24,95.8164,105.649,7.74227,1.07344e-13,5.21555e-11
23.26,95.8935,105.784,7.74227,1.07344e-13,4.89608e-11
23.28,95.9706,105.918,7.74227,1.07344e-13,4.5962e-11
23.3,96.0477,106.052,7.74227,1.07344e-13,4.31455e-11
23.32,96.1248,106.187,7.74227,1.07344e-13,4.05004e-11
23.34,96.2019,106.321,7.74227,1.07344e-13,3.80186e-11
23.36,96.279,106.455,7.74227,1.07344e-13,3.56892e-11
23.38,96.3561,106.589,7.74227,1.07344e-13,3.35013e-11
23.4,96.4332,106.724,7.74227,1.07344e-13,3.14495e-11
23.42,96.5103,106.858,7.74227,1.07344e-13,2.95229e-11
23.44,96.5874,106.992,7.74227,1.07344e-13,2.77132e-11
23.46,96.6645,107.127,7.74227,1.07344e-13,2.60152e-11
23.48,96.7416,107.261,7.74227,1.07344e-13,2.44205e-11
23.5,96.8187,107.395,7.74227,1.07344e-13,2.29238e-11
23.52,96.8958,107.529,7.74227,1.07344e-13,2.15197e-11
23.54,96.9729,107.664,7.74227,1.07344e-13,2.01999e-11
23.56,97.05,107.798,7.74227,1.07344e-13,1.89617e-11
23.58,97.1271,107.932,7.74227,1.07344e-13,1.77997e-11
23.6,97.2042,108.067,7.74227,1.07344e-13,1.67085e-11
23.62,97.2813,108.201,7.74227,1.07344e-13,1.56853e-11
23.64,97.3584,108.335,7.74227,1.07344e-13,1.47247e-11
23.66,97.4355,108.469,7.74227,1.07344e-13,1.38212e-11
23.68,97.5126,108.604,7.74227,1.07344e-13,1.29749e-11
23.7,97.5897,108.738,7.74227,1.07344e-13,1.21803e-11
23.72,97.6668,108.872,7.74227,1.07344e-13,1.14347e-11
23.74,97.7439,109.007,7.74227,1.07344e-13,1.07353e-11
23.76,97.821,109.141,7.74227,1.07344e-13,1.00768e-11
23.78,97.8981,109.275,7.74227,1.07344e-13,9.45908e-12
23.8,97.9752,109.409,7.74227,1.07344e-13,8.87945e-12
23.82,98.0523,109.544,7.74227,1.07344e-13,8.3352e-12
23.84,98.1294,109.678,7.74227,1.07344e-13,7.8236e-12
23.86,98.2065,109.812,7.74227,1.07344e-13,7.34466e-12
23.88,98.2836,109.947,7.74227,1.07344e-13,6.89565e-12
23.9,98.3607,110.081,7.74227,1.07344e-13,6.47386e-12
23.92,98.4378,110.215,7.74227,1.07344e-13,6.07656e-12
23.94,98.5149,110.349,7.74227,1.07344e-13,5.70375e-12
23.96,98.592,110.484,7.74227,1.07344e-13,5.35543e-12
23.98,98.6691,110.618,7.74227,1.07344e-13,5.02615e-12
24,98.7462,110.752,7.74227,1.07344e-13,4.71865e-12
24.02,98.8233,110.887,7.74227,1.07344e-13,4.4302e-12
24.04,98.9004,111.021,7.74227,1.07344e-13,4.15807e-12
24.06,98.9775,111.155,7.74227,1.07344e-13,3.90228e-12
24.08,99.0546,111.289,7.74227,1.07344e-13,3.66281e-12
24.1,99.1317,111.424,7.74227,1.07344e-13,3.43966e-12
24.12,99.2088,111.558,7.74227,1.07344e-13,3.23013e-12
24.14,99.2859,111.692,7.74227,1.07344e-13,3.03148e-12
24.16,99.363,111.827,7.74227,1.07344e-13,2.84643e-12
24.18,99.4401,111.961,7.74227,1.07344e-13,2.67227e-12
24.2,99.5172,112.095,7.74227,1.07344e-13,2.509e-12
24.22,99.5943,112.229,7.74227,1.07344e-13,2.35661e-12
24.24,99.6714,112.364,7.74227,1.07344e-13,2.21238e-12
24.26,99.7485,112.498,7.74227,1.07344e-13,2.07632e-12
24.28,99.8256,112.632,7.74227,1.07344e-13,1.94842e-12
24.3,99.9027,112.767,7.74227,1.07344e-13,1.82868e-12
24.32,99.9798,112.901,7.74227,1.07344e-13,1.71711e-12
24.34,100.057,113.035,7.74227,1.07344e-13,1.61098e-12
24.36,100.134,113.169,7.74227,1.07344e-13,1.51302e-12
24.38,100.211,113.304,7.74227,1.07344e-13,1.42049e-12
24.4,100.288,113.438,7.74227,1.07344e-13,1.33341e-12
24.42,100.365,113.572,7.74227,1.07344e-13,1.25178e-12
24.44,100.442,113.707,7.74227,1.07344e-13,1.17558e-12
24.46,100.52,113.841,7.74227,1.07344e-13,1.10483e-12
24.48,100.597,113.975,7.74227,1.07344e-13,1.0368e-12
24.5,100.674,114.109,7.74227,1.07344e-13,9.74209e-13
24.52,100.751,114.244,7.74227,1.07344e-13,9.14341e-13
24.54,100.828,114.378,7.74227,1.07344e-13,8.57195e-13
24.56,100.905,114.512,7.74227,1.07344e-13,8.05491e-13
24.58,100.982,114.647,7.74227,1.07344e-13,7.56508e-13
24.6,101.059,114.781,7.74227,1.07344e-13,7.10247e-13
24.62,101.136,114.915,7.74227,1.07344e-13,6.66707e-13
24.64,101.213,115.049,7.74227,1.07344e-13,6.25888e-13
24.66,101.291,115.184,7.74227,1.07344e-13,5.87791e-13
24.68,101.368,115.318,7.74227,1.07344e-13,5.52414e-13
24.7,101.445,115.452,7.74227,1.07344e-13,5.19759e-13
24.72,101.522,115.587,7.74227,1.07344e-13,4.87104e-13
24.74,101.599,115.721,7.74227,1.07344e-13,4.5717e-13
24.76,101.676,115.855,7.74227,1.07344e-13,4.29958e-13
24.78,101.753,115.989,7.74227,1.07344e-13,4.02745e-13
24.8,101.83,116.124,7.74227,1.07344e-13,3.78254e-13
24.82,101.907,116.258,7.74227,1.07344e-13,3.53763e-13
24.84,101.984,116.392,7.74227,1.07344e-13,3.31993e-13
24.86,102.062,116.527,7.74227,1.07344e-13,3.12944e-13
24.88,102.139,116.661,7.74227,1.07344e-13,2.93895e-13
24.9,102.216,116.795,7.74227,1.07344e-13,2.74847e-13
24.92,102.293,116.929,7.74227,1.07344e-13,2.58519e-13
24.94,102.37,117.064,7.74227,1.07344e-13,2.42192e-13
24.96,102.447,117.198,7.74227,1.07344e-13,2.28585e-13
24.98,102.524,117.332,7.74227,1.07344e-13,2.14979e-13
25,102.601,117.467,7.74227,1.07344e-13,2.01373e-13
25.02,102.678,117.601,7.74227,1.07344e-13,1.87766e-13
25.04,102.755,117.735,7.74227,1.07344e-13,1.76881e-13
25.06,102.833,117.869,7.74227,1.07344e-13,1.65996e-13
25.08,102.91,118.004,7.74227,1.07344e-13,1.55111e-13
25.1,102.987,118.138,7.74227,1.07344e-13,1.46948e-13
25.12,103.064,118.272,7.74227,1.07344e-13,1.38784e-13
25.14,103.141,118.407,7.74227,1.07344e-13,1.3062e-13
25.16,103.218,118.541,7.74227,1.07344e-13,1.22456e-13
25.18,103.295,118.675,7.74227,1.07344e-13,1.14293e-13
25.2,103.372,118.809,7.74227,1.07344e-13,1.06129e-13
25.22,103.449,118.944,7.74227,1.07344e-13,1.00686e-13
25.24,103.526,119.078,7.74227,1.07344e-13,9.52439e-14
25.26,103.604,119.212,7.74227,1.07344e-13,8.98013e-14
25.28,103.681,119.347,7.74227,1.07344e-13,8.43588e-14
25.3,103.758,119.481,7.74227,1.07344e-13,7.89163e-14
25.32,103.835,119.615,7.74227,1.07344e-13,7.34738e-14
25.34,103.912,119.749,7.74227,1.07344e-13,6.80313e-14
25.36,103.989,119.884,7.74227,1.07344e-13,6.25888e-14
25.38,104.066,120.018,7.74227,1.07344e-13,5.98676e-14
25.4,104.143,120.152,7.74227,1.07344e-13,5.71463e-14
25.42,104.22,120.287,7.74227,1.07344e-13,5.44251e-14
25.44,104.297,120.421,7.74227,1.07344e-13,5.17038e-14
25.46,104.375,120.555,7.74227,1.07344e-13,4.89826e-14
25.48,104.452,120.689,7.74227,1.07344e-13,4.62613e-14
25.5,104.529,120.824,7.74227,1.07344e-13,4.354e-14
25.52,104.606,120.958,7.74227,1.07344e-13,4.08188e-14
25.54,104.683,121.092,7.74227,1.07344e-13,3.80975e-14
25.56,104.76,121.227,7.74227,1.07344e-13,3.53763e-14
25.58,104.837,121.361,7.74227,1.07344e-13,3.2655e-14
25.6,104.914,121.495,7.74227,1.07344e-13,2.99338e-14
25.62,104.991,121.629,7.74227,1.07344e-13,2.72125e-14
25.64,105.068,121.764,7.74227,1.07344e-13,2.44913e-14
25.66,105.146,121.898,7.74227,1.07344e-13,2.177e-14
25.68,105.223,122.032,7.74227,1.07344e-13,2.177e-14
25.7,105.3,122.167,7.74227,1.07344e-13,2.177e-14
25.72,105.377,122.301,7.74227,1.07344e-13,2.177e-14
25.74,105.454,122.435,7.74227,1.07344e-13,2.177e-14
25.76,105.531,122.569,7.74227,1.07344e-13,2.177e-14
25.78,105.608,122.704,7.74227,1.07344e-13,2.177e-14
25.8,105.685,122.838,7.74227,1.07344e-13,2.177e-14
25.82,105.762,122.972,7.74227,1.07344e-13,2.177e-14
25.84,105.839,123.107,7.74227,1.07344e-13,2.177e-14
25.86,105.917,123.241,7.74227,1.07344e-13,2.177e-14
25.88,105.994,123.375,7.74227,1.07344e-13,2.177e-14
25.9,106.071,123.509,7.74227,1.07344e-13,2.177e-14
25.92,106.148,123.644,7.74227,1.07344e-13,2.177e-14
25.94,106.225,123.778,7.74227,1.07344e-13,2.177e-14
25.96,106.302,123.912,7.74227,1.07344e-13,2.177e-14
25.98,106.379,124.047,7.74227,1.07344e-13,2.177e-14
26,106.456,124.181,7.74227,1.07344e-13,2.177e-14
26.02,106.533,124.315,7.74227,1.07344e-13,2.177e-14
26.04,106.61,124.449,7.74227,1.07344e-13,2.177e-14
26.06,106.688,124.584,7.74227,1.07344e-13,2.177e-14
26.08,106.765,124.718,7.74227,1.07344e-13,2.177e-14
26.1,106.842,124.852,7.74227,1.07344e-13,2.177e-14
26.12,106.919,124.987,7.74227,1.07344e-13,2.177e-14
26.14,106.996,125.121,7.74227,1.07344e-13,2.177e-14
26.16,107.073,125.255,7.74227,1.07344e-13,2.177e-14
26.18,107.15,125.389,7.74227,1.07344e-13,2.177e-14
26.2,107.227,125.524,7.74227,1.07344e-13,2.177e-14
26.22,107.304,125.658,7.74227,1.07344e-13,2.177e-14
26.24,107.381,125.792,7.74227,1.07344e-13,2.177e-14
26.26,107.459,125.927,7.74227,1.07344e-13,2.177e-14
26.28,107.536,126.061,7.74227,1.07344e-13,2.177e-14
26.3,107.613,126.195,7.74227,1.07344e-13,2.177e-14
26.32,107.69,126.329,7.74227,1.07344e-13,2.177e-14
26.34,107.767,126.464,7.74227,1.07344e-13,2.177e-14
26.36,107.844,126.598,7.74227,1.07344e-13,2.177e-14
26.38,107.921,126.732,7.74227,1.07344e-13,2.177e-14
26.4,107.998,126.867,7.74227,1.07344e-13,2.177e-14
26.42,108.075,127.001,7.74227,1.07344e-13,2.177e-14
26.44,108.152,127.135,7.74227,1.07344e-13,2.177e-14
26.46,108.23,127.269,7.74227,1.07344e-13,2.177e-14
26.48,108.307,127.404,7.74227,1.07344e-13,2.177e-14
26.5,108.384,127.538,7.74227,1.07344e-13,2.177e-14
26.52,108.461,127.672,7.74227,1.07344e-13,2.177e-14
26.54,108.538,127.807,7.74227,1.07344e-13,2.177e-14
26.56,108.615,127.941,7.74227,1.07344e-13,2.177e-14
26.58,108.692,128.075,7.74227,1.07344e-13,2.177e-14
26.6,108.769,128.209,7.74227,1.07344e-13,2.177e-14
26.62,108.846,128.344,7.74227,1.07344e-13,2.177e-14
26.64,108.923,128.478,7.74227,1.07344e-13,2.177e-14
26.66,109.001,128.612,7.74227,1.07344e-13,2.177e-14
26.68,109.078,128.747,7.74227,1.07344e-13,2.177e-14
26.7,109.155,128.881,7.74227,1.07344e-13,2.177e-14
26.72,109.232,129.015,7.74227,1.07344e-13,2.177e-14
26.74,109.309,129.149,7.74227,1.07344e-13,2.177e-14
26.76,109.386,129.284,7.74227,1.07344e-13,2.177e-14
26.78,109.463,129.418,7.74227,1.07344e-13,2.177e-14
26.8,109.54,129.552,7.74227,1.07344e-13,2.177e-14
26.82,109.617,129.687,7.74227,1.07344e-13,2.177e-14
26.84,109.694,129.821,7.74227,1.07344e-13,2.177e-14
26.86,109.772,129.955,7.74227,1.07344e-13,2.177e-14
26.88,109.849,130.089,7.74227,1.07344e-13,2.177e-14
26.9,109.926,130.224,7.74227,1.07344e-13,2.177e-14
26.92,110.003,130.358,7.74227,1.07344e-13,2.177e-14
26.94,110.08,130.492,7.74227,1.07344e-13,2.177e-14
26.96,110.157,130.627,7.74227,1.07344e-13,2.177e-14
26.98,110.234,130.761,7.74227,1.07344e-13,2.177e-14
27,110.311,130.895,7.74227,1.07344e-13,2.177e-14
27.02,110.388,131.029,7.74227,1.07344e-13,2.177e-14
27.04,110.465,131.164,7.74227,1.07344e-13,2.177e-14
27.06,110.543,131.298,7.74227,1.07344e-13,2.177e-14
27.08,110.62,131.432,7.74227,1.07344e-13,2.177e-14
27.1,110.697,131.567,7.74227,1.07344e-13,2.177e-14
27.12,110.774,131.701,7.74227,1.07344e-13,2.177e-14
27.14,110.851,131.835,7.74227,1.07344e-13,2.177e-14
27.16,110.928,131.969,7.74227,1.07344e-13,2.177e-14
27.18,111.005,132.104,7.74227,1.07344e-13,2.177e-14
27.2,111.082,132.238,7.74227,1.07344e-13,2.177e-14
27.22,111.159,132.372,7.74227,1.07344e-13,2.177e-14
27.24,111.236,132.507,7.74227,1.07344e-13,2.177e-14
27.26,111.314,132.641,7.74227,1.07344e-13,2.177e-14
27.28,111.391,132.775,7.74227,1.07344e-13,2.177e-14
27.3,111.468,132.909,7.74227,1.07344e-13,2.177e-14
27.32,111.545,133.044,7.74227,1.07344e-13,2.177e-14
27.34,111.622,133.178,7.74227,1.07344e-13,2.177e-14
27.36,111.699,133.312,7.74227,1.07344e-13,2.177e-14
27.38,111.776,133.447,7.74227,1.07344e-13,2.177e-14
27.4,111.853,133.581,7.74227,1.07344e-13,2.177e-14
27.42,111.93,133.715,7.74227,1.07344e-13,2.177e-14
27.44,112.007,133.849,7.74227,1.07344e-13,2.177e-14
27.46,112.085,133.984,7.74227,1.07344e-13,2.177e-14
27.48,112.162,134.118,7.74227,1.07344e-13,2.177e-14
27.5,112.239,134.252,7.74227,1.07344e-13,2.177e-14
27.52,112.316,134.387,7.74227,1.07344e-13,2.177e-14
27.54,112.393,134.521,7.74227,1.07344e-13,2.177e-14
27.56,112.47,134.655,7.74227,1.07344e-13,2.177e-14
27.58,112.547,134.789,7.74227,1.07344e-13,2.177e-14
27.6,112.624,134.924,7.74227,1.07344e-13,2.177e-14
27.62,112.701,135.058,7.74227,1.07344e-13,2.177e-14
27.64,112.778,135.192,7.74227,1.07344e-13,2.177e-14
27.66,112.856,135.327,7.74227,1.07344e-13,2.177e-14
27.68,112.933,135.461,7.74227,1.07344e-13,2.177e-14
27.7,113.01,135.595,7.74227,1.07344e-13,2.177e-14
27.72,113.087,135.729,7.74227,1.07344e-13,2.177e-14
27.74,113.164,135.864,7.74227,1.07344e-13,2.177e-14
27.76,113.241,135.998,7.74227,1.07344e-13,2.177e-14
27.78,113.318,136.132,7.74227,1.07344e-13,2.177e-14
27.8,113.395,136.267,7.74227,1.07344e-13,2.177e-14
27.82,113.472,136.401,7.74227,1.07344e-13,2.177e-14
27.84,113.549,136.535,7.74227,1.07344e-13,2.177e-14
27.86,113.627,136.669,7.74227,1.07344e-13,2.177e-14
27.88,113.704,136.804,7.74227,1.07344e-13,2.177e-14
27.9,113.781,136.938,7.74227,1.07344e-13,2.177e-14
27.92,113.858,137.072,7.74227,1.07344e-13,2.177e-14
27.94,113.935,137.207,7.74227,1.07344e-13,2.177e-14
27.96,114.012,137.341,7.74227,1.07344e-13,2.177e-14
27.98,114.089,137.475,7.74227,1.07344e-13,2.177e-14
28,114.166,137.609,7.74227,1.07344e-13,2.177e-14
28.02,114.243,137.744,7.74227,1.07344e-13,2.177e-14
28.04,114.32,137.878,7.74227,1.07344e-13,2.177e-14
28.06,114.398,138.012,7.74227,1.07344e-13,2.177e-14
28.08,114.475,138.147,7.74227,1.07344e-13,2.177e-14
28.1,114.552,138.281,7.74227,1.07344e-13,2.177e-14
28.12,114.629,138.415,7.74227,1.07344e-13,2.177e-14
28.14,114.706,138.549,7.74227,1.07344e-13,2.177e-14
28.16,114.783,138.684,7.74227,1.07344e-13,2.177e-14
28.18,114.86,138.818,7.74227,1.07344e-13,2.177e-14
28.2,114.937,138.952,7.74227,1.07344e-13,2.177e-14
28.22,115.014,139.087,7.74227,1.07344e-13,2.177e-14
28.24,115.091,139.221,7.74227,1.07344e-13,2.177e-14
28.26,115.169,139.355,7.74227,1.07344e-13,2.177e-14
28.28,115.246,139.489,7.74227,1.07344e-13,2.177e-14
28.3,115.323,139.624,7.74227,1.07344e-13,2.177e-14
28.32,115.4,139.758,7.74227,1.07344e-13,2.177e-14
28.34,115.477,139.892,7.74227,1.07344e-13,2.177e-14
28.36,115.554,140.027,7.74227,1.07344e-13,2.177e-14
28.38,115.631,140.161,7.74227,1.07344e-13,2.177e-14
28.4,115.708,140.295,7.74227,1.07344e-13,2.177e-14
28.42,115.785,140.429,7.74227,1.07344e-13,2.177e-14
28.44,115.862,140.564,7.74227,1.07344e-13,2.177e-14
28.46,115.94,140.698,7.74227,1.07344e-13,2.177e-14
28.48,116.017,140.832,7.74227,1.07344e-13,2.177e-14
28.5,116.094,140.967,7.74227,1.07344e-13,2.177e-14
28.52,116.171,141.101,7.74227,1.07344e-13,2.177e-14
28.54,116.248,141.235,7.74227,1.07344e-13,2.177e-14
28.56,116.325,141.369,7.74227,1.07344e-13,2.177e-14
28.58,116.402,141.504,7.74227,1.07344e-13,2.177e-14
28.6,116.479,141.638,7.74227,1.07344e-13,2.177e-14
28.62,116.556,141.772,7.74227,1.07344e-13,2.177e-14
