time,x,y,theta_deg,v,cte,dist_from_centre
0.000000,10.000000,0.000000,90.000000,5.000000,-0.000000,10.000000
0.010000,9.999875,0.050000,90.286479,5.000000,-0.000399,10.000000
0.020000,9.999500,0.099998,90.572958,5.000000,-0.000547,10.000000
0.030000,9.998875,0.149994,90.859437,5.000000,0.000799,10.000000
0.040000,9.998000,0.199987,91.145916,5.000000,0.000103,10.000000
0.050000,9.996875,0.249974,91.432394,5.000000,-0.000342,10.000000
0.060000,9.995500,0.299955,91.718873,5.000000,-0.000538,10.000000
0.070000,9.993876,0.349929,92.005352,5.000000,0.000958,10.000000
0.080000,9.992001,0.399893,92.291831,5.000000,0.000216,10.000000
0.090000,9.989877,0.449848,92.578310,5.000000,-0.000277,10.000000
0.100000,9.987503,0.499792,92.864789,5.000000,-0.000520,10.000000
0.110000,9.984879,0.549723,93.151268,5.000000,0.001127,10.000000
0.120000,9.982005,0.599640,93.437747,5.000000,0.000337,10.000000
0.130000,9.978882,0.649542,93.724226,5.000000,-0.000204,10.000000
0.140000,9.975510,0.699428,94.010705,5.000000,-0.000494,10.000000
0.150000,9.971888,0.749297,94.297183,5.000000,0.001304,10.000000
0.160000,9.968017,0.799147,94.583662,5.000000,0.000467,10.000000
0.170000,9.963897,0.848977,94.870141,5.000000,-0.000121,10.000000
0.180000,9.959527,0.898785,95.156620,5.000000,-0.000458,10.000000
0.190000,9.954909,0.948572,95.443099,5.000000,0.001490,10.000000
0.200000,9.950042,0.998334,95.729578,5.000000,0.000606,10.000000
0.210000,9.944926,1.048072,96.016057,5.000000,-0.000029,10.000000
0.220000,9.939561,1.097783,96.302536,5.000000,-0.000414,10.000000
0.230000,9.933948,1.147467,96.589015,5.000000,-0.000548,10.000000
0.240000,9.928086,1.197122,96.875494,5.000000,0.000753,10.000000
0.250000,9.921977,1.246747,97.161972,5.000000,0.000072,10.000000
0.260000,9.915619,1.296341,97.448451,5.000000,-0.000360,10.000000
0.270000,9.909013,1.345903,97.734930,5.000000,-0.000542,10.000000
0.280000,9.902160,1.395431,98.021409,5.000000,0.000910,10.000000
0.290000,9.895059,1.444924,98.307888,5.000000,0.000181,10.000000
0.300000,9.887711,1.494381,98.594367,5.000000,-0.000298,10.000000
0.310000,9.880115,1.543801,98.880846,5.000000,-0.000527,10.000000
0.320000,9.872273,1.593182,99.167325,5.000000,0.001076,10.000000
0.330000,9.864184,1.642523,99.453804,5.000000,0.000300,10.000000
0.340000,9.855848,1.691823,99.740283,5.000000,-0.000226,10.000000
0.350000,9.847265,1.741081,100.026761,5.000000,-0.000503,10.000000
0.360000,9.838437,1.790296,100.313240,5.000000,0.001250,10.000000
0.370000,9.829363,1.839465,100.599719,5.000000,0.000427,10.000000
0.380000,9.820042,1.888589,100.886198,5.000000,-0.000146,10.000000
0.390000,9.810477,1.937665,101.172677,5.000000,-0.000470,10.000000
0.400000,9.800666,1.986693,101.459156,5.000000,0.001434,10.000000
0.410000,9.790610,2.035672,101.745635,5.000000,0.000563,10.000000
0.420000,9.780309,2.084599,102.032114,5.000000,-0.000057,10.000000
0.430000,9.769764,2.133474,102.318593,5.000000,-0.000428,10.000000
0.440000,9.758974,2.182296,102.605071,5.000000,0.001626,10.000000
0.450000,9.747941,2.231064,102.891550,5.000000,0.000709,10.000000
0.460000,9.736664,2.279775,103.178029,5.000000,0.000041,10.000000
0.470000,9.725143,2.328430,103.464508,5.000000,-0.000377,10.000000
0.480000,9.713380,2.377026,103.750987,5.000000,-0.000545,10.000000
0.490000,9.701373,2.425563,104.037466,5.000000,0.000863,10.000000
0.500000,9.689124,2.474040,104.323945,5.000000,0.000148,10.000000
0.510000,9.676633,2.522454,104.610424,5.000000,-0.000317,10.000000
0.520000,9.663900,2.570806,104.896903,5.000000,-0.000532,10.000000
0.530000,9.650925,2.619093,105.183382,5.000000,0.001026,10.000000
0.540000,9.637709,2.667314,105.469860,5.000000,0.000264,10.000000
0.550000,9.624252,2.715469,105.756339,5.000000,-0.000249,10.000000
0.560000,9.610554,2.763556,106.042818,5.000000,-0.000511,10.000000
0.570000,9.596617,2.811575,106.329297,5.000000,0.001198,10.000000
0.580000,9.582439,2.859522,106.615776,5.000000,0.000388,10.000000
0.590000,9.568021,2.907399,106.902255,5.000000,-0.000171,10.000000
0.600000,9.553365,2.955202,107.188734,5.000000,-0.000480,10.000000
0.610000,9.538470,3.002932,107.475213,5.000000,0.001379,10.000000
0.620000,9.523336,3.050586,107.761692,5.000000,0.000522,10.000000
0.630000,9.507964,3.098165,108.048171,5.000000,-0.000085,10.000000
0.640000,9.492354,3.145666,108.334649,5.000000,-0.000441,10.000000
0.650000,9.476507,3.193088,108.621128,5.000000,0.001568,10.000000
0.660000,9.460423,3.240430,108.907607,5.000000,0.000665,10.000000
0.670000,9.444103,3.287692,109.194086,5.000000,0.000011,10.000000
0.680000,9.427547,3.334871,109.480565,5.000000,-0.000393,10.000000
0.690000,9.410755,3.381967,109.767044,5.000000,-0.000547,10.000000
0.700000,9.393727,3.428978,110.053523,5.000000,0.000816,10.000000
0.710000,9.376465,3.475904,110.340002,5.000000,0.000115,10.000000
0.720000,9.358968,3.522742,110.626481,5.000000,-0.000336,10.000000
0.730000,9.341238,3.569493,110.912960,5.000000,-0.000537,10.000000
0.740000,9.323273,3.616154,111.199438,5.000000,0.000976,10.000000
0.750000,9.305076,3.662725,111.485917,5.000000,0.000228,10.000000
0.760000,9.286646,3.709205,111.772396,5.000000,-0.000270,10.000000
0.770000,9.267984,3.755591,112.058875,5.000000,-0.000518,10.000000
0.780000,9.249091,3.801884,112.345354,5.000000,0.001146,10.000000
0.790000,9.229966,3.848082,112.631833,5.000000,0.000350,10.000000
0.800000,9.210610,3.894183,112.918312,5.000000,-0.000195,10.000000
0.810000,9.191024,3.940188,113.204791,5.000000,-0.000490,10.000000
0.820000,9.171208,3.986093,113.491270,5.000000,0.001324,10.000000
0.830000,9.151163,4.031899,113.777748,5.000000,0.000481,10.000000
0.840000,9.130889,4.077605,114.064227,5.000000,-0.000111,10.000000
0.850000,9.110387,4.123208,114.350706,5.000000,-0.000454,10.000000
0.860000,9.089657,4.168708,114.637185,5.000000,0.001511,10.000000
0.870000,9.068700,4.214104,114.923664,5.000000,0.000621,10.000000
0.880000,9.047517,4.259395,115.210143,5.000000,-0.000018,10.000000
0.890000,9.026107,4.304579,115.496622,5.000000,-0.000408,10.000000
0.900000,9.004471,4.349655,115.783101,5.000000,-0.000548,10.000000
0.910000,8.982610,4.394623,116.069580,5.000000,0.000770,10.000000
0.920000,8.960525,4.439481,116.356059,5.000000,0.000083,10.000000
0.930000,8.938216,4.484228,116.642537,5.000000,-0.000354,10.000000
0.940000,8.915683,4.528863,116.929016,5.000000,-0.000541,10.000000
0.950000,8.892927,4.573384,117.215495,5.000000,0.000928,10.000000
0.960000,8.869949,4.617792,117.501974,5.000000,0.000194,10.000000
0.970000,8.846749,4.662084,117.788453,5.000000,-0.000290,10.000000
0.980000,8.823329,4.706259,118.074932,5.000000,-0.000524,10.000000
0.990000,8.799687,4.750317,118.361411,5.000000,0.001095,10.000000
1.000000,8.775826,4.794255,118.647890,5.000000,0.000313,10.000000
1.010000,8.751745,4.838074,118.934369,5.000000,-0.000218,10.000000
1.020000,8.727445,4.881772,119.220848,5.000000,-0.000499,10.000000
1.030000,8.702927,4.925348,119.507326,5.000000,0.001270,10.000000
1.040000,8.678192,4.968801,119.793805,5.000000,0.000442,10.000000
1.050000,8.653239,5.012130,120.080284,5.000000,-0.000137,10.000000
1.060000,8.628071,5.055333,120.366763,5.000000,-0.000465,10.000000
1.070000,8.602686,5.098410,120.653242,5.000000,0.001455,10.000000
1.080000,8.577087,5.141360,120.939721,5.000000,0.000579,10.000000
1.090000,8.551273,5.184181,121.226200,5.000000,-0.000047,10.000000
1.100000,8.525245,5.226872,121.512679,5.000000,-0.000423,10.000000
1.110000,8.499004,5.269433,121.799158,5.000000,-0.000548,10.000000
1.120000,8.472551,5.311862,122.085637,5.000000,0.000725,10.000000
1.130000,8.445886,5.354158,122.372115,5.000000,0.000052,10.000000
1.140000,8.419010,5.396320,122.658594,5.000000,-0.000371,10.000000
1.150000,8.391923,5.438348,122.945073,5.000000,-0.000544,10.000000
1.160000,8.364626,5.480239,123.231552,5.000000,0.000880,10.000000
1.170000,8.337121,5.521994,123.518031,5.000000,0.000160,10.000000
1.180000,8.309407,5.563610,123.804510,5.000000,-0.000310,10.000000
1.190000,8.281485,5.605088,124.090989,5.000000,-0.000530,10.000000
1.200000,8.253356,5.646425,124.377468,5.000000,0.001044,10.000000
1.210000,8.225021,5.687621,124.663947,5.000000,0.000277,10.000000
1.220000,8.196480,5.728675,124.950426,5.000000,-0.000240,10.000000
1.230000,8.167734,5.769585,125.236904,5.000000,-0.000508,10.000000
1.240000,8.138785,5.810352,125.523383,5.000000,0.001217,10.000000
1.250000,8.109631,5.850973,125.809862,5.000000,0.000403,10.000000
1.260000,8.080275,5.891448,126.096341,5.000000,-0.000162,10.000000
1.270000,8.050717,5.931775,126.382820,5.000000,-0.000476,10.000000
1.280000,8.020958,5.971954,126.669299,5.000000,0.001399,10.000000
1.290000,7.990998,6.011984,126.955778,5.000000,0.000537,10.000000
1.300000,7.960838,6.051864,127.242257,5.000000,-0.000075,10.000000
1.310000,7.930479,6.091592,127.528736,5.000000,-0.000436,10.000000
1.320000,7.899922,6.131169,127.815214,5.000000,0.001590,10.000000
1.330000,7.869168,6.170591,128.101693,5.000000,0.000681,10.000000
1.340000,7.838217,6.209860,128.388172,5.000000,0.000022,10.000000
1.350000,7.807070,6.248973,128.674651,5.000000,-0.000387,10.000000
1.360000,7.775727,6.287930,128.961130,5.000000,-0.000546,10.000000
1.370000,7.744190,6.326730,129.247609,5.000000,0.000833,10.000000
1.380000,7.712460,6.365372,129.534088,5.000000,0.000127,10.000000
1.390000,7.680537,6.403854,129.820567,5.000000,-0.000329,10.000000
1.400000,7.648422,6.442177,130.107046,5.000000,-0.000535,10.000000
1.410000,7.616116,6.480338,130.393525,5.000000,0.000995,10.000000
1.420000,7.583619,6.518338,130.680003,5.000000,0.000241,10.000000
1.430000,7.550932,6.556174,130.966482,5.000000,-0.000262,10.000000
1.440000,7.518057,6.593847,131.252961,5.000000,-0.000515,10.000000
1.450000,7.484994,6.631354,131.539440,5.000000,0.001165,10.000000
1.460000,7.451744,6.668696,131.825919,5.000000,0.000364,10.000000
1.470000,7.418308,6.705872,132.112398,5.000000,-0.000186,10.000000
1.480000,7.384686,6.742879,132.398877,5.000000,-0.000487,10.000000
1.490000,7.350879,6.779718,132.685356,5.000000,0.001344,10.000000
1.500000,7.316889,6.816388,132.971835,5.000000,0.000496,10.000000
1.510000,7.282715,6.852887,133.258314,5.000000,-0.000101,10.000000
1.520000,7.248360,6.889214,133.544792,5.000000,-0.000449,10.000000
1.530000,7.213824,6.925370,133.831271,5.000000,0.001532,10.000000
1.540000,7.179107,6.961352,134.117750,5.000000,0.000637,10.000000
1.550000,7.144210,6.997161,134.404229,5.000000,-0.000008,10.000000
1.560000,7.109135,7.032794,134.690708,5.000000,-0.000403,10.000000
1.570000,7.073883,7.068252,134.977187,5.000000,-0.000548,10.000000
1.580000,7.038453,7.103533,135.263666,5.000000,0.000787,10.000000
1.590000,7.002848,7.138636,135.550145,5.000000,0.000095,10.000000
1.600000,6.967067,7.173561,135.836624,5.000000,-0.000347,10.000000
1.610000,6.931112,7.208306,136.123103,5.000000,-0.000539,10.000000
1.620000,6.894984,7.242872,136.409581,5.000000,0.000946,10.000000
1.630000,6.858684,7.277256,136.696060,5.000000,0.000206,10.000000
1.640000,6.822212,7.311458,136.982539,5.000000,-0.000283,10.000000
1.650000,6.785570,7.345478,137.269018,5.000000,-0.000522,10.000000
1.660000,6.748758,7.379314,137.555497,5.000000,0.001113,10.000000
1.670000,6.711777,7.412965,137.841976,5.000000,0.000327,10.000000
1.680000,6.674628,7.446431,138.128455,5.000000,-0.000210,10.000000
1.690000,6.637313,7.479711,138.414934,5.000000,-0.000496,10.000000
1.700000,6.599831,7.512804,138.701413,5.000000,0.001290,10.000000
1.710000,6.562185,7.545709,138.987891,5.000000,0.000456,10.000000
1.720000,6.524375,7.578426,139.274370,5.000000,-0.000128,10.000000
1.730000,6.486401,7.610953,139.560849,5.000000,-0.000461,10.000000
1.740000,6.448265,7.643289,139.847328,5.000000,0.001475,10.000000
1.750000,6.409969,7.675435,140.133807,5.000000,0.000594,10.000000
1.760000,6.371511,7.707389,140.420286,5.000000,-0.000036,10.000000
1.770000,6.332895,7.739150,140.706765,5.000000,-0.000417,10.000000
1.780000,6.294120,7.770717,140.993244,5.000000,-0.000548,10.000000
1.790000,6.255188,7.802091,141.279723,5.000000,0.000742,10.000000
1.800000,6.216100,7.833269,141.566202,5.000000,0.000064,10.000000
1.810000,6.176856,7.864252,141.852680,5.000000,-0.000365,10.000000
1.820000,6.137457,7.895037,142.139159,5.000000,-0.000543,10.000000
1.830000,6.097906,7.925626,142.425638,5.000000,0.000898,10.000000
1.840000,6.058202,7.956016,142.712117,5.000000,0.000172,10.000000
1.850000,6.018346,7.986208,142.998596,5.000000,-0.000303,10.000000
1.860000,5.978340,8.016199,143.285075,5.000000,-0.000528,10.000000
1.870000,5.938184,8.045991,143.571554,5.000000,0.001063,10.000000
1.880000,5.897880,8.075581,143.858033,5.000000,0.000290,10.000000
1.890000,5.857429,8.104969,144.144512,5.000000,-0.000232,10.000000
1.900000,5.816831,8.134155,144.430991,5.000000,-0.000505,10.000000
1.910000,5.776088,8.163137,144.717469,5.000000,0.001237,10.000000
1.920000,5.735200,8.191916,145.003948,5.000000,0.000417,10.000000
1.930000,5.694169,8.220489,145.290427,5.000000,-0.000153,10.000000
1.940000,5.652995,8.248857,145.576906,5.000000,-0.000473,10.000000
1.950000,5.611681,8.277019,145.863385,5.000000,0.001419,10.000000
1.960000,5.570225,8.304974,146.149864,5.000000,0.000552,10.000000
1.970000,5.528631,8.332721,146.436343,5.000000,-0.000064,10.000000
1.980000,5.486899,8.360260,146.722822,5.000000,-0.000431,10.000000
1.990000,5.445029,8.387590,147.009301,5.000000,0.001611,10.000000
2.000000,5.403023,8.414710,147.295780,5.000000,0.000697,10.000000
2.010000,5.360882,8.441620,147.582258,5.000000,0.000033,10.000000
2.020000,5.318607,8.468318,147.868737,5.000000,-0.000381,10.000000
2.030000,5.276199,8.494806,148.155216,5.000000,-0.000545,10.000000
2.040000,5.233660,8.521080,148.441695,5.000000,0.000850,10.000000
2.050000,5.190989,8.547142,148.728174,5.000000,0.000139,10.000000
2.060000,5.148188,8.572990,149.014653,5.000000,-0.000322,10.000000
2.070000,5.105259,8.598624,149.301132,5.000000,-0.000533,10.000000
2.080000,5.062203,8.624042,149.587611,5.000000,0.001013,10.000000
2.090000,5.019019,8.649245,149.874090,5.000000,0.000254,10.000000
2.100000,4.975710,8.674232,150.160568,5.000000,-0.000254,10.000000
2.110000,4.932277,8.699002,150.447047,5.000000,-0.000513,10.000000
2.120000,4.888721,8.723555,150.733526,5.000000,0.001184,10.000000
2.130000,4.845042,8.747889,151.020005,5.000000,0.000378,10.000000
2.140000,4.801242,8.772005,151.306484,5.000000,-0.000177,10.000000
2.150000,4.757322,8.795902,151.592963,5.000000,-0.000483,10.000000
2.160000,4.713284,8.819578,151.879442,5.000000,0.001364,10.000000
2.170000,4.669127,8.843034,152.165921,5.000000,0.000511,10.000000
2.180000,4.624854,8.866269,152.452400,5.000000,-0.000092,10.000000
2.190000,4.580465,8.889282,152.738879,5.000000,-0.000444,10.000000
2.200000,4.535961,8.912074,153.025357,5.000000,0.001553,10.000000
2.210000,4.491344,8.934642,153.311836,5.000000,0.000653,10.000000
2.220000,4.446615,8.956987,153.598315,5.000000,0.000003,10.000000
2.230000,4.401775,8.979108,153.884794,5.000000,-0.000397,10.000000
2.240000,4.356824,9.001004,154.171273,5.000000,-0.000547,10.000000
2.250000,4.311765,9.022676,154.457752,5.000000,0.000804,10.000000
2.260000,4.266598,9.044122,154.744231,5.000000,0.000107,10.000000
2.270000,4.221324,9.065342,155.030710,5.000000,-0.000341,10.000000
2.280000,4.175945,9.086335,155.317189,5.000000,-0.000538,10.000000
2.290000,4.130461,9.107101,155.603668,5.000000,0.000964,10.000000
2.300000,4.084874,9.127639,155.890146,5.000000,0.000219,10.000000
2.310000,4.039185,9.147950,156.176625,5.000000,-0.000275,10.000000
2.320000,3.993395,9.168031,156.463104,5.000000,-0.000520,10.000000
2.330000,3.947505,9.187883,156.749583,5.000000,0.001132,10.000000
2.340000,3.901517,9.207506,157.036062,5.000000,0.000341,10.000000
2.350000,3.855431,9.226898,157.322541,5.000000,-0.000201,10.000000
2.360000,3.809248,9.246060,157.609020,5.000000,-0.000493,10.000000
2.370000,3.762971,9.264991,157.895499,5.000000,0.001310,10.000000
2.380000,3.716599,9.283690,158.181978,5.000000,0.000471,10.000000
2.390000,3.670134,9.302157,158.468457,5.000000,-0.000118,10.000000
2.400000,3.623578,9.320391,158.754935,5.000000,-0.000457,10.000000
2.410000,3.576930,9.338392,159.041414,5.000000,0.001496,10.000000
2.420000,3.530194,9.356160,159.327893,5.000000,0.000610,10.000000
2.430000,3.483369,9.373694,159.614372,5.000000,-0.000026,10.000000
2.440000,3.436457,9.390994,159.900851,5.000000,-0.000412,10.000000
2.450000,3.389460,9.408058,160.187330,5.000000,-0.000548,10.000000
2.460000,3.342377,9.424888,160.473809,5.000000,0.000758,10.000000
2.470000,3.295211,9.441482,160.760288,5.000000,0.000075,10.000000
2.480000,3.247963,9.457840,161.046767,5.000000,-0.000358,10.000000
2.490000,3.200633,9.473962,161.333245,5.000000,-0.000542,10.000000
2.500000,3.153224,9.489846,161.619724,5.000000,0.000915,10.000000
2.510000,3.105735,9.505494,161.906203,5.000000,0.000185,10.000000
2.520000,3.058169,9.520903,162.192682,5.000000,-0.000296,10.000000
2.530000,3.010527,9.536075,162.479161,5.000000,-0.000526,10.000000
2.540000,2.962809,9.551009,162.765640,5.000000,0.001081,10.000000
2.550000,2.915017,9.565703,163.052119,5.000000,0.000304,10.000000
2.560000,2.867152,9.580159,163.338598,5.000000,-0.000224,10.000000
2.570000,2.819216,9.594375,163.625077,5.000000,-0.000502,10.000000
2.580000,2.771209,9.608351,163.911556,5.000000,0.001256,10.000000
2.590000,2.723133,9.622087,164.198034,5.000000,0.000431,10.000000
2.600000,2.674988,9.635582,164.484513,5.000000,-0.000144,10.000000
2.610000,2.626777,9.648836,164.770992,5.000000,-0.000468,10.000000
2.620000,2.578500,9.661850,165.057471,5.000000,0.001440,10.000000
2.630000,2.530159,9.674621,165.343950,5.000000,0.000568,10.000000
2.640000,2.481755,9.687151,165.630429,5.000000,-0.000054,10.000000
2.650000,2.433288,9.699439,165.916908,5.000000,-0.000426,10.000000
2.660000,2.384761,9.711484,166.203387,5.000000,0.001632,10.000000
2.670000,2.336174,9.723286,166.489866,5.000000,0.000713,10.000000
2.680000,2.287528,9.734845,166.776345,5.000000,0.000044,10.000000
2.690000,2.238825,9.746161,167.062823,5.000000,-0.000375,10.000000
2.700000,2.190067,9.757234,167.349302,5.000000,-0.000544,10.000000
2.710000,2.141254,9.768062,167.635781,5.000000,0.000868,10.000000
2.720000,2.092387,9.778646,167.922260,5.000000,0.000151,10.000000
2.730000,2.043467,9.788986,168.208739,5.000000,-0.000315,10.000000
2.740000,1.994497,9.799081,168.495218,5.000000,-0.000532,10.000000
2.750000,1.945477,9.808931,168.781697,5.000000,0.001031,10.000000
2.760000,1.896408,9.818535,169.068176,5.000000,0.000267,10.000000
2.770000,1.847292,9.827895,169.354655,5.000000,-0.000246,10.000000
2.780000,1.798130,9.837008,169.641134,5.000000,-0.000510,10.000000
2.790000,1.748922,9.845876,169.927612,5.000000,0.001203,10.000000
2.800000,1.699671,9.854497,170.214091,5.000000,0.000392,10.000000
2.810000,1.650378,9.862872,170.500570,5.000000,-0.000168,10.000000
2.820000,1.601043,9.871001,170.787049,5.000000,-0.000479,10.000000
2.830000,1.551668,9.878883,171.073528,5.000000,0.001384,10.000000
2.840000,1.502255,9.886518,171.360007,5.000000,0.000526,10.000000
2.850000,1.452804,9.893905,171.646486,5.000000,-0.000082,10.000000
2.860000,1.403316,9.901046,171.932965,5.000000,-0.000440,10.000000
2.870000,1.353793,9.907938,172.219444,5.000000,0.001574,10.000000
2.880000,1.304237,9.914583,172.505922,5.000000,0.000669,10.000000
2.890000,1.254648,9.920981,172.792401,5.000000,0.000014,10.000000
2.900000,1.205028,9.927130,173.078880,5.000000,-0.000391,10.000000
2.910000,1.155377,9.933031,173.365359,5.000000,-0.000546,10.000000
2.920000,1.105698,9.938684,173.651838,5.000000,0.000821,10.000000
2.930000,1.055991,9.944088,173.938317,5.000000,0.000119,10.000000
2.940000,1.006257,9.949243,174.224796,5.000000,-0.000334,10.000000
2.950000,0.956499,9.954150,174.511275,5.000000,-0.000536,10.000000
2.960000,0.906716,9.958808,174.797754,5.000000,0.000982,10.000000
2.970000,0.856911,9.963218,175.084233,5.000000,0.000232,10.000000
2.980000,0.807084,9.967378,175.370711,5.000000,-0.000268,10.000000
2.990000,0.757238,9.971288,175.657190,5.000000,-0.000517,10.000000
3.000000,0.707372,9.974950,175.943669,5.000000,0.001151,10.000000
3.010000,0.657489,9.978362,176.230148,5.000000,0.000354,10.000000
3.020000,0.607589,9.981525,176.516627,5.000000,-0.000192,10.000000
3.030000,0.557674,9.984438,176.803106,5.000000,-0.000489,10.000000
3.040000,0.507745,9.987101,177.089585,5.000000,0.001330,10.000000
3.050000,0.457803,9.989515,177.376064,5.000000,0.000486,10.000000
3.060000,0.407850,9.991679,177.662543,5.000000,-0.000108,10.000000
3.070000,0.357887,9.993594,177.949022,5.000000,-0.000452,10.000000
3.080000,0.307915,9.995258,178.235500,5.000000,0.001517,10.000000
3.090000,0.257935,9.996673,178.521979,5.000000,0.000626,10.000000
3.100000,0.207948,9.997838,178.808458,5.000000,-0.000015,10.000000
3.110000,0.157957,9.998752,179.094937,5.000000,-0.000407,10.000000
3.120000,0.107961,9.999417,179.381416,5.000000,-0.000548,10.000000
3.130000,0.057963,9.999832,179.667895,5.000000,0.000775,10.000000
3.140000,0.007963,9.999997,179.954374,5.000000,0.000087,10.000000
3.150000,-0.042037,9.999912,-179.759147,5.000000,-0.000352,10.000000
3.160000,-0.092035,9.999576,-179.472668,5.000000,-0.000540,10.000000
3.170000,-0.142032,9.998991,-179.186189,5.000000,0.000933,10.000000
3.180000,-0.192025,9.998156,-178.899711,5.000000,0.000197,10.000000
3.190000,-0.242013,9.997071,-178.613232,5.000000,-0.000288,10.000000
3.200000,-0.291995,9.995736,-178.326753,5.000000,-0.000524,10.000000
3.210000,-0.341970,9.994151,-178.040274,5.000000,0.001100,10.000000
3.220000,-0.391936,9.992316,-177.753795,5.000000,0.000317,10.000000
3.230000,-0.441893,9.990232,-177.467316,5.000000,-0.000216,10.000000
3.240000,-0.491838,9.987897,-177.180837,5.000000,-0.000498,10.000000
3.250000,-0.541771,9.985313,-176.894358,5.000000,0.001276,10.000000
3.260000,-0.591691,9.982480,-176.607879,5.000000,0.000446,10.000000
3.270000,-0.641596,9.979397,-176.321400,5.000000,-0.000134,10.000000
3.280000,-0.691484,9.976064,-176.034922,5.000000,-0.000464,10.000000
3.290000,-0.741356,9.972482,-175.748443,5.000000,0.001460,10.000000
3.300000,-0.791209,9.968650,-175.461964,5.000000,0.000583,10.000000
3.310000,-0.841042,9.964570,-175.175485,5.000000,-0.000044,10.000000
3.320000,-0.890854,9.960240,-174.889006,5.000000,-0.000421,10.000000
3.330000,-0.940644,9.955661,-174.602527,5.000000,-0.000548,10.000000
3.340000,-0.990410,9.950833,-174.316048,5.000000,0.000730,10.000000
3.350000,-1.040152,9.945757,-174.029569,5.000000,0.000055,10.000000
3.360000,-1.089868,9.940432,-173.743090,5.000000,-0.000369,10.000000
3.370000,-1.139556,9.934858,-173.456612,5.000000,-0.000543,10.000000
3.380000,-1.189216,9.929037,-173.170133,5.000000,0.000885,10.000000
3.390000,-1.238846,9.922966,-172.883654,5.000000,0.000164,10.000000
3.400000,-1.288445,9.916648,-172.597175,5.000000,-0.000308,10.000000
3.410000,-1.338012,9.910082,-172.310696,5.000000,-0.000530,10.000000
3.420000,-1.387545,9.903268,-172.024217,5.000000,0.001049,10.000000
3.430000,-1.437044,9.896207,-171.737738,5.000000,0.000281,10.000000
3.440000,-1.486507,9.888898,-171.451259,5.000000,-0.000238,10.000000
3.450000,-1.535933,9.881342,-171.164780,5.000000,-0.000507,10.000000
3.460000,-1.585320,9.873538,-170.878301,5.000000,0.001223,10.000000
3.470000,-1.634668,9.865488,-170.591823,5.000000,0.000407,10.000000
3.480000,-1.683974,9.857192,-170.305344,5.000000,-0.000159,10.000000
3.490000,-1.733239,9.848649,-170.018865,5.000000,-0.000475,10.000000
3.500000,-1.782461,9.839859,-169.732386,5.000000,0.001405,10.000000
3.510000,-1.831637,9.830824,-169.445907,5.000000,0.000542,10.000000
3.520000,-1.880768,9.821543,-169.159428,5.000000,-0.000072,10.000000
3.530000,-1.929852,9.812017,-168.872949,5.000000,-0.000435,10.000000
3.540000,-1.978888,9.802245,-168.586470,5.000000,0.001596,10.000000
3.550000,-2.027874,9.792228,-168.299991,5.000000,0.000685,10.000000
3.560000,-2.076810,9.781966,-168.013512,5.000000,0.000025,10.000000
3.570000,-2.125694,9.771460,-167.727034,5.000000,-0.000385,10.000000
3.580000,-2.174524,9.760709,-167.440555,5.000000,-0.000546,10.000000
3.590000,-2.223300,9.749715,-167.154076,5.000000,0.000838,10.000000
3.600000,-2.272021,9.738476,-166.867597,5.000000,0.000131,10.000000
3.610000,-2.320685,9.726995,-166.581118,5.000000,-0.000327,10.000000
3.620000,-2.369290,9.715270,-166.294639,5.000000,-0.000535,10.000000
3.630000,-2.417837,9.703302,-166.008160,5.000000,0.001000,10.000000
3.640000,-2.466323,9.691091,-165.721681,5.000000,0.000245,10.000000
3.650000,-2.514748,9.678639,-165.435202,5.000000,-0.000260,10.000000
3.660000,-2.563109,9.665944,-165.148723,5.000000,-0.000515,10.000000
3.670000,-2.611407,9.653008,-164.862245,5.000000,0.001170,10.000000
3.680000,-2.659639,9.639830,-164.575766,5.000000,0.000368,10.000000
3.690000,-2.707804,9.626411,-164.289287,5.000000,-0.000184,10.000000
3.700000,-2.755902,9.612752,-164.002808,5.000000,-0.000486,10.000000
3.710000,-2.803932,9.598852,-163.716329,5.000000,0.001350,10.000000
3.720000,-2.851891,9.584713,-163.429850,5.000000,0.000501,10.000000
3.730000,-2.899778,9.570334,-163.143371,5.000000,-0.000099,10.000000
3.740000,-2.947594,9.555715,-162.856892,5.000000,-0.000448,10.000000
3.750000,-2.995335,9.540858,-162.570413,5.000000,0.001538,10.000000
3.760000,-3.043002,9.525762,-162.283935,5.000000,0.000642,10.000000
3.770000,-3.090592,9.510428,-161.997456,5.000000,-0.000005,10.000000
3.780000,-3.138106,9.494856,-161.710977,5.000000,-0.000401,10.000000
3.790000,-3.185540,9.479047,-161.424498,5.000000,-0.000547,10.000000
3.800000,-3.232896,9.463001,-161.138019,5.000000,0.000792,10.000000
3.810000,-3.280170,9.446718,-160.851540,5.000000,0.000098,10.000000
3.820000,-3.327362,9.430199,-160.565061,5.000000,-0.000345,10.000000
3.830000,-3.374472,9.413445,-160.278582,5.000000,-0.000539,10.000000
3.840000,-3.421497,9.396455,-159.992103,5.000000,0.000951,10.000000
3.850000,-3.468436,9.379230,-159.705624,5.000000,0.000210,10.000000
3.860000,-3.515288,9.361771,-159.419146,5.000000,-0.000281,10.000000
3.870000,-3.562053,9.344077,-159.132667,5.000000,-0.000521,10.000000
3.880000,-3.608729,9.326150,-158.846188,5.000000,0.001119,10.000000
3.890000,-3.655314,9.307990,-158.559709,5.000000,0.000331,10.000000
3.900000,-3.701808,9.289597,-158.273230,5.000000,-0.000207,10.000000
3.910000,-3.748210,9.270972,-157.986751,5.000000,-0.000495,10.000000
3.920000,-3.794518,9.252115,-157.700272,5.000000,0.001295,10.000000
3.930000,-3.840731,9.233027,-157.413793,5.000000,0.000460,10.000000
3.940000,-3.886848,9.213708,-157.127314,5.000000,-0.000125,10.000000
3.950000,-3.932867,9.194159,-156.840835,5.000000,-0.000460,10.000000
3.960000,-3.978789,9.174380,-156.554357,5.000000,0.001481,10.000000
3.970000,-4.024611,9.154371,-156.267878,5.000000,0.000599,10.000000
3.980000,-4.070332,9.134134,-155.981399,5.000000,-0.000033,10.000000
3.990000,-4.115952,9.113668,-155.694920,5.000000,-0.000416,10.000000
4.000000,-4.161468,9.092974,-155.408441,5.000000,-0.000548,10.000000
4.010000,-4.206881,9.072053,-155.121962,5.000000,0.000746,10.000000
4.020000,-4.252189,9.050906,-154.835483,5.000000,0.000067,10.000000
4.030000,-4.297390,9.029532,-154.549004,5.000000,-0.000363,10.000000
4.040000,-4.342483,9.007932,-154.262525,5.000000,-0.000542,10.000000
4.050000,-4.387469,8.986107,-153.976046,5.000000,0.000903,10.000000
4.060000,-4.432344,8.964057,-153.689568,5.000000,0.000176,10.000000
4.070000,-4.477109,8.941784,-153.403089,5.000000,-0.000301,10.000000
4.080000,-4.521762,8.919287,-153.116610,5.000000,-0.000528,10.000000
4.090000,-4.566301,8.896566,-152.830131,5.000000,0.001068,10.000000
4.100000,-4.610727,8.873624,-152.543652,5.000000,0.000294,10.000000
4.110000,-4.655037,8.850459,-152.257173,5.000000,-0.000230,10.000000
4.120000,-4.699231,8.827074,-151.970694,5.000000,-0.000504,10.000000
4.130000,-4.743308,8.803467,-151.684215,5.000000,0.001242,10.000000
4.140000,-4.787265,8.779641,-151.397736,5.000000,0.000421,10.000000
4.150000,-4.831104,8.755595,-151.111258,5.000000,-0.000150,10.000000
4.160000,-4.874821,8.731330,-150.824779,5.000000,-0.000471,10.000000
4.170000,-4.918417,8.706847,-150.538300,5.000000,0.001425,10.000000
4.180000,-4.961889,8.682146,-150.251821,5.000000,0.000557,10.000000
4.190000,-5.005238,8.657228,-149.965342,5.000000,-0.000062,10.000000
4.200000,-5.048461,8.632094,-149.678863,5.000000,-0.000430,10.000000
4.210000,-5.091558,8.606744,-149.392384,5.000000,0.001617,10.000000
4.220000,-5.134528,8.581178,-149.105905,5.000000,0.000702,10.000000
4.230000,-5.177370,8.555398,-148.819426,5.000000,0.000036,10.000000
4.240000,-5.220082,8.529405,-148.532947,5.000000,-0.000379,10.000000
4.250000,-5.262663,8.503198,-148.246469,5.000000,-0.000545,10.000000
4.260000,-5.305113,8.476778,-147.959990,5.000000,0.000855,10.000000
4.270000,-5.347431,8.450147,-147.673511,5.000000,0.000143,10.000000
4.280000,-5.389614,8.423304,-147.387032,5.000000,-0.000320,10.000000
4.290000,-5.431663,8.396251,-147.100553,5.000000,-0.000533,10.000000
4.300000,-5.473577,8.368988,-146.814074,5.000000,0.001018,10.000000
4.310000,-5.515353,8.341516,-146.527595,5.000000,0.000258,10.000000
4.320000,-5.556991,8.313835,-146.241116,5.000000,-0.000252,10.000000
4.330000,-5.598491,8.285946,-145.954637,5.000000,-0.000512,10.000000
4.340000,-5.639851,8.257850,-145.668158,5.000000,0.001189,10.000000
4.350000,-5.681069,8.229548,-145.381680,5.000000,0.000382,10.000000
4.360000,-5.722146,8.201039,-145.095201,5.000000,-0.000175,10.000000
4.370000,-5.763079,8.172326,-144.808722,5.000000,-0.000482,10.000000
4.380000,-5.803869,8.143409,-144.522243,5.000000,0.001370,10.000000
4.390000,-5.844513,8.114288,-144.235764,5.000000,0.000516,10.000000
4.400000,-5.885011,8.084964,-143.949285,5.000000,-0.000089,10.000000
4.410000,-5.925362,8.055438,-143.662806,5.000000,-0.000443,10.000000
4.420000,-5.965565,8.025711,-143.376327,5.000000,0.001559,10.000000
4.430000,-6.005619,7.995783,-143.089848,5.000000,0.000658,10.000000
4.440000,-6.045523,7.965655,-142.803369,5.000000,0.000006,10.000000
4.450000,-6.085275,7.935328,-142.516891,5.000000,-0.000395,10.000000
4.460000,-6.124876,7.904802,-142.230412,5.000000,-0.000547,10.000000
4.470000,-6.164323,7.874079,-141.943933,5.000000,0.000809,10.000000
4.480000,-6.203616,7.843159,-141.657454,5.000000,0.000110,10.000000
4.490000,-6.242754,7.812043,-141.370975,5.000000,-0.000339,10.000000
4.500000,-6.281736,7.780732,-141.084496,5.000000,-0.000537,10.000000
4.510000,-6.320561,7.749226,-140.798017,5.000000,0.000969,10.000000
4.520000,-6.359228,7.717527,-140.511538,5.000000,0.000223,10.000000
4.530000,-6.397736,7.685634,-140.225059,5.000000,-0.000273,10.000000
4.540000,-6.436084,7.653550,-139.938581,5.000000,-0.000519,10.000000
4.550000,-6.474271,7.621274,-139.652102,5.000000,0.001138,10.000000
4.560000,-6.512297,7.588807,-139.365623,5.000000,0.000344,10.000000
4.570000,-6.550159,7.556151,-139.079144,5.000000,-0.000199,10.000000
4.580000,-6.587858,7.523306,-138.792665,5.000000,-0.000492,10.000000
4.590000,-6.625392,7.490273,-138.506186,5.000000,0.001315,10.000000
4.600000,-6.662760,7.457052,-138.219707,5.000000,0.000475,10.000000
4.610000,-6.699962,7.423645,-137.933228,5.000000,-0.000115,10.000000
4.620000,-6.736996,7.390053,-137.646749,5.000000,-0.000456,10.000000
4.630000,-6.773862,7.356276,-137.360270,5.000000,0.001502,10.000000
4.640000,-6.810559,7.322314,-137.073792,5.000000,0.000615,10.000000
4.650000,-6.847085,7.288170,-136.787313,5.000000,-0.000023,10.000000
4.660000,-6.883440,7.253844,-136.500834,5.000000,-0.000410,10.000000
4.670000,-6.919623,7.219336,-136.214355,5.000000,-0.000548,10.000000
4.680000,-6.955633,7.184648,-135.927876,5.000000,0.000763,10.000000
4.690000,-6.991469,7.149780,-135.641397,5.000000,0.000078,10.000000
4.700000,-7.027131,7.114734,-135.354918,5.000000,-0.000356,10.000000
4.710000,-7.062616,7.079509,-135.068439,5.000000,-0.000541,10.000000
4.720000,-7.097926,7.044108,-134.781960,5.000000,0.000920,10.000000
4.730000,-7.133057,7.008530,-134.495481,5.000000,0.000188,10.000000
4.740000,-7.168011,6.972777,-134.209003,5.000000,-0.000294,10.000000
4.750000,-7.202785,6.936850,-133.922524,5.000000,-0.000525,10.000000
4.760000,-7.237379,6.900750,-133.636045,5.000000,0.001087,10.000000
4.770000,-7.271792,6.864477,-133.349566,5.000000,0.000307,10.000000
4.780000,-7.306023,6.828032,-133.063087,5.000000,-0.000222,10.000000
4.790000,-7.340072,6.791417,-132.776608,5.000000,-0.000501,10.000000
4.800000,-7.373937,6.754632,-132.490129,5.000000,0.001262,10.000000
4.810000,-7.407618,6.717678,-132.203650,5.000000,0.000435,10.000000
4.820000,-7.441114,6.680556,-131.917171,5.000000,-0.000141,10.000000
4.830000,-7.474423,6.643267,-131.630692,5.000000,-0.000467,10.000000
4.840000,-7.507546,6.605812,-131.344214,5.000000,0.001446,10.000000
4.850000,-7.540481,6.568192,-131.057735,5.000000,0.000572,10.000000
4.860000,-7.573228,6.530408,-130.771256,5.000000,-0.000051,10.000000
4.870000,-7.605785,6.492460,-130.484777,5.000000,-0.000425,10.000000
4.880000,-7.638152,6.454350,-130.198298,5.000000,0.001639,10.000000
4.890000,-7.670328,6.416079,-129.911819,5.000000,0.000718,10.000000
4.900000,-7.702313,6.377647,-129.625340,5.000000,0.000047,10.000000
4.910000,-7.734104,6.339056,-129.338861,5.000000,-0.000373,10.000000
4.920000,-7.765703,6.300306,-129.052382,5.000000,-0.000544,10.000000
4.930000,-7.797107,6.261399,-128.765904,5.000000,0.000873,10.000000
4.940000,-7.828317,6.222336,-128.479425,5.000000,0.000155,10.000000
4.950000,-7.859330,6.183116,-128.192946,5.000000,-0.000313,10.000000
4.960000,-7.890147,6.143743,-127.906467,5.000000,-0.000531,10.000000
4.970000,-7.920767,6.104215,-127.619988,5.000000,0.001036,10.000000
4.980000,-7.951189,6.064535,-127.333509,5.000000,0.000271,10.000000
4.990000,-7.981413,6.024704,-127.047030,5.000000,-0.000244,10.000000
5.000000,-8.011436,5.984721,-126.760551,5.000000,-0.000509,10.000000
5.010000,-8.041259,5.944590,-126.474072,5.000000,0.001209,10.000000
5.020000,-8.070882,5.904309,-126.187593,5.000000,0.000396,10.000000
5.030000,-8.100302,5.863881,-125.901115,5.000000,-0.000166,10.000000
5.040000,-8.129520,5.823306,-125.614636,5.000000,-0.000478,10.000000
5.050000,-8.158535,5.782586,-125.328157,5.000000,0.001390,10.000000
5.060000,-8.187346,5.741721,-125.041678,5.000000,0.000531,10.000000
5.070000,-8.215952,5.700713,-124.755199,5.000000,-0.000079,10.000000
5.080000,-8.244353,5.659562,-124.468720,5.000000,-0.000438,10.000000
5.090000,-8.272548,5.618270,-124.182241,5.000000,0.001580,10.000000
5.100000,-8.300535,5.576837,-123.895762,5.000000,0.000674,10.000000
5.110000,-8.328316,5.535265,-123.609283,5.000000,0.000017,10.000000
5.120000,-8.355888,5.493554,-123.322804,5.000000,-0.000390,10.000000
5.130000,-8.383251,5.451706,-123.036326,5.000000,-0.000546,10.000000
5.140000,-8.410405,5.409722,-122.749847,5.000000,0.000826,10.000000
5.150000,-8.437348,5.367603,-122.463368,5.000000,0.000122,10.000000
5.160000,-8.464080,5.325349,-122.176889,5.000000,-0.000332,10.000000
5.170000,-8.490601,5.282962,-121.890410,5.000000,-0.000536,10.000000
5.180000,-8.516910,5.240443,-121.603931,5.000000,0.000987,10.000000
5.190000,-8.543005,5.197794,-121.317452,5.000000,0.000236,10.000000
5.200000,-8.568888,5.155014,-121.030973,5.000000,-0.000265,10.000000
5.210000,-8.594555,5.112105,-120.744494,5.000000,-0.000517,10.000000
5.220000,-8.620008,5.069069,-120.458015,5.000000,0.001157,10.000000
5.230000,-8.645246,5.025905,-120.171537,5.000000,0.000358,10.000000
5.240000,-8.670267,4.982616,-119.885058,5.000000,-0.000190,10.000000
5.250000,-8.695072,4.939203,-119.598579,5.000000,-0.000488,10.000000
5.260000,-8.719659,4.895666,-119.312100,5.000000,0.001335,10.000000
5.270000,-8.744028,4.852007,-119.025621,5.000000,0.000490,10.000000
5.280000,-8.768179,4.808226,-118.739142,5.000000,-0.000106,10.000000
5.290000,-8.792110,4.764325,-118.452663,5.000000,-0.000451,10.000000
5.300000,-8.815822,4.720305,-118.166184,5.000000,0.001523,10.000000
5.310000,-8.839313,4.676167,-117.879705,5.000000,0.000630,10.000000
5.320000,-8.862583,4.631913,-117.593226,5.000000,-0.000012,10.000000
5.330000,-8.885632,4.587542,-117.306748,5.000000,-0.000405,10.000000
5.340000,-8.908459,4.543057,-117.020269,5.000000,-0.000548,10.000000
5.350000,-8.931063,4.498458,-116.733790,5.000000,0.000780,10.000000
5.360000,-8.953443,4.453746,-116.447311,5.000000,0.000090,10.000000
5.370000,-8.975600,4.408924,-116.160832,5.000000,-0.000350,10.000000
5.380000,-8.997532,4.363991,-115.874353,5.000000,-0.000540,10.000000
5.390000,-9.019240,4.318949,-115.587874,5.000000,0.000938,10.000000
5.400000,-9.040721,4.273799,-115.301395,5.000000,0.000201,10.000000
5.410000,-9.061977,4.228542,-115.014916,5.000000,-0.000286,10.000000
5.420000,-9.083007,4.183179,-114.728438,5.000000,-0.000523,10.000000
5.430000,-9.103809,4.137712,-114.441959,5.000000,0.001105,10.000000
5.440000,-9.124384,4.092142,-114.155480,5.000000,0.000321,10.000000
5.450000,-9.144730,4.046469,-113.869001,5.000000,-0.000213,10.000000
5.460000,-9.164848,4.000695,-113.582522,5.000000,-0.000498,10.000000
5.470000,-9.184737,3.954821,-113.296043,5.000000,0.001281,10.000000
5.480000,-9.204396,3.908848,-113.009564,5.000000,0.000450,10.000000
5.490000,-9.223825,3.862777,-112.723085,5.000000,-0.000132,10.000000
5.500000,-9.243024,3.816610,-112.436606,5.000000,-0.000463,10.000000
5.510000,-9.261991,3.770347,-112.150127,5.000000,0.001466,10.000000
5.520000,-9.280727,3.723990,-111.863649,5.000000,0.000588,10.000000
5.530000,-9.299231,3.677540,-111.577170,5.000000,-0.000041,10.000000
5.540000,-9.317502,3.630998,-111.290691,5.000000,-0.000420,10.000000
5.550000,-9.335541,3.584366,-111.004212,5.000000,-0.000548,10.000000
5.560000,-9.353346,3.537643,-110.717733,5.000000,0.000734,10.000000
5.570000,-9.370917,3.490833,-110.431254,5.000000,0.000059,10.000000
5.580000,-9.388254,3.443935,-110.144775,5.000000,-0.000367,10.000000
5.590000,-9.405356,3.396951,-109.858296,5.000000,-0.000543,10.000000
5.600000,-9.422223,3.349882,-109.571817,5.000000,0.000890,10.000000
5.610000,-9.438855,3.302729,-109.285338,5.000000,0.000167,10.000000
5.620000,-9.455251,3.255493,-108.998860,5.000000,-0.000306,10.000000
5.630000,-9.471410,3.208177,-108.712381,5.000000,-0.000529,10.000000
5.640000,-9.487332,3.160780,-108.425902,5.000000,0.001055,10.000000
5.650000,-9.503017,3.113304,-108.139423,5.000000,0.000284,10.000000
5.660000,-9.518465,3.065750,-107.852944,5.000000,-0.000236,10.000000
5.670000,-9.533675,3.018119,-107.566465,5.000000,-0.000506,10.000000
5.680000,-9.548646,2.970414,-107.279986,5.000000,0.001228,10.000000
5.690000,-9.563379,2.922633,-106.993507,5.000000,0.000411,10.000000
5.700000,-9.577872,2.874780,-106.707028,5.000000,-0.000157,10.000000
5.710000,-9.592126,2.826855,-106.420549,5.000000,-0.000474,10.000000
5.720000,-9.606141,2.778859,-106.134071,5.000000,0.001410,10.000000
5.730000,-9.619915,2.730794,-105.847592,5.000000,0.000546,10.000000
5.740000,-9.633449,2.682661,-105.561113,5.000000,-0.000069,10.000000
5.750000,-9.646741,2.634460,-105.274634,5.000000,-0.000433,10.000000
5.760000,-9.659793,2.586193,-104.988155,5.000000,0.001602,10.000000
5.770000,-9.672603,2.537862,-104.701676,5.000000,0.000690,10.000000
5.780000,-9.685172,2.489468,-104.415197,5.000000,0.000028,10.000000
5.790000,-9.697498,2.441011,-104.128718,5.000000,-0.000384,10.000000
5.800000,-9.709582,2.392493,-103.842239,5.000000,-0.000546,10.000000
5.810000,-9.721423,2.343916,-103.555761,5.000000,0.000843,10.000000
5.820000,-9.733021,2.295279,-103.269282,5.000000,0.000134,10.000000
5.830000,-9.744375,2.246586,-102.982803,5.000000,-0.000325,10.000000
5.840000,-9.755486,2.197836,-102.696324,5.000000,-0.000534,10.000000
5.850000,-9.766354,2.149031,-102.409845,5.000000,0.001005,10.000000
5.860000,-9.776977,2.100173,-102.123366,5.000000,0.000249,10.000000
5.870000,-9.787355,2.051262,-101.836887,5.000000,-0.000258,10.000000
5.880000,-9.797489,2.002300,-101.550408,5.000000,-0.000514,10.000000
5.890000,-9.807378,1.953288,-101.263929,5.000000,0.001176,10.000000
5.900000,-9.817022,1.904226,-100.977450,5.000000,0.000372,10.000000
5.910000,-9.826420,1.855118,-100.690972,5.000000,-0.000181,10.000000
5.920000,-9.835573,1.805963,-100.404493,5.000000,-0.000485,10.000000
5.930000,-9.844480,1.756762,-100.118014,5.000000,0.001355,10.000000
5.940000,-9.853141,1.707518,-99.831535,5.000000,0.000505,10.000000
5.950000,-9.861555,1.658231,-99.545056,5.000000,-0.000096,10.000000
5.960000,-9.869723,1.608903,-99.258577,5.000000,-0.000446,10.000000
5.970000,-9.877644,1.559535,-98.972098,5.000000,0.001544,10.000000
5.980000,-9.885318,1.510127,-98.685619,5.000000,0.000646,10.000000
5.990000,-9.892745,1.460682,-98.399140,5.000000,-0.000002,10.000000
6.000000,-9.899925,1.411200,-98.112661,5.000000,-0.000399,10.000000
6.010000,-9.906857,1.361683,-97.826183,5.000000,-0.000547,10.000000
6.020000,-9.913542,1.312132,-97.539704,5.000000,0.000797,10.000000
6.030000,-9.919978,1.262548,-97.253225,5.000000,0.000102,10.000000
6.040000,-9.926167,1.212933,-96.966746,5.000000,-0.000343,10.000000
6.050000,-9.932108,1.163287,-96.680267,5.000000,-0.000538,10.000000
6.060000,-9.937800,1.113612,-96.393788,5.000000,0.000956,10.000000
6.070000,-9.943244,1.063909,-96.107309,5.000000,0.000214,10.000000
6.080000,-9.948439,1.014180,-95.820830,5.000000,-0.000279,10.000000
6.090000,-9.953386,0.964425,-95.534351,5.000000,-0.000521,10.000000
6.100000,-9.958083,0.914646,-95.247872,5.000000,0.001124,10.000000
6.110000,-9.962532,0.864845,-94.961394,5.000000,0.000335,10.000000
6.120000,-9.966732,0.815022,-94.674915,5.000000,-0.000205,10.000000
6.130000,-9.970682,0.765178,-94.388436,5.000000,-0.000494,10.000000
6.140000,-9.974383,0.715315,-94.101957,5.000000,0.001301,10.000000
6.150000,-9.977835,0.665434,-93.815478,5.000000,0.000465,10.000000
6.160000,-9.981038,0.615537,-93.528999,5.000000,-0.000122,10.000000
6.170000,-9.983991,0.565624,-93.242520,5.000000,-0.000459,10.000000
6.180000,-9.986694,0.515698,-92.956041,5.000000,0.001487,10.000000
6.190000,-9.989148,0.465758,-92.669562,5.000000,0.000603,10.000000
6.200000,-9.991352,0.415807,-92.383084,5.000000,-0.000030,10.000000
6.210000,-9.993306,0.365845,-92.096605,5.000000,-0.000414,10.000000
6.220000,-9.995010,0.315874,-91.810126,5.000000,-0.000548,10.000000
6.230000,-9.996464,0.265895,-91.523647,5.000000,0.000751,10.000000
6.240000,-9.997669,0.215910,-91.237168,5.000000,0.000070,10.000000
6.250000,-9.998623,0.165919,-90.950689,5.000000,-0.000361,10.000000
6.260000,-9.999328,0.115924,-90.664210,5.000000,-0.000542,10.000000
6.270000,-9.999783,0.065926,-90.377731,5.000000,0.000908,10.000000
6.280000,-9.999987,0.015927,-90.091252,5.000000,0.000179,10.000000
6.290000,-9.999942,-0.034073,-89.804773,5.000000,-0.000299,10.000000
6.300000,-9.999647,-0.084072,-89.518295,5.000000,-0.000527,10.000000
6.310000,-9.999101,-0.134069,-89.231816,5.000000,0.001073,10.000000
6.320000,-9.998306,-0.184063,-88.945337,5.000000,0.000298,10.000000
6.330000,-9.997261,-0.234052,-88.658858,5.000000,-0.000228,10.000000
6.340000,-9.995965,-0.284035,-88.372379,5.000000,-0.000503,10.000000
6.350000,-9.994420,-0.334011,-88.085900,5.000000,0.001248,10.000000
6.360000,-9.992625,-0.383979,-87.799421,5.000000,0.000425,10.000000
6.370000,-9.990580,-0.433937,-87.512942,5.000000,-0.000148,10.000000
6.380000,-9.988286,-0.483884,-87.226463,5.000000,-0.000470,10.000000
6.390000,-9.985742,-0.533820,-86.939984,5.000000,0.001431,10.000000
6.400000,-9.982948,-0.583741,-86.653506,5.000000,0.000561,10.000000
6.410000,-9.979904,-0.633649,-86.367027,5.000000,-0.000059,10.000000
6.420000,-9.976611,-0.683540,-86.080548,5.000000,-0.000428,10.000000
6.430000,-9.973069,-0.733414,-85.794069,5.000000,0.001623,10.000000
6.440000,-9.969277,-0.783270,-85.507590,5.000000,0.000706,10.000000
6.450000,-9.965236,-0.833107,-85.221111,5.000000,0.000039,10.000000
6.460000,-9.960946,-0.882922,-84.934632,5.000000,-0.000378,10.000000
6.470000,-9.956407,-0.932716,-84.648153,5.000000,-0.000545,10.000000
6.480000,-9.951619,-0.982486,-84.361674,5.000000,0.000860,10.000000
6.490000,-9.946582,-1.032232,-84.075195,5.000000,0.000146,10.000000
6.500000,-9.941297,-1.081951,-83.788717,5.000000,-0.000318,10.000000
6.510000,-9.935763,-1.131644,-83.502238,5.000000,-0.000532,10.000000
6.520000,-9.929980,-1.181309,-83.215759,5.000000,0.001023,10.000000
6.530000,-9.923950,-1.230943,-82.929280,5.000000,0.000262,10.000000
6.540000,-9.917671,-1.280548,-82.642801,5.000000,-0.000250,10.000000
6.550000,-9.911144,-1.330120,-82.356322,5.000000,-0.000511,10.000000
6.560000,-9.904370,-1.379659,-82.069843,5.000000,0.001195,10.000000
6.570000,-9.897348,-1.429163,-81.783364,5.000000,0.000386,10.000000
6.580000,-9.890078,-1.478632,-81.496885,5.000000,-0.000172,10.000000
6.590000,-9.882562,-1.528063,-81.210407,5.000000,-0.000481,10.000000
6.600000,-9.874798,-1.577457,-80.923928,5.000000,0.001376,10.000000
6.610000,-9.866787,-1.626811,-80.637449,5.000000,0.000520,10.000000
6.620000,-9.858530,-1.676124,-80.350970,5.000000,-0.000086,10.000000
6.630000,-9.850026,-1.725396,-80.064491,5.000000,-0.000442,10.000000
6.640000,-9.841276,-1.774624,-79.778012,5.000000,0.001565,10.000000
6.650000,-9.832280,-1.823808,-79.491533,5.000000,0.000662,10.000000
6.660000,-9.823038,-1.872947,-79.205054,5.000000,0.000009,10.000000
6.670000,-9.813550,-1.922038,-78.918575,5.000000,-0.000394,10.000000
6.680000,-9.803817,-1.971082,-78.632096,5.000000,-0.000547,10.000000
6.690000,-9.793840,-2.020076,-78.345618,5.000000,0.000814,10.000000
6.700000,-9.783617,-2.069020,-78.059139,5.000000,0.000113,10.000000
6.710000,-9.773149,-2.117912,-77.772660,5.000000,-0.000337,10.000000
6.720000,-9.762438,-2.166751,-77.486181,5.000000,-0.000537,10.000000
6.730000,-9.751482,-2.215536,-77.199702,5.000000,0.000974,10.000000
6.740000,-9.740282,-2.264265,-76.913223,5.000000,0.000226,10.000000
6.750000,-9.728839,-2.312938,-76.626744,5.000000,-0.000271,10.000000
6.760000,-9.717153,-2.361553,-76.340265,5.000000,-0.000518,10.000000
6.770000,-9.705224,-2.410109,-76.053786,5.000000,0.001143,10.000000
6.780000,-9.693052,-2.458605,-75.767307,5.000000,0.000348,10.000000
6.790000,-9.680638,-2.507039,-75.480829,5.000000,-0.000196,10.000000
6.800000,-9.667982,-2.555411,-75.194350,5.000000,-0.000491,10.000000
6.810000,-9.655084,-2.603719,-74.907871,5.000000,0.001321,10.000000
6.820000,-9.641945,-2.651961,-74.621392,5.000000,0.000479,10.000000
6.830000,-9.628565,-2.700138,-74.334913,5.000000,-0.000113,10.000000
6.840000,-9.614944,-2.748247,-74.048434,5.000000,-0.000454,10.000000
6.850000,-9.601082,-2.796287,-73.761955,5.000000,0.001508,10.000000
6.860000,-9.586981,-2.844257,-73.475476,5.000000,0.000619,10.000000
6.870000,-9.572640,-2.892156,-73.188997,5.000000,-0.000020,10.000000
6.880000,-9.558059,-2.939983,-72.902518,5.000000,-0.000409,10.000000
6.890000,-9.543240,-2.987736,-72.616040,5.000000,-0.000548,10.000000
6.900000,-9.528182,-3.035415,-72.329561,5.000000,0.000768,10.000000
6.910000,-9.512886,-3.083018,-72.043082,5.000000,0.000082,10.000000
6.920000,-9.497352,-3.130544,-71.756603,5.000000,-0.000355,10.000000
6.930000,-9.481581,-3.177991,-71.470124,5.000000,-0.000541,10.000000
6.940000,-9.465572,-3.225359,-71.183645,5.000000,0.000925,10.000000
6.950000,-9.449327,-3.272646,-70.897166,5.000000,0.000192,10.000000
6.960000,-9.432846,-3.319852,-70.610687,5.000000,-0.000291,10.000000
6.970000,-9.416129,-3.366974,-70.324208,5.000000,-0.000525,10.000000
6.980000,-9.399176,-3.414013,-70.037729,5.000000,0.001092,10.000000
6.990000,-9.381989,-3.460966,-69.751251,5.000000,0.000311,10.000000
7.000000,-9.364567,-3.507832,-69.464772,5.000000,-0.000219,10.000000
7.010000,-9.346911,-3.554611,-69.178293,5.000000,-0.000500,10.000000
7.020000,-9.329021,-3.601301,-68.891814,5.000000,0.001267,10.000000
7.030000,-9.310898,-3.647901,-68.605335,5.000000,0.000439,10.000000
7.040000,-9.292542,-3.694410,-68.318856,5.000000,-0.000138,10.000000
7.050000,-9.273954,-3.740826,-68.032377,5.000000,-0.000466,10.000000
7.060000,-9.255134,-3.787149,-67.745898,5.000000,0.001452,10.000000
7.070000,-9.236083,-3.833377,-67.459419,5.000000,0.000577,10.000000
7.080000,-9.216800,-3.879509,-67.172941,5.000000,-0.000048,10.000000
7.090000,-9.197288,-3.925544,-66.886462,5.000000,-0.000423,10.000000
7.100000,-9.177545,-3.971482,-66.599983,5.000000,0.001645,10.000000
7.110000,-9.157573,-4.017320,-66.313504,5.000000,0.000723,10.000000
7.120000,-9.137372,-4.063057,-66.027025,5.000000,0.000051,10.000000
7.130000,-9.116943,-4.108693,-65.740546,5.000000,-0.000372,10.000000
7.140000,-9.096285,-4.154226,-65.454067,5.000000,-0.000544,10.000000
7.150000,-9.075401,-4.199655,-65.167588,5.000000,0.000878,10.000000
7.160000,-9.054289,-4.244980,-64.881109,5.000000,0.000158,10.000000
7.170000,-9.032951,-4.290198,-64.594630,5.000000,-0.000311,10.000000
7.180000,-9.011387,-4.335309,-64.308152,5.000000,-0.000530,10.000000
7.190000,-8.989598,-4.380311,-64.021673,5.000000,0.001041,10.000000
7.200000,-8.967584,-4.425204,-63.735194,5.000000,0.000275,10.000000
7.210000,-8.945346,-4.469987,-63.448715,5.000000,-0.000242,10.000000
7.220000,-8.922884,-4.514658,-63.162236,5.000000,-0.000508,10.000000
7.230000,-8.900200,-4.559215,-62.875757,5.000000,0.001214,10.000000
7.240000,-8.877293,-4.603659,-62.589278,5.000000,0.000401,10.000000
7.250000,-8.854163,-4.647988,-62.302799,5.000000,-0.000163,10.000000
7.260000,-8.830813,-4.692200,-62.016320,5.000000,-0.000477,10.000000
7.270000,-8.807242,-4.736296,-61.729841,5.000000,0.001396,10.000000
7.280000,-8.783450,-4.780272,-61.443363,5.000000,0.000535,10.000000
7.290000,-8.759439,-4.824130,-61.156884,5.000000,-0.000076,10.000000
7.300000,-8.735209,-4.867866,-60.870405,5.000000,-0.000437,10.000000
7.310000,-8.710761,-4.911482,-60.583926,5.000000,0.001586,10.000000
7.320000,-8.686094,-4.954974,-60.297447,5.000000,0.000678,10.000000
7.330000,-8.661211,-4.998342,-60.010968,5.000000,0.000020,10.000000
7.340000,-8.636111,-5.041585,-59.724489,5.000000,-0.000388,10.000000
7.350000,-8.610795,-5.084703,-59.438010,5.000000,-0.000546,10.000000
7.360000,-8.585264,-5.127693,-59.151531,5.000000,0.000831,10.000000
7.370000,-8.559519,-5.170555,-58.865052,5.000000,0.000125,10.000000
7.380000,-8.533559,-5.213288,-58.578574,5.000000,-0.000330,10.000000
7.390000,-8.507386,-5.255890,-58.292095,5.000000,-0.000535,10.000000
7.400000,-8.481000,-5.298361,-58.005616,5.000000,0.000992,10.000000
7.410000,-8.454403,-5.340700,-57.719137,5.000000,0.000239,10.000000
7.420000,-8.427594,-5.382905,-57.432658,5.000000,-0.000263,10.000000
7.430000,-8.400574,-5.424976,-57.146179,5.000000,-0.000516,10.000000
7.440000,-8.373344,-5.466910,-56.859700,5.000000,0.001162,10.000000
7.450000,-8.345905,-5.508709,-56.573221,5.000000,0.000362,10.000000
7.460000,-8.318257,-5.550369,-56.286742,5.000000,-0.000187,10.000000
7.470000,-8.290401,-5.591891,-56.000264,5.000000,-0.000487,10.000000
7.480000,-8.262338,-5.633273,-55.713785,5.000000,0.001341,10.000000
7.490000,-8.234069,-5.674514,-55.427306,5.000000,0.000494,10.000000
7.500000,-8.205594,-5.715613,-55.140827,5.000000,-0.000103,10.000000
7.510000,-8.176913,-5.756570,-54.854348,5.000000,-0.000450,10.000000
7.520000,-8.148028,-5.797382,-54.567869,5.000000,0.001529,10.000000
7.530000,-8.118939,-5.838049,-54.281390,5.000000,0.000635,10.000000
7.540000,-8.089648,-5.878571,-53.994911,5.000000,-0.000009,10.000000
7.550000,-8.060154,-5.918946,-53.708432,5.000000,-0.000403,10.000000
7.560000,-8.030459,-5.959172,-53.421953,5.000000,-0.000548,10.000000
7.570000,-8.000563,-5.999250,-53.135475,5.000000,0.000785,10.000000
7.580000,-7.970466,-6.039178,-52.848996,5.000000,0.000093,10.000000
7.590000,-7.940171,-6.078954,-52.562517,5.000000,-0.000348,10.000000
7.600000,-7.909677,-6.118579,-52.276038,5.000000,-0.000540,10.000000
7.610000,-7.878985,-6.158051,-51.989559,5.000000,0.000943,10.000000
7.620000,-7.848097,-6.197368,-51.703080,5.000000,0.000205,10.000000
7.630000,-7.817012,-6.236531,-51.416601,5.000000,-0.000284,10.000000
7.640000,-7.785732,-6.275538,-51.130122,5.000000,-0.000523,10.000000
7.650000,-7.754257,-6.314388,-50.843643,5.000000,0.001111,10.000000
7.660000,-7.722588,-6.353080,-50.557164,5.000000,0.000325,10.000000
7.670000,-7.690726,-6.391614,-50.270686,5.000000,-0.000211,10.000000
7.680000,-7.658672,-6.429987,-49.984207,5.000000,-0.000497,10.000000
7.690000,-7.626427,-6.468200,-49.697728,5.000000,0.001287,10.000000
7.700000,-7.593991,-6.506251,-49.411249,5.000000,0.000454,10.000000
7.710000,-7.561365,-6.544140,-49.124770,5.000000,-0.000129,10.000000
7.720000,-7.528549,-6.581865,-48.838291,5.000000,-0.000462,10.000000
7.730000,-7.495546,-6.619425,-48.551812,5.000000,0.001472,10.000000
7.740000,-7.462355,-6.656820,-48.265333,5.000000,0.000592,10.000000
7.750000,-7.428978,-6.694048,-47.978854,5.000000,-0.000038,10.000000
7.760000,-7.395415,-6.731109,-47.692375,5.000000,-0.000418,10.000000
7.770000,-7.361667,-6.768002,-47.405897,5.000000,-0.000548,10.000000
7.780000,-7.327736,-6.804726,-47.119418,5.000000,0.000739,10.000000
7.790000,-7.293620,-6.841279,-46.832939,5.000000,0.000062,10.000000
7.800000,-7.259323,-6.877662,-46.546460,5.000000,-0.000365,10.000000
7.810000,-7.224844,-6.913872,-46.259981,5.000000,-0.000543,10.000000
7.820000,-7.190185,-6.949910,-45.973502,5.000000,0.000895,10.000000
7.830000,-7.155345,-6.985774,-45.687023,5.000000,0.000171,10.000000
7.840000,-7.120327,-7.021463,-45.400544,5.000000,-0.000304,10.000000
7.850000,-7.085131,-7.056977,-45.114065,5.000000,-0.000528,10.000000
7.860000,-7.049758,-7.092314,-44.827587,5.000000,0.001060,10.000000
7.870000,-7.014208,-7.127474,-44.541108,5.000000,0.000288,10.000000
7.880000,-6.978483,-7.162456,-44.254629,5.000000,-0.000234,10.000000
7.890000,-6.942584,-7.197258,-43.968150,5.000000,-0.000505,10.000000
7.900000,-6.906511,-7.231881,-43.681671,5.000000,0.001234,10.000000
7.910000,-6.870265,-7.266323,-43.395192,5.000000,0.000415,10.000000
7.920000,-6.833848,-7.300584,-43.108713,5.000000,-0.000154,10.000000
7.930000,-6.797260,-7.334661,-42.822234,5.000000,-0.000473,10.000000
7.940000,-6.760502,-7.368556,-42.535755,5.000000,0.001416,10.000000
7.950000,-6.723575,-7.402266,-42.249276,5.000000,0.000550,10.000000
7.960000,-6.686479,-7.435791,-41.962798,5.000000,-0.000066,10.000000
7.970000,-6.649217,-7.469131,-41.676319,5.000000,-0.000432,10.000000
7.980000,-6.611788,-7.502283,-41.389840,5.000000,0.001608,10.000000
7.990000,-6.574194,-7.535248,-41.103361,5.000000,0.000695,10.000000
8.000000,-6.536436,-7.568025,-40.816882,5.000000,0.000031,10.000000
8.010000,-6.498515,-7.600612,-40.530403,5.000000,-0.000382,10.000000
8.020000,-6.460430,-7.633010,-40.243924,5.000000,-0.000545,10.000000
8.030000,-6.422185,-7.665216,-39.957445,5.000000,0.000848,10.000000
8.040000,-6.383779,-7.697231,-39.670966,5.000000,0.000137,10.000000
8.050000,-6.345213,-7.729054,-39.384487,5.000000,-0.000323,10.000000
8.060000,-6.306488,-7.760683,-39.098009,5.000000,-0.000534,10.000000
8.070000,-6.267606,-7.792119,-38.811530,5.000000,0.001010,10.000000
8.080000,-6.228567,-7.823359,-38.525051,5.000000,0.000252,10.000000
8.090000,-6.189373,-7.854404,-38.238572,5.000000,-0.000255,10.000000
8.100000,-6.150024,-7.885253,-37.952093,5.000000,-0.000513,10.000000
8.110000,-6.110521,-7.915904,-37.665614,5.000000,0.001181,10.000000
8.120000,-6.070865,-7.946357,-37.379135,5.000000,0.000376,10.000000
8.130000,-6.031058,-7.976612,-37.092656,5.000000,-0.000179,10.000000
8.140000,-5.991099,-8.006668,-36.806177,5.000000,-0.000484,10.000000
8.150000,-5.950991,-8.036523,-36.519698,5.000000,0.001361,10.000000
8.160000,-5.910734,-8.066177,-36.233220,5.000000,0.000509,10.000000
8.170000,-5.870330,-8.095630,-35.946741,5.000000,-0.000093,10.000000
8.180000,-5.829778,-8.124881,-35.660262,5.000000,-0.000445,10.000000
8.190000,-5.789081,-8.153928,-35.373783,5.000000,0.001550,10.000000
8.200000,-5.748239,-8.182771,-35.087304,5.000000,0.000651,10.000000
8.210000,-5.707254,-8.211410,-34.800825,5.000000,0.000002,10.000000
8.220000,-5.666126,-8.239843,-34.514346,5.000000,-0.000398,10.000000
8.230000,-5.624856,-8.268071,-34.227867,5.000000,-0.000547,10.000000
8.240000,-5.583445,-8.296092,-33.941388,5.000000,0.000801,10.000000
8.250000,-5.541895,-8.323905,-33.654910,5.000000,0.000105,10.000000
8.260000,-5.500207,-8.351510,-33.368431,5.000000,-0.000342,10.000000
8.270000,-5.458381,-8.378907,-33.081952,5.000000,-0.000538,10.000000
8.280000,-5.416418,-8.406094,-32.795473,5.000000,0.000961,10.000000
8.290000,-5.374320,-8.433071,-32.508994,5.000000,0.000217,10.000000
8.300000,-5.332088,-8.459837,-32.222515,5.000000,-0.000276,10.000000
8.310000,-5.289722,-8.486392,-31.936036,5.000000,-0.000520,10.000000
8.320000,-5.247224,-8.512734,-31.649557,5.000000,0.001129,10.000000
8.330000,-5.204595,-8.538864,-31.363078,5.000000,0.000339,10.000000
8.340000,-5.161836,-8.564780,-31.076599,5.000000,-0.000202,10.000000
8.350000,-5.118947,-8.590482,-30.790121,5.000000,-0.000493,10.000000
8.360000,-5.075931,-8.615969,-30.503642,5.000000,0.001307,10.000000
8.370000,-5.032788,-8.641241,-30.217163,5.000000,0.000469,10.000000
8.380000,-4.989519,-8.666297,-29.930684,5.000000,-0.000119,10.000000
8.390000,-4.946126,-8.691136,-29.644205,5.000000,-0.000457,10.000000
8.400000,-4.902608,-8.715758,-29.357726,5.000000,0.001493,10.000000
8.410000,-4.858968,-8.740162,-29.071247,5.000000,0.000608,10.000000
8.420000,-4.815207,-8.764347,-28.784768,5.000000,-0.000027,10.000000
8.430000,-4.771325,-8.788314,-28.498289,5.000000,-0.000413,10.000000
8.440000,-4.727324,-8.812060,-28.211810,5.000000,-0.000548,10.000000
8.450000,-4.683205,-8.835587,-27.925332,5.000000,0.000756,10.000000
8.460000,-4.638969,-8.858892,-27.638853,5.000000,0.000073,10.000000
8.470000,-4.594616,-8.881976,-27.352374,5.000000,-0.000359,10.000000
8.480000,-4.550149,-8.904838,-27.065895,5.000000,-0.000542,10.000000
8.490000,-4.505568,-8.927477,-26.779416,5.000000,0.000913,10.000000
8.500000,-4.460875,-8.949894,-26.492937,5.000000,0.000183,10.000000
8.510000,-4.416070,-8.972086,-26.206458,5.000000,-0.000297,10.000000
8.520000,-4.371154,-8.994054,-25.919979,5.000000,-0.000526,10.000000
8.530000,-4.326130,-9.015797,-25.633500,5.000000,0.001078,10.000000
8.540000,-4.280997,-9.037315,-25.347021,5.000000,0.000302,10.000000
8.550000,-4.235757,-9.058607,-25.060543,5.000000,-0.000225,10.000000
8.560000,-4.190411,-9.079673,-24.774064,5.000000,-0.000502,10.000000
8.570000,-4.144961,-9.100511,-24.487585,5.000000,0.001253,10.000000
8.580000,-4.099406,-9.121122,-24.201106,5.000000,0.000429,10.000000
8.590000,-4.053750,-9.141505,-23.914627,5.000000,-0.000145,10.000000
8.600000,-4.007992,-9.161659,-23.628148,5.000000,-0.000469,10.000000
8.610000,-3.962134,-9.181585,-23.341669,5.000000,0.001437,10.000000
8.620000,-3.916176,-9.201281,-23.055190,5.000000,0.000566,10.000000
8.630000,-3.870121,-9.220746,-22.768711,5.000000,-0.000056,10.000000
8.640000,-3.823969,-9.239982,-22.482233,5.000000,-0.000427,10.000000
8.650000,-3.777722,-9.258986,-22.195754,5.000000,0.001629,10.000000
8.660000,-3.731380,-9.277759,-21.909275,5.000000,0.000711,10.000000
8.670000,-3.684944,-9.296299,-21.622796,5.000000,0.000042,10.000000
8.680000,-3.638417,-9.314608,-21.336317,5.000000,-0.000376,10.000000
8.690000,-3.591799,-9.332684,-21.049838,5.000000,-0.000545,10.000000
8.700000,-3.545091,-9.350526,-20.763359,5.000000,0.000865,10.000000
8.710000,-3.498294,-9.368134,-20.476880,5.000000,0.000150,10.000000
8.720000,-3.451410,-9.385509,-20.190401,5.000000,-0.000316,10.000000
8.730000,-3.404439,-9.402648,-19.903922,5.000000,-0.000532,10.000000
8.740000,-3.357384,-9.419553,-19.617444,5.000000,0.001028,10.000000
8.750000,-3.310244,-9.436222,-19.330965,5.000000,0.000265,10.000000
8.760000,-3.263022,-9.452655,-19.044486,5.000000,-0.000247,10.000000
8.770000,-3.215718,-9.468852,-18.758007,5.000000,-0.000510,10.000000
8.780000,-3.168334,-9.484812,-18.471528,5.000000,0.001200,10.000000
8.790000,-3.120870,-9.500535,-18.185049,5.000000,0.000390,10.000000
8.800000,-3.073329,-9.516021,-17.898570,5.000000,-0.000170,10.000000
8.810000,-3.025710,-9.531268,-17.612091,5.000000,-0.000480,10.000000
8.820000,-2.978016,-9.546278,-17.325612,5.000000,0.001381,10.000000
8.830000,-2.930248,-9.561048,-17.039133,5.000000,0.000524,10.000000
8.840000,-2.882406,-9.575580,-16.752655,5.000000,-0.000083,10.000000
8.850000,-2.834493,-9.589872,-16.466176,5.000000,-0.000440,10.000000
8.860000,-2.786508,-9.603925,-16.179697,5.000000,0.001571,10.000000
8.870000,-2.738454,-9.617737,-15.893218,5.000000,0.000667,10.000000
8.880000,-2.690331,-9.631309,-15.606739,5.000000,0.000012,10.000000
8.890000,-2.642141,-9.644641,-15.320260,5.000000,-0.000392,10.000000
8.900000,-2.593885,-9.657731,-15.033781,5.000000,-0.000547,10.000000
8.910000,-2.545564,-9.670579,-14.747302,5.000000,0.000818,10.000000
8.920000,-2.497180,-9.683186,-14.460823,5.000000,0.000117,10.000000
8.930000,-2.448733,-9.695551,-14.174344,5.000000,-0.000335,10.000000
8.940000,-2.400225,-9.707673,-13.887866,5.000000,-0.000537,10.000000
8.950000,-2.351656,-9.719553,-13.601387,5.000000,0.000979,10.000000
8.960000,-2.303029,-9.731190,-13.314908,5.000000,0.000230,10.000000
8.970000,-2.254345,-9.742583,-13.028429,5.000000,-0.000269,10.000000
8.980000,-2.205604,-9.753733,-12.741950,5.000000,-0.000518,10.000000
8.990000,-2.156808,-9.764639,-12.455471,5.000000,0.001148,10.000000
9.000000,-2.107958,-9.775301,-12.168992,5.000000,0.000352,10.000000
9.010000,-2.059055,-9.785719,-11.882513,5.000000,-0.000194,10.000000
9.020000,-2.010101,-9.795892,-11.596034,5.000000,-0.000490,10.000000
9.030000,-1.961097,-9.805820,-11.309555,5.000000,0.001327,10.000000
9.040000,-1.912043,-9.815503,-11.023077,5.000000,0.000483,10.000000
9.050000,-1.862942,-9.824940,-10.736598,5.000000,-0.000110,10.000000
9.060000,-1.813794,-9.834132,-10.450119,5.000000,-0.000453,10.000000
9.070000,-1.764601,-9.843078,-10.163640,5.000000,0.001514,10.000000
9.080000,-1.715364,-9.851778,-9.877161,5.000000,0.000624,10.000000
9.090000,-1.666084,-9.860231,-9.590682,5.000000,-0.000017,10.000000
9.100000,-1.616762,-9.868439,-9.304203,5.000000,-0.000407,10.000000
9.110000,-1.567400,-9.876399,-9.017724,5.000000,-0.000548,10.000000
9.120000,-1.517999,-9.884113,-8.731245,5.000000,0.000773,10.000000
9.130000,-1.468559,-9.891579,-8.444767,5.000000,0.000085,10.000000
9.140000,-1.419083,-9.898798,-8.158288,5.000000,-0.000353,10.000000
9.150000,-1.369572,-9.905770,-7.871809,5.000000,-0.000540,10.000000
9.160000,-1.320026,-9.912494,-7.585330,5.000000,0.000930,10.000000
9.170000,-1.270447,-9.918970,-7.298851,5.000000,0.000196,10.000000
9.180000,-1.220837,-9.925198,-7.012372,5.000000,-0.000289,10.000000
9.190000,-1.171196,-9.931178,-6.725893,5.000000,-0.000524,10.000000
9.200000,-1.121525,-9.936910,-6.439414,5.000000,0.001097,10.000000
9.210000,-1.071827,-9.942393,-6.152935,5.000000,0.000315,10.000000
9.220000,-1.022102,-9.947628,-5.866456,5.000000,-0.000217,10.000000
9.230000,-0.972351,-9.952614,-5.579978,5.000000,-0.000499,10.000000
9.240000,-0.922576,-9.957352,-5.293499,5.000000,0.001273,10.000000
9.250000,-0.872778,-9.961840,-5.007020,5.000000,0.000444,10.000000
9.260000,-0.822958,-9.966079,-4.720541,5.000000,-0.000136,10.000000
9.270000,-0.773118,-9.970070,-4.434062,5.000000,-0.000465,10.000000
9.280000,-0.723258,-9.973811,-4.147583,5.000000,0.001457,10.000000
9.290000,-0.673380,-9.977302,-3.861104,5.000000,0.000581,10.000000
9.300000,-0.623485,-9.980544,-3.574625,5.000000,-0.000045,10.000000
9.310000,-0.573575,-9.983537,-3.288146,5.000000,-0.000422,10.000000
9.320000,-0.523650,-9.986280,-3.001667,5.000000,-0.000548,10.000000
9.330000,-0.473712,-9.988774,-2.715189,5.000000,0.000727,10.000000
9.340000,-0.423763,-9.991017,-2.428710,5.000000,0.000054,10.000000
9.350000,-0.373803,-9.993011,-2.142231,5.000000,-0.000370,10.000000
9.360000,-0.323833,-9.994755,-1.855752,5.000000,-0.000544,10.000000
9.370000,-0.273856,-9.996249,-1.569273,5.000000,0.000883,10.000000
9.380000,-0.223871,-9.997494,-1.282794,5.000000,0.000162,10.000000
9.390000,-0.173881,-9.998488,-0.996315,5.000000,-0.000309,10.000000
9.400000,-0.123887,-9.999233,-0.709836,5.000000,-0.000530,10.000000
9.410000,-0.073889,-9.999727,-0.423357,5.000000,0.001047,10.000000
9.420000,-0.023890,-9.999971,-0.136878,5.000000,0.000279,10.000000
9.430000,0.026110,-9.999966,0.149600,5.000000,-0.000239,10.000000
9.440000,0.076109,-9.999710,0.436079,5.000000,-0.000507,10.000000
9.450000,0.126107,-9.999205,0.722558,5.000000,0.001220,10.000000
9.460000,0.176101,-9.998449,1.009037,5.000000,0.000405,10.000000
9.470000,0.226091,-9.997444,1.295516,5.000000,-0.000161,10.000000
9.480000,0.276075,-9.996188,1.581995,5.000000,-0.000476,10.000000
9.490000,0.326052,-9.994683,1.868474,5.000000,0.001402,10.000000
9.500000,0.376022,-9.992928,2.154953,5.000000,0.000539,10.000000
9.510000,0.425981,-9.990923,2.441432,5.000000,-0.000073,10.000000
9.520000,0.475930,-9.988668,2.727910,5.000000,-0.000436,10.000000
9.530000,0.525868,-9.986164,3.014389,5.000000,0.001593,10.000000
9.540000,0.575792,-9.983409,3.300868,5.000000,0.000683,10.000000
9.550000,0.625701,-9.980406,3.587347,5.000000,0.000023,10.000000
9.560000,0.675595,-9.977152,3.873826,5.000000,-0.000386,10.000000
9.570000,0.725472,-9.973650,4.160305,5.000000,-0.000546,10.000000
9.580000,0.775331,-9.969898,4.446784,5.000000,0.000836,10.000000
9.590000,0.825171,-9.965896,4.733263,5.000000,0.000129,10.000000
9.600000,0.874990,-9.961646,5.019742,5.000000,-0.000328,10.000000
9.610000,0.924787,-9.957147,5.306221,5.000000,-0.000535,10.000000
9.620000,0.974561,-9.952398,5.592699,5.000000,0.000997,10.000000
9.630000,1.024310,-9.947401,5.879178,5.000000,0.000243,10.000000
9.640000,1.074034,-9.942155,6.165657,5.000000,-0.000261,10.000000
9.650000,1.123732,-9.936661,6.452136,5.000000,-0.000515,10.000000
9.660000,1.173401,-9.930918,6.738615,5.000000,0.001167,10.000000
9.670000,1.223040,-9.924927,7.025094,5.000000,0.000366,10.000000
9.680000,1.272650,-9.918688,7.311573,5.000000,-0.000185,10.000000
9.690000,1.322227,-9.912200,7.598052,5.000000,-0.000486,10.000000
9.700000,1.371771,-9.905465,7.884531,5.000000,0.001347,10.000000
9.710000,1.421281,-9.898483,8.171010,5.000000,0.000498,10.000000
9.720000,1.470756,-9.891253,8.457488,5.000000,-0.000100,10.000000
9.730000,1.520193,-9.883775,8.743967,5.000000,-0.000448,10.000000
9.740000,1.569593,-9.876051,9.030446,5.000000,0.001535,10.000000
9.750000,1.618953,-9.868079,9.316925,5.000000,0.000639,10.000000
9.760000,1.668273,-9.859861,9.603404,5.000000,-0.000006,10.000000
9.770000,1.717552,-9.851397,9.889883,5.000000,-0.000402,10.000000
9.780000,1.766787,-9.842686,10.176362,5.000000,-0.000547,10.000000
9.790000,1.815978,-9.833729,10.462841,5.000000,0.000789,10.000000
9.800000,1.865124,-9.824526,10.749320,5.000000,0.000097,10.000000
9.810000,1.914223,-9.815078,11.035799,5.000000,-0.000346,10.000000
9.820000,1.963274,-9.805384,11.322277,5.000000,-0.000539,10.000000
9.830000,2.012276,-9.795445,11.608756,5.000000,0.000948,10.000000
9.840000,2.061228,-9.785261,11.895235,5.000000,0.000208,10.000000
9.850000,2.110128,-9.774833,12.181714,5.000000,-0.000282,10.000000
9.860000,2.158976,-9.764160,12.468193,5.000000,-0.000522,10.000000
9.870000,2.207770,-9.753243,12.754672,5.000000,0.001116,10.000000
9.880000,2.256508,-9.742082,13.041151,5.000000,0.000329,10.000000
9.890000,2.305190,-9.730678,13.327630,5.000000,-0.000208,10.000000
9.900000,2.353814,-9.719031,13.614109,5.000000,-0.000496,10.000000
9.910000,2.402380,-9.707140,13.900587,5.000000,0.001293,10.000000
9.920000,2.450885,-9.695007,14.187066,5.000000,0.000458,10.000000
9.930000,2.499330,-9.682631,14.473545,5.000000,-0.000126,10.000000
9.940000,2.547711,-9.670014,14.760024,5.000000,-0.000461,10.000000
9.950000,2.596029,-9.657154,15.046503,5.000000,0.001478,10.000000
9.960000,2.644282,-9.644054,15.332982,5.000000,0.000597,10.000000
9.970000,2.692469,-9.630712,15.619461,5.000000,-0.000035,10.000000
9.980000,2.740589,-9.617129,15.905940,5.000000,-0.000417,10.000000
9.990000,2.788640,-9.603306,16.192419,5.000000,-0.000548,10.000000
10.000000,2.836622,-9.589243,16.478898,5.000000,0.000744,10.000000
10.010000,2.884532,-9.574940,16.765376,5.000000,0.000065,10.000000
10.020000,2.932371,-9.560398,17.051855,5.000000,-0.000364,10.000000
10.030000,2.980136,-9.545616,17.338334,5.000000,-0.000543,10.000000
10.040000,3.027827,-9.530596,17.624813,5.000000,0.000900,10.000000
10.050000,3.075442,-9.515338,17.911292,5.000000,0.000174,10.000000
10.060000,3.122980,-9.499842,18.197771,5.000000,-0.000302,10.000000
10.070000,3.170440,-9.484108,18.484250,5.000000,-0.000528,10.000000
10.080000,3.217820,-9.468138,18.770729,5.000000,0.001065,10.000000
10.090000,3.265121,-9.451930,19.057208,5.000000,0.000292,10.000000
10.100000,3.312339,-9.435487,19.343687,5.000000,-0.000231,10.000000
10.110000,3.359475,-9.418807,19.630165,5.000000,-0.000504,10.000000
10.120000,3.406527,-9.401892,19.916644,5.000000,0.001239,10.000000
10.130000,3.453494,-9.384742,20.203123,5.000000,0.000419,10.000000
10.140000,3.500374,-9.367357,20.489602,5.000000,-0.000152,10.000000
10.150000,3.547167,-9.349738,20.776081,5.000000,-0.000472,10.000000
10.160000,3.593871,-9.331886,21.062560,5.000000,0.001422,10.000000
10.170000,3.640485,-9.313800,21.349039,5.000000,0.000555,10.000000
10.180000,3.687009,-9.295481,21.635518,5.000000,-0.000063,10.000000
10.190000,3.733440,-9.276930,21.921997,5.000000,-0.000431,10.000000
10.200000,3.779777,-9.258147,22.208476,5.000000,0.001614,10.000000
10.210000,3.826021,-9.239132,22.494954,5.000000,0.000699,10.000000
10.220000,3.872168,-9.219887,22.781433,5.000000,0.000034,10.000000
10.230000,3.918219,-9.200411,23.067912,5.000000,-0.000380,10.000000
10.240000,3.964172,-9.180705,23.354391,5.000000,-0.000545,10.000000
10.250000,4.010026,-9.160769,23.640870,5.000000,0.000853,10.000000
10.260000,4.055779,-9.140605,23.927349,5.000000,0.000141,10.000000
10.270000,4.101432,-9.120212,24.213828,5.000000,-0.000321,10.000000
10.280000,4.146981,-9.099591,24.500307,5.000000,-0.000533,10.000000
10.290000,4.192427,-9.078742,24.786786,5.000000,0.001015,10.000000
10.300000,4.237768,-9.057666,25.073264,5.000000,0.000256,10.000000
10.310000,4.283003,-9.036364,25.359743,5.000000,-0.000253,10.000000
10.320000,4.328131,-9.014837,25.646222,5.000000,-0.000512,10.000000
10.330000,4.373151,-8.993083,25.932701,5.000000,0.001187,10.000000
10.340000,4.418062,-8.971105,26.219180,5.000000,0.000380,10.000000
10.350000,4.462862,-8.948903,26.505659,5.000000,-0.000176,10.000000
10.360000,4.507551,-8.926477,26.792138,5.000000,-0.000482,10.000000
10.370000,4.552126,-8.903828,27.078617,5.000000,0.001367,10.000000
10.380000,4.596588,-8.880956,27.365096,5.000000,0.000513,10.000000
10.390000,4.640936,-8.857862,27.651575,5.000000,-0.000090,10.000000
10.400000,4.685167,-8.834547,27.938053,5.000000,-0.000444,10.000000
10.410000,4.729281,-8.811010,28.224532,5.000000,0.001556,10.000000
10.420000,4.773276,-8.787254,28.511011,5.000000,0.000655,10.000000
10.430000,4.817153,-8.763278,28.797490,5.000000,0.000005,10.000000
10.440000,4.860909,-8.739083,29.083969,5.000000,-0.000396,10.000000
10.450000,4.904543,-8.714669,29.370448,5.000000,-0.000547,10.000000
10.460000,4.948055,-8.690037,29.656927,5.000000,0.000806,10.000000
10.470000,4.991443,-8.665189,29.943406,5.000000,0.000108,10.000000
10.480000,5.034707,-8.640123,30.229885,5.000000,-0.000340,10.000000
10.490000,5.077844,-8.614842,30.516364,5.000000,-0.000538,10.000000
10.500000,5.120855,-8.589345,30.802842,5.000000,0.000966,10.000000
10.510000,5.163737,-8.563633,31.089321,5.000000,0.000221,10.000000
10.520000,5.206491,-8.537708,31.375800,5.000000,-0.000274,10.000000
10.530000,5.249114,-8.511569,31.662279,5.000000,-0.000519,10.000000
10.540000,5.291606,-8.485217,31.948758,5.000000,0.001135,10.000000
10.550000,5.333966,-8.458653,32.235237,5.000000,0.000342,10.000000
10.560000,5.376192,-8.431877,32.521716,5.000000,-0.000200,10.000000
10.570000,5.418284,-8.404891,32.808195,5.000000,-0.000492,10.000000
10.580000,5.460241,-8.377695,33.094674,5.000000,0.001312,10.000000
10.590000,5.502061,-8.350289,33.381153,5.000000,0.000473,10.000000
10.600000,5.543743,-8.322674,33.667631,5.000000,-0.000117,10.000000
10.610000,5.585287,-8.294852,33.954110,5.000000,-0.000456,10.000000
10.620000,5.626692,-8.266822,34.240589,5.000000,0.001499,10.000000
10.630000,5.667955,-8.238585,34.527068,5.000000,0.000612,10.000000
10.640000,5.709077,-8.210142,34.813547,5.000000,-0.000024,10.000000
10.650000,5.750056,-8.181495,35.100026,5.000000,-0.000411,10.000000
10.660000,5.790892,-8.152642,35.386505,5.000000,-0.000548,10.000000
10.670000,5.831582,-8.123586,35.672984,5.000000,0.000761,10.000000
10.680000,5.872127,-8.094327,35.959463,5.000000,0.000077,10.000000
10.690000,5.912525,-8.064865,36.245941,5.000000,-0.000357,10.000000
10.700000,5.952775,-8.035202,36.532420,5.000000,-0.000541,10.000000
10.710000,5.992877,-8.005337,36.818899,5.000000,0.000918,10.000000
10.720000,6.032829,-7.975273,37.105378,5.000000,0.000187,10.000000
10.730000,6.072629,-7.945009,37.391857,5.000000,-0.000295,10.000000
10.740000,6.112278,-7.914547,37.678336,5.000000,-0.000526,10.000000
10.750000,6.151774,-7.883887,37.964815,5.000000,0.001084,10.000000
10.760000,6.191117,-7.853030,38.251294,5.000000,0.000305,10.000000
10.770000,6.230304,-7.821976,38.537773,5.000000,-0.000223,10.000000
10.780000,6.269336,-7.790727,38.824252,5.000000,-0.000501,10.000000
10.790000,6.308211,-7.759283,39.110730,5.000000,0.001259,10.000000
10.800000,6.346929,-7.727645,39.397209,5.000000,0.000433,10.000000
10.810000,6.385487,-7.695814,39.683688,5.000000,-0.000142,10.000000
10.820000,6.423887,-7.663790,39.970167,5.000000,-0.000468,10.000000
10.830000,6.462125,-7.631575,40.256646,5.000000,0.001443,10.000000
10.840000,6.500202,-7.599169,40.543125,5.000000,0.000570,10.000000
10.850000,6.538116,-7.566573,40.829604,5.000000,-0.000053,10.000000
10.860000,6.575867,-7.533788,41.116083,5.000000,-0.000426,10.000000
10.870000,6.613454,-7.500815,41.402562,5.000000,0.001636,10.000000
10.880000,6.650875,-7.467654,41.689041,5.000000,0.000716,10.000000
10.890000,6.688130,-7.434307,41.975519,5.000000,0.000046,10.000000
10.900000,6.725218,-7.400773,42.261998,5.000000,-0.000374,10.000000
10.910000,6.762138,-7.367055,42.548477,5.000000,-0.000544,10.000000
10.920000,6.798888,-7.333152,42.834956,5.000000,0.000870,10.000000
10.930000,6.835469,-7.299066,43.121435,5.000000,0.000153,10.000000
10.940000,6.871879,-7.264798,43.407914,5.000000,-0.000314,10.000000
10.950000,6.908117,-7.230348,43.694393,5.000000,-0.000531,10.000000
10.960000,6.944182,-7.195717,43.980872,5.000000,0.001034,10.000000
10.970000,6.980073,-7.160906,44.267351,5.000000,0.000269,10.000000
10.980000,7.015791,-7.125916,44.553830,5.000000,-0.000245,10.000000
10.990000,7.051332,-7.090748,44.840308,5.000000,-0.000509,10.000000
11.000000,7.086698,-7.055403,45.126787,5.000000,0.001206,10.000000
11.010000,7.121886,-7.019882,45.413266,5.000000,0.000394,10.000000
11.020000,7.156896,-6.984185,45.699745,5.000000,-0.000167,10.000000
11.030000,7.191728,-6.948313,45.986224,5.000000,-0.000479,10.000000
11.040000,7.226379,-6.912268,46.272703,5.000000,0.001387,10.000000
11.050000,7.260850,-6.876050,46.559182,5.000000,0.000528,10.000000
11.060000,7.295139,-6.839660,46.845661,5.000000,-0.000080,10.000000
11.070000,7.329246,-6.803098,47.132140,5.000000,-0.000439,10.000000
11.080000,7.363170,-6.766367,47.418619,5.000000,0.001577,10.000000
11.090000,7.396910,-6.729467,47.705097,5.000000,0.000671,10.000000
11.100000,7.430464,-6.692399,47.991576,5.000000,0.000016,10.000000
11.110000,7.463833,-6.655163,48.278055,5.000000,-0.000390,10.000000
11.120000,7.497016,-6.617761,48.564534,5.000000,-0.000546,10.000000
11.130000,7.530011,-6.580193,48.851013,5.000000,0.000823,10.000000
11.140000,7.562817,-6.542461,49.137492,5.000000,0.000120,10.000000
11.150000,7.595435,-6.504565,49.423971,5.000000,-0.000333,10.000000
11.160000,7.627863,-6.466507,49.710450,5.000000,-0.000536,10.000000
11.170000,7.660100,-6.428287,49.996929,5.000000,0.000984,10.000000
11.180000,7.692145,-6.389906,50.283407,5.000000,0.000234,10.000000
11.190000,7.723999,-6.351366,50.569886,5.000000,-0.000267,10.000000
11.200000,7.755659,-6.312666,50.856365,5.000000,-0.000517,10.000000
11.210000,7.787125,-6.273809,51.142844,5.000000,0.001154,10.000000
11.220000,7.818397,-6.234795,51.429323,5.000000,0.000356,10.000000
11.230000,7.849473,-6.195626,51.715802,5.000000,-0.000191,10.000000
11.240000,7.880353,-6.156301,52.002281,5.000000,-0.000489,10.000000
11.250000,7.911035,-6.116822,52.288760,5.000000,0.001332,10.000000
11.260000,7.941521,-6.077191,52.575239,5.000000,0.000488,10.000000
11.270000,7.971807,-6.037408,52.861718,5.000000,-0.000107,10.000000
11.280000,8.001894,-5.997473,53.148196,5.000000,-0.000452,10.000000
11.290000,8.031782,-5.957389,53.434675,5.000000,0.001520,10.000000
11.300000,8.061468,-5.917156,53.721154,5.000000,0.000628,10.000000
11.310000,8.090953,-5.876775,54.007633,5.000000,-0.000014,10.000000
11.320000,8.120236,-5.836247,54.294112,5.000000,-0.000406,10.000000
11.330000,8.149315,-5.795573,54.580591,5.000000,-0.000548,10.000000
11.340000,8.178191,-5.754754,54.867070,5.000000,0.000777,10.000000
11.350000,8.206862,-5.713791,55.153549,5.000000,0.000088,10.000000
11.360000,8.235329,-5.672686,55.440028,5.000000,-0.000351,10.000000
11.370000,8.263589,-5.631438,55.726507,5.000000,-0.000540,10.000000
11.380000,8.291643,-5.590050,56.012985,5.000000,0.000935,10.000000
11.390000,8.319489,-5.548522,56.299464,5.000000,0.000199,10.000000
11.400000,8.347128,-5.506855,56.585943,5.000000,-0.000287,10.000000
11.410000,8.374558,-5.465051,56.872422,5.000000,-0.000524,10.000000
11.420000,8.401778,-5.423110,57.158901,5.000000,0.001103,10.000000
11.430000,8.428789,-5.381034,57.445380,5.000000,0.000319,10.000000
11.440000,8.455588,-5.338823,57.731859,5.000000,-0.000215,10.000000
11.450000,8.482177,-5.296478,58.018338,5.000000,-0.000498,10.000000
11.460000,8.508553,-5.254001,58.304817,5.000000,0.001278,10.000000
11.470000,8.534716,-5.211393,58.591296,5.000000,0.000448,10.000000
11.480000,8.560667,-5.168654,58.877774,5.000000,-0.000133,10.000000
11.490000,8.586403,-5.125787,59.164253,5.000000,-0.000464,10.000000
11.500000,8.611924,-5.082791,59.450732,5.000000,0.001463,10.000000
11.510000,8.637230,-5.039668,59.737211,5.000000,0.000585,10.000000
11.520000,8.662321,-4.996419,60.023690,5.000000,-0.000042,10.000000
11.530000,8.687194,-4.953045,60.310169,5.000000,-0.000420,10.000000
11.540000,8.711851,-4.909547,60.596648,5.000000,-0.000548,10.000000
11.550000,8.736290,-4.865927,60.883127,5.000000,0.000732,10.000000
11.560000,8.760510,-4.822185,61.169606,5.000000,0.000057,10.000000
11.570000,8.784511,-4.778322,61.456084,5.000000,-0.000368,10.000000
11.580000,8.808293,-4.734340,61.742563,5.000000,-0.000543,10.000000
11.590000,8.831854,-4.690240,62.029042,5.000000,0.000888,10.000000
11.600000,8.855195,-4.646022,62.315521,5.000000,0.000165,10.000000
11.610000,8.878314,-4.601688,62.602000,5.000000,-0.000307,10.000000
11.620000,8.901212,-4.557239,62.888479,5.000000,-0.000529,10.000000
11.630000,8.923887,-4.512676,63.174958,5.000000,0.001052,10.000000
11.640000,8.946338,-4.468001,63.461437,5.000000,0.000282,10.000000
11.650000,8.968567,-4.423213,63.747916,5.000000,-0.000237,10.000000
11.660000,8.990570,-4.378315,64.034395,5.000000,-0.000507,10.000000
11.670000,9.012349,-4.333308,64.320873,5.000000,0.001225,10.000000
11.680000,9.033903,-4.288192,64.607352,5.000000,0.000409,10.000000
11.690000,9.055231,-4.242969,64.893831,5.000000,-0.000158,10.000000
11.700000,9.076333,-4.197640,65.180310,5.000000,-0.000475,10.000000
11.710000,9.097207,-4.152206,65.466789,5.000000,0.001408,10.000000
11.720000,9.117855,-4.106668,65.753268,5.000000,0.000544,10.000000
11.730000,9.138274,-4.061028,66.039747,5.000000,-0.000070,10.000000
11.740000,9.158465,-4.015286,66.326226,5.000000,-0.000434,10.000000
11.750000,9.178427,-3.969444,66.612705,5.000000,0.001599,10.000000
11.760000,9.198159,-3.923502,66.899184,5.000000,0.000688,10.000000
11.770000,9.217662,-3.877463,67.185662,5.000000,0.000027,10.000000
11.780000,9.236934,-3.831326,67.472141,5.000000,-0.000385,10.000000
11.790000,9.255975,-3.785094,67.758620,5.000000,-0.000546,10.000000
11.800000,9.274784,-3.738767,68.045099,5.000000,0.000840,10.000000
11.810000,9.293362,-3.692346,68.331578,5.000000,0.000132,10.000000
11.820000,9.311708,-3.645833,68.618057,5.000000,-0.000326,10.000000
11.830000,9.329820,-3.599229,68.904536,5.000000,-0.000534,10.000000
11.840000,9.347700,-3.552536,69.191015,5.000000,0.001002,10.000000
11.850000,9.365346,-3.505753,69.477494,5.000000,0.000247,10.000000
11.860000,9.382757,-3.458883,69.763973,5.000000,-0.000259,10.000000
11.870000,9.399934,-3.411926,70.050451,5.000000,-0.000514,10.000000
11.880000,9.416876,-3.364884,70.336930,5.000000,0.001173,10.000000
11.890000,9.433583,-3.317757,70.623409,5.000000,0.000370,10.000000
11.900000,9.450054,-3.270548,70.909888,5.000000,-0.000182,10.000000
11.910000,9.466288,-3.223257,71.196367,5.000000,-0.000485,10.000000
11.920000,9.482286,-3.175886,71.482846,5.000000,0.001352,10.000000
11.930000,9.498047,-3.128435,71.769325,5.000000,0.000503,10.000000
11.940000,9.513570,-3.080906,72.055804,5.000000,-0.000097,10.000000
11.950000,9.528856,-3.033299,72.342283,5.000000,-0.000447,10.000000
11.960000,9.543903,-2.985617,72.628761,5.000000,0.001541,10.000000
11.970000,9.558712,-2.937861,72.915240,5.000000,0.000644,10.000000
11.980000,9.573282,-2.890031,73.201719,5.000000,-0.000003,10.000000
11.990000,9.587612,-2.842128,73.488198,5.000000,-0.000400,10.000000
12.000000,9.601703,-2.794155,73.774677,5.000000,-0.000547,10.000000
12.010000,9.615554,-2.746112,74.061156,5.000000,0.000794,10.000000
12.020000,9.629164,-2.698000,74.347635,5.000000,0.000100,10.000000
12.030000,9.642533,-2.649821,74.634114,5.000000,-0.000344,10.000000
12.040000,9.655662,-2.601575,74.920593,5.000000,-0.000539,10.000000
12.050000,9.668549,-2.553264,75.207072,5.000000,0.000953,10.000000
12.060000,9.681195,-2.504890,75.493550,5.000000,0.000212,10.000000
12.070000,9.693598,-2.456453,75.780029,5.000000,-0.000280,10.000000
12.080000,9.705759,-2.407954,76.066508,5.000000,-0.000521,10.000000
12.090000,9.717677,-2.359396,76.352987,5.000000,0.001121,10.000000
12.100000,9.729353,-2.310778,76.639466,5.000000,0.000333,10.000000
12.110000,9.740785,-2.262102,76.925945,5.000000,-0.000206,10.000000
12.120000,9.751974,-2.213370,77.212424,5.000000,-0.000495,10.000000
12.130000,9.762919,-2.164583,77.498903,5.000000,0.001298,10.000000
12.140000,9.773619,-2.115742,77.785382,5.000000,0.000462,10.000000
12.150000,9.784076,-2.066847,78.071861,5.000000,-0.000123,10.000000
12.160000,9.794288,-2.017901,78.358339,5.000000,-0.000459,10.000000
12.170000,9.804255,-1.968905,78.644818,5.000000,0.001484,10.000000
12.180000,9.813977,-1.919859,78.931297,5.000000,0.000601,10.000000
12.190000,9.823453,-1.870765,79.217776,5.000000,-0.000032,10.000000
12.200000,9.832684,-1.821625,79.504255,5.000000,-0.000415,10.000000
12.210000,9.841670,-1.772439,79.790734,5.000000,-0.000548,10.000000
12.220000,9.850409,-1.723209,80.077213,5.000000,0.000749,10.000000
12.230000,9.858902,-1.673935,80.363692,5.000000,0.000068,10.000000
12.240000,9.867148,-1.624620,80.650171,5.000000,-0.000362,10.000000
12.250000,9.875148,-1.575264,80.936650,5.000000,-0.000542,10.000000
12.260000,9.882901,-1.525869,81.223128,5.000000,0.000905,10.000000
12.270000,9.890406,-1.476436,81.509607,5.000000,0.000178,10.000000
12.280000,9.897665,-1.426965,81.796086,5.000000,-0.000300,10.000000
12.290000,9.904676,-1.377459,82.082565,5.000000,-0.000527,10.000000
12.300000,9.911439,-1.327919,82.369044,5.000000,0.001070,10.000000
12.310000,9.917955,-1.278345,82.655523,5.000000,0.000296,10.000000
12.320000,9.924223,-1.228740,82.942002,5.000000,-0.000229,10.000000
12.330000,9.930242,-1.179104,83.228481,5.000000,-0.000503,10.000000
12.340000,9.936014,-1.129438,83.514960,5.000000,0.001245,10.000000
12.350000,9.941537,-1.079744,83.801438,5.000000,0.000423,10.000000
12.360000,9.946811,-1.030023,84.087917,5.000000,-0.000149,10.000000
12.370000,9.951837,-0.980276,84.374396,5.000000,-0.000471,10.000000
12.380000,9.956614,-0.930505,84.660875,5.000000,0.001428,10.000000
12.390000,9.961142,-0.880711,84.947354,5.000000,0.000559,10.000000
12.400000,9.965421,-0.830894,85.233833,5.000000,-0.000060,10.000000
12.410000,9.969451,-0.781057,85.520312,5.000000,-0.000429,10.000000
12.420000,9.973232,-0.731200,85.806791,5.000000,0.001620,10.000000
12.430000,9.976763,-0.681325,86.093270,5.000000,0.000704,10.000000
12.440000,9.980045,-0.631433,86.379749,5.000000,0.000038,10.000000
12.450000,9.983077,-0.581525,86.666227,5.000000,-0.000379,10.000000
12.460000,9.985860,-0.531602,86.952706,5.000000,-0.000545,10.000000
12.470000,9.988393,-0.481667,87.239185,5.000000,0.000858,10.000000
12.480000,9.990677,-0.431719,87.525664,5.000000,0.000144,10.000000
12.490000,9.992710,-0.381760,87.812143,5.000000,-0.000319,10.000000
12.500000,9.994494,-0.331792,88.098622,5.000000,-0.000533,10.000000
12.510000,9.996028,-0.281816,88.385101,5.000000,0.001020,10.000000
12.520000,9.997312,-0.231832,88.671580,5.000000,0.000260,10.000000
12.530000,9.998347,-0.181843,88.958059,5.000000,-0.000251,10.000000
12.540000,9.999131,-0.131849,89.244538,5.000000,-0.000511,10.000000
12.550000,9.999665,-0.081852,89.531016,5.000000,0.001192,10.000000
12.560000,9.999949,-0.031853,89.817495,5.000000,0.000384,10.000000
