t,true_x,true_y,true_v,est_x,est_y,est_v,est_err,cte,steer_deg,accel
0,2.5,2.5,7.83446,2.47264,2.68494,7.82942,0.186954,0,30.023,0.0100615
0.02,2.65245,2.5362,7.83466,2.62557,2.7186,7.82311,0.184373,0.156684,30.023,0.0226561
0.04,2.8036,2.57749,7.83511,2.77716,2.75735,7.81701,0.181795,0.193713,30.023,-0.563696
0.06,2.95318,2.62379,7.82384,2.92724,2.80112,7.8004,0.179218,0.0442288,30.023,-0.530683
0.08,3.10092,2.67501,7.81323,3.07547,2.84977,7.78991,0.176605,0.125125,30.023,-0.509724
0.1,3.24666,2.73106,7.80303,3.2218,2.90326,7.77761,0.17399,0.239807,30.023,-1.64615
0.12,3.39006,2.79177,7.77011,3.36602,2.96154,7.75436,0.171463,0.117154,30.023,-1.6
0.14,3.53078,2.85695,7.73811,3.50779,3.02443,7.71642,0.169053,0.139118,30.023,-1.52425
0.16,3.6687,2.92647,7.70762,3.64669,3.09168,7.68935,0.16667,0.271631,30.023,-1.47018
0.18,3.80372,3.00022,7.67822,3.78281,3.16325,7.65872,0.164368,0.22101,30.023,-2.89954
0.2,3.9355,3.07791,7.62023,4.05357,3.61617,7.69975,0.551052,0.224225,30.023,-4.39229
0.22,4.06345,3.15908,7.53238,4.18394,3.69814,7.6092,0.552362,0.316042,30.023,-4.21188
0.24,4.18729,3.24336,7.44815,4.3101,3.78325,7.52447,0.553678,0.349005,30.023,-4.04266
0.26,4.30704,3.33057,7.36729,4.43214,3.8713,7.44785,0.555008,0.349186,30.023,-4.69838
0.28,4.42261,3.42045,7.27333,4.55015,3.9622,7.36826,0.556557,0.410262,30.023,-4.53964
0.3,4.5339,3.5127,7.18253,4.66404,4.05571,7.27527,0.558387,0.492668,30.023,-4.35394
0.32,4.64097,3.60715,7.09545,4.7736,4.15146,7.18573,0.560239,0.492187,30.023,-4.05197
0.34,4.74389,3.70366,7.01442,4.87893,4.24924,7.0944,0.562044,0.534788,30.023,-3.86955
0.36,4.84275,3.80209,6.93702,4.97996,4.34886,7.01949,0.56372,0.610277,30.023,-3.71992
0.38,4.9376,3.90232,6.86263,5.07699,4.45032,6.94381,0.565448,0.641505,30.023,-2.52331
0.4,5.02863,4.00436,6.81216,4.85466,4.44587,6.57124,0.474551,0.672574,30.023,-1.77914
0.42,5.11609,4.10836,6.77658,4.93884,4.5468,6.52956,0.472913,0.73143,30.023,-1.69573
0.44,5.20006,4.2143,6.74266,5.01955,4.64947,6.48816,0.471122,0.790853,30.023,-1.61306
0.46,5.28055,4.32209,6.7104,5.09673,4.75378,6.46078,0.469198,0.814238,30.023,-1.55836
0.48,5.35754,4.43163,6.67923,5.17059,4.85981,6.43832,0.467211,0.861577,30.023,-1.51351
0.5,5.43103,4.54282,6.64896,5.24112,4.96754,6.40618,0.465252,0.928872,30.023,-0.140162
0.52,5.50115,4.65577,6.64616,5.30819,5.0767,6.4071,0.463053,0.967815,30.023,-0.141652
0.54,5.568,4.77062,6.64333,5.37214,5.18775,6.40418,0.460823,1.00701,30.023,-0.135822
0.56,5.63153,4.88728,6.64061,5.4329,5.30051,6.40788,0.45849,1.06481,30.023,-0.143213
0.58,5.6917,5.00564,6.63775,5.49046,5.41501,6.40602,0.456151,1.13832,30.023,0.50243
0.6,5.7485,5.12574,6.6478,4.73299,5.18896,5.31236,1.01748,1.18457,30.023,2.68618
0.62,5.80212,5.24799,6.70152,4.77013,5.2885,5.37357,1.03279,1.23646,30.023,2.56452
0.64,5.8526,5.3727,6.75281,4.80476,5.39024,5.42232,1.04798,1.30385,30.023,2.46715
0.66,5.89981,5.49975,6.80215,4.83673,5.49387,5.47943,1.06309,1.38479,-28.9604,2.3531
0.68,5.94728,5.62774,6.84921,4.86593,5.5995,5.53446,1.08173,1.45648,-28.9604,2.24319
0.7,5.99868,5.7552,6.89408,4.89838,5.70532,5.57646,1.10143,1.51184,-28.9604,2.15931
0.72,6.054,5.88196,6.93726,4.93407,5.81098,5.61376,1.12218,1.57433,-28.9604,2.08482
0.74,6.11328,6.00786,6.97896,4.97302,5.91629,5.65484,1.14393,1.64322,-28.9604,2.00277
0.76,6.17649,6.13275,7.01902,5.01524,6.02121,5.69665,1.1666,1.71782,-28.9604,1.91929
0.78,6.24365,6.25645,7.0574,5.06081,6.12563,5.73363,1.19005,1.76647,-28.9604,1.84544
0.8,6.31474,6.37881,7.09431,5.42573,5.78235,5.44845,1.07056,1.81608,-28.9604,2.41481
0.82,6.3898,6.49978,7.14261,5.4831,5.875,5.48748,1.10112,1.87173,-28.9604,2.33701
0.84,6.4689,6.61929,7.18935,5.54359,5.96657,5.54092,1.13236,1.93303,-28.9604,2.2303
0.86,6.55201,6.73716,7.23395,5.60735,6.0572,5.58353,1.16393,1.99803,-30.023,1.45199
0.88,6.6391,6.85305,7.26299,5.67427,6.1466,5.59232,1.19581,2.03645,-30.023,1.43424
0.9,6.7301,6.96663,7.29168,5.74403,6.23403,5.61801,1.22843,2.08022,-30.023,1.38294
0.92,6.82498,7.07774,7.31934,5.81682,6.31963,5.64618,1.2614,2.12905,-30.023,1.3267
0.94,6.92365,7.18623,7.34587,5.89264,6.40331,5.68246,1.29458,2.18261,-30.023,1.25425
0.96,7.02604,7.29193,7.37096,5.97157,6.48508,5.70525,1.32775,2.24055,-30.023,-0.508386
0.98,7.13182,7.39445,7.36079,6.05339,6.56461,5.70254,1.36075,2.27943,-30.023,-0.50341
1,7.24063,7.49346,7.35072,6.43182,6.79078,6.10973,1.07141,2.31606,-30.023,-1.3164
1.02,7.35222,7.58876,7.32439,6.52677,6.8677,6.09109,1.09603,2.35681,-30.023,-3.16084
1.04,7.46604,7.67995,7.26117,6.62378,6.94138,6.01418,1.12022,2.40123,-30.023,-3.00776
1.06,7.58165,7.76683,7.20102,6.72181,7.01109,5.96146,1.14476,2.44888,-30.023,-2.90245
1.08,7.69892,7.84942,7.14297,6.82106,7.07715,5.91067,1.1692,2.49944,-30.023,-2.80102
1.1,7.81771,7.92776,7.08695,6.92144,7.13958,5.8709,1.19353,2.53486,-30.023,-2.7216
1.12,7.93788,8.00188,7.03252,7.02299,7.19854,5.81855,1.21753,2.56546,-30.023,-2.61704
1.14,8.0593,8.07182,6.98018,7.12532,7.25394,5.76632,1.24146,2.59899,-30.023,-3.68089
1.16,8.18164,8.1375,6.90656,7.22832,7.30583,5.68564,1.26511,2.6352,-30.023,-3.52007
1.18,8.30459,8.1989,6.83616,7.33134,7.35397,5.61703,1.28884,2.6738,-30.023,-3.38305
1.2,8.42802,8.25609,6.7685,7.68501,7.33922,5.74132,1.18013,2.71457,-30.023,-3.63117
1.22,8.55178,8.30913,6.69587,7.79331,7.37737,5.66277,1.20143,2.75703,-30.023,-3.4744
1.24,8.67568,8.35807,6.62639,7.90117,7.41191,5.60119,1.22273,2.77904,-30.023,-3.4671
1.26,8.79961,8.40302,6.55704,8.00878,7.44306,5.53254,1.24376,2.80323,-30.023,-3.33005
1.28,8.92346,8.44403,6.49044,8.11589,7.47083,5.45366,1.26463,2.82946,-30.023,-3.1725
1.3,9.04717,8.48122,6.42699,8.22219,7.49527,5.39147,1.28557,2.85758,-30.023,-3.04831
1.32,9.17064,8.51466,6.36603,8.3279,7.51651,5.33077,1.30634,2.88747,-30.023,-2.92709
1.34,9.29382,8.54445,6.30748,8.43297,7.53466,5.2747,1.32694,2.91899,-30.023,-2.81511
1.36,9.41664,8.57066,6.25118,8.53737,7.54978,5.21588,1.34734,2.94107,-30.023,-2.69763
1.38,9.53903,8.59337,6.19723,8.64097,7.56196,5.16027,1.3676,2.95506,-30.023,-2.58657
1.4,9.66094,8.61267,6.1455,8.57521,7.72082,5.0243,1.40507,2.97078,-30.023,-2.31507
1.42,9.78234,8.62862,6.0992,8.67517,7.73106,4.9842,1.42529,2.98816,-30.023,-1.28066
1.44,9.9034,8.64132,6.07358,8.77456,7.73866,4.95254,1.44536,3.00716,-30.023,-1.2172
1.46,10.0243,8.65083,6.04924,8.87349,7.74367,4.93228,1.46533,3.02774,-30.023,-1.17674
1.48,10.1448,8.65718,6.02571,8.9721,7.74608,4.91216,1.48505,3.03959,-30.023,-1.13655
1.5,10.2651,8.6604,6.00297,9.07035,7.74593,4.8839,1.50453,3.04324,-30.023,-1.08012
1.52,10.3849,8.66054,5.98137,9.16799,7.74327,4.86315,1.5239,3.04853,-30.023,-1.03868
1.54,10.5043,8.65762,5.9606,9.26512,7.73815,4.85549,1.54304,3.05541,-30.023,-1.02337
1.56,10.6231,8.65167,5.94013,9.36193,7.73059,4.83177,1.56174,3.06387,-2.91309,-0.976003
1.58,10.7415,8.6441,5.92061,9.45805,7.72063,4.82047,1.58116,3.07184,7.32525,0.810569
1.6,10.8599,8.63674,5.93682,10.1459,7.43217,5.40903,1.40028,3.06802,17.6779,1.68643
1.62,10.9788,8.63052,5.97055,10.2522,7.41232,5.44454,1.41841,3.06997,17.6779,1.61576
1.64,11.0984,8.62594,6.00287,10.3595,7.39387,5.47778,1.43666,3.07826,17.6779,1.54937
1.66,11.2187,8.62305,6.03385,10.4677,7.37685,5.50096,1.455,3.09294,17.6779,1.50308
1.68,11.3397,8.62187,6.06391,10.5767,7.36138,5.52896,1.47346,3.10145,17.6779,1.44716
1.7,11.4613,8.62242,6.09286,10.6864,7.34739,5.56778,1.49205,3.10888,27.5136,3
1.72,11.5837,8.6253,6.15286,10.797,7.33492,5.63182,1.51128,3.12344,27.5136,2.93936
1.74,11.7072,8.63114,6.21165,10.9092,7.32495,5.68183,1.53067,3.14579,27.5136,2.83948
1.76,11.8317,8.64002,6.26843,11.0226,7.3176,5.73283,1.5503,3.15633,27.5136,2.73763
1.78,11.957,8.65202,6.32319,11.1372,7.31296,5.79309,1.57011,3.17454,27.5136,2.61728
1.8,12.0831,8.6672,6.37553,11.7084,7.65621,6.46794,1.07819,3.20085,30.023,2.60164
1.82,12.2098,8.68579,6.42757,11.8376,7.66222,6.53145,1.08912,3.21905,30.023,2.47484
1.84,12.3369,8.70804,6.47706,11.9679,7.67184,6.58084,1.09993,3.24248,30.023,2.3762
1.86,12.4643,8.73399,6.52459,12.0988,7.68519,6.64063,1.11065,3.27457,30.023,2.38357
1.88,12.5918,8.76371,6.57226,12.2305,7.70238,6.68718,1.12114,3.30357,30.023,2.29063
1.9,12.7194,8.79724,6.61807,12.3626,7.72341,6.72147,1.13156,3.33368,30.023,2.22214
1.92,12.8468,8.83463,6.66251,12.4947,7.74829,6.76755,1.14197,3.37255,30.023,2.13013
1.94,12.974,8.8759,6.70512,12.627,7.77717,6.81038,1.15223,3.41596,30.023,2.17083
1.96,13.1007,8.9211,6.74853,12.7591,7.81001,6.84541,1.16239,3.45352,30.023,2.1009
1.98,13.2268,8.97024,6.79055,12.891,7.84686,6.89252,1.1725,3.49981,30.023,2.00683
2,13.3522,9.02335,6.83069,14.3694,8.17319,8.56316,1.32564,3.5546,27.7791,-1.12389
2.02,13.4763,9.08002,6.80821,14.5313,8.22903,8.53512,1.35541,3.60702,26.9084,-1.0687
2.04,13.5985,9.1397,6.78684,14.6911,8.28896,8.52416,1.38479,3.65986,26.9084,-1.0468
2.06,13.7187,9.20229,6.7659,14.8492,8.35288,8.50404,1.41404,3.71983,26.9084,-1.00663
2.08,13.8369,9.26771,6.74577,15.0052,8.42061,8.49489,1.44308,3.7865,27.6837,-0.98835
2.1,13.953,9.33596,6.726,15.1593,8.49217,8.48223,1.47207,3.85131,27.6837,-0.963054
2.12,14.067,9.40701,6.70674,15.3112,8.56765,8.4563,1.50083,3.91567,27.6837,-0.911291
2.14,14.1788,9.4808,6.68851,15.4606,8.64685,8.43561,1.52923,3.98629,27.6837,-0.869966
2.16,14.2883,9.55728,6.67111,15.6076,8.72966,8.43031,1.55738,4.06274,29.0486,-0.859379
2.18,14.3955,9.63644,6.65393,15.7523,8.81618,8.41927,1.58548,4.14469,29.0486,-0.837317
2.2,14.5002,9.71829,6.63718,14.8705,11.0253,8.05317,1.35848,4.22169,-30.023,-0.106369
2.22,14.6048,9.79998,6.63505,14.9641,11.1564,8.04407,1.4032,4.29891,-30.023,-0.0880068
2.24,14.7117,9.87863,6.63329,15.0613,11.2846,8.04353,1.44878,4.37576,-30.023,-0.0869347
2.26,14.8207,9.95421,6.63155,15.1621,11.41,8.04679,1.49525,4.45219,-30.023,-0.0934348
2.28,14.9318,10.0266,6.62969,15.2665,11.5324,8.04914,1.54256,4.52816,-30.023,-0.0981284
2.3,15.0448,10.0959,6.62772,15.3743,11.652,8.04633,1.59061,4.59453,-30.023,-0.0925241
2.32,15.1598,10.1618,6.62587,15.4855,11.7683,8.05033,1.63918,4.6573,-30.023,-0.100507
2.34,15.2765,10.2245,6.62386,15.6,11.8815,8.05505,1.68832,4.71966,-30.023,-0.109931
2.36,15.3949,10.2838,6.62166,15.7177,11.9915,8.04722,1.73795,4.78159,-30.023,-0.0942977
2.38,15.515,10.3397,6.61978,15.8384,12.098,8.0396,1.78777,4.84114,-30.023,-0.0790854
2.4,15.6365,10.3922,6.6182,13.7122,12.6838,6.03132,2.99234,4.88972,-30.023,3
2.42,15.76,10.4414,6.6782,13.7901,12.7759,6.08774,3.05455,4.93813,-30.023,3
2.44,15.886,10.4875,6.7382,13.8713,12.8666,6.15239,3.11752,4.98655,-30.023,3
2.46,16.0144,10.5303,6.7982,13.956,12.9558,6.20621,3.18122,5.03487,-30.023,3
2.48,16.1452,10.5697,6.8582,14.044,13.0434,6.24974,3.24555,5.07033,-30.023,3
2.5,16.2782,10.6056,6.9182,14.1352,13.1289,6.31385,3.31046,5.10567,-30.023,3
2.52,16.4134,10.6378,6.9782,14.2298,13.2125,6.37583,3.37593,5.14086,-30.023,3
2.54,16.5506,10.6662,7.0382,14.3279,13.294,6.4319,3.4418,5.17181,-30.023,3
2.56,16.6898,10.6906,7.0982,14.4292,13.3732,6.48428,3.50808,5.19322,-30.023,3
2.58,16.8309,10.711,7.1582,14.5338,13.4499,6.54346,3.57467,5.21435,-30.023,2.90887
2.6,16.9738,10.7271,7.21637,16.1504,11.5515,6.79869,1.16511,5.23516,-29.6163,2.39925
2.62,17.1181,10.739,7.26436,16.2829,11.582,6.84315,1.18664,5.2424,-29.6163,2.31036
2.64,17.2636,10.7465,7.31057,16.4171,11.6086,6.89254,1.20822,5.24875,-29.6163,2.21172
2.66,17.4102,10.7496,7.3548,16.5531,11.6313,6.92331,1.22968,5.2547,-28.2497,2.15027
2.68,17.5578,10.7482,7.39781,16.6903,11.6498,6.95971,1.25115,5.24785,-28.2497,2.07757
2.7,17.706,10.7424,7.43936,16.8288,11.6644,7.00431,1.27262,5.23928,-28.2497,1.9885
2.72,17.8548,10.7322,7.47913,16.9684,11.6749,7.05319,1.29396,5.23047,-28.2497,1.89089
2.74,18.0041,10.7175,7.51694,17.1094,11.6813,7.07892,1.3151,5.20957,-27.3504,1.83949
2.76,18.1536,10.6983,7.55373,17.2509,11.6836,7.09947,1.33621,5.18609,-27.3504,1.79846
2.78,18.3031,10.6747,7.5897,17.3929,11.6817,7.12827,1.35741,5.16246,-27.3504,1.74094
2.8,18.4527,10.6467,7.62452,19.0393,11.773,8.82471,1.26993,5.13125,-30.023,-1.64617
2.82,18.6013,10.614,7.5916,19.2141,11.7484,8.79889,1.28934,5.09279,-30.023,-1.59546
2.84,18.7481,10.5767,7.55969,19.3874,11.7182,8.77093,1.30839,5.05395,-30.023,-1.53963
2.86,18.893,10.5348,7.5289,19.5592,11.6826,8.74301,1.32708,5.01478,-30.023,-1.48387
2.88,19.036,10.4884,7.49922,19.7292,11.6415,8.71897,1.34543,4.96311,-30.023,-1.43585
2.9,19.1768,10.4377,7.4705,19.8973,11.5953,8.68978,1.36344,4.90902,-30.023,-1.37756
2.92,19.3155,10.3827,7.44295,20.0633,11.5438,8.65807,1.38101,4.85463,-30.023,-1.31424
2.94,19.4518,10.3236,7.41667,20.2269,11.4872,8.63123,1.39817,4.79998,-30.023,-1.30491
2.96,19.5856,10.2604,7.39057,20.3882,11.4256,8.59387,1.41494,4.73516,-30.023,-1.23031
2.98,19.717,10.1932,7.36596,20.5468,11.3593,8.57396,1.43127,4.66589,-30.023,-1.19054
3,19.8458,10.1221,7.34215,19.9753,9.75942,7.45352,0.385102,4.59637,-30.023,1.04654
3.02,19.9722,10.047,7.36308,20.0941,9.66936,7.47412,0.396827,4.52644,-30.023,1.00597
3.04,20.0966,9.96775,7.3832,20.2104,9.57536,7.49371,0.408552,4.45593,-30.023,0.966847
3.06,20.2187,9.88439,7.40254,20.3239,9.4775,7.51536,0.420269,4.37076,-30.023,0.923602
3.08,20.3384,9.79698,7.42101,20.4346,9.37581,7.53273,0.432012,4.28473,-30.023,0.88891
3.1,20.4555,9.70559,7.43879,20.5422,9.27041,7.54598,0.443723,4.19807,-30.023,0.862448
3.12,20.57,9.61029,7.45604,20.6466,9.16144,7.56399,0.455339,4.11082,-30.023,0.826479
3.14,20.6816,9.51116,7.47257,20.7477,9.04893,7.57647,0.466939,4.02307,-30.023,0.516496
3.16,20.7902,9.40833,7.4829,20.8454,8.93306,7.5911,0.478471,3.92444,-30.023,0.487191
3.18,20.8956,9.30194,7.49264,20.9394,8.81387,7.60611,0.490031,3.82101,-30.023,0.457226
3.2,20.9976,9.19208,7.50179,21.5805,8.18896,8.3852,1.16017,3.71704,-28.5076,-1.89562
3.22,21.096,9.07931,7.46387,21.668,8.04585,8.35021,1.18116,3.61304,-28.5076,-1.82636
3.24,21.1905,8.96422,7.42735,21.7507,7.9008,8.3097,1.20196,3.50952,-20.2354,-3.23214
3.26,21.2815,8.8476,7.3627,21.8287,7.75406,8.24618,1.22284,3.4041,-20.2354,-3.10568
3.28,21.3693,8.73018,7.30059,21.9031,7.60687,8.18444,1.24371,3.28882,-20.2354,-2.98237
3.3,21.454,8.61202,7.24094,21.9741,7.45934,8.12178,1.26455,3.17519,30.023,-2.85723
3.32,21.5388,8.49528,7.1838,22.0415,7.31158,8.06516,1.28605,3.06565,30.023,-2.74416
3.34,21.6263,8.38209,7.12891,22.113,7.167,8.01096,1.30894,2.96297,30.023,-4.54022
3.36,21.7164,8.27274,7.03811,22.1884,7.02562,7.91718,1.33346,2.86742,30.023,-4.35345
3.38,21.8086,8.16749,6.95104,22.2671,6.88822,7.82426,1.35898,2.76245,30.023,-4.16788
3.4,21.9026,8.06628,6.86768,20.9064,6.88283,6.08099,1.54694,2.66482,30.023,-0.687222
3.42,21.999,7.96858,6.85394,20.9646,6.77601,6.06553,1.57868,2.57463,30.023,-0.655488
3.44,22.0979,7.87393,6.84083,21.0257,6.67123,6.0518,1.61127,2.49212,30.023,-0.628056
3.46,22.1995,7.7824,6.82827,21.0897,6.5685,6.04544,1.64471,2.39907,30.023,-0.615356
3.48,22.3034,7.69402,6.81596,21.1566,6.46779,6.02839,1.67893,2.31035,30.023,-0.581325
3.5,22.4097,7.60887,6.80433,21.2262,6.36937,6.02104,1.71375,2.22983,30.023,-0.56663
3.52,22.5183,7.52699,6.793,21.2986,6.27312,6.00525,1.7492,2.14701,30.023,-0.535095
3.54,22.629,7.44843,6.7823,21.3736,6.1793,5.98781,1.78509,2.05909,30.023,-0.500282
3.56,22.7417,7.37323,6.77229,21.4511,6.08797,5.9828,1.82145,1.97992,30.023,-0.490252
3.58,22.8565,7.30143,6.76249,21.5311,5.999,5.96631,1.8582,1.89408,30.023,-0.457339
3.6,22.973,7.23308,6.75334,21.565,6.39533,5.52012,1.63846,1.80606,30.023,0.433538
3.62,23.0916,7.16813,6.76201,21.6471,6.3216,5.53111,1.67422,1.7253,30.023,0.411821
3.64,23.2121,7.10657,6.77025,21.7316,6.25016,5.54051,1.71034,1.62668,30.023,0.393032
3.66,23.3345,7.04845,6.77811,21.8182,6.18108,5.55128,1.74678,1.53655,30.023,0.371536
3.68,23.4586,6.99385,6.78554,21.907,6.11441,5.55566,1.7835,1.44816,30.023,0.362773
3.7,23.5844,6.94282,6.7928,21.9978,6.05029,5.55747,1.82048,1.34421,30.023,0.359166
3.72,23.7118,6.89542,6.79998,22.0904,5.98882,5.55968,1.8577,1.24918,30.023,0.354753
3.74,23.8407,6.8517,6.80708,22.1848,5.93007,5.57374,1.8951,1.16542,30.023,0.326679
3.76,23.9709,6.81171,6.81361,22.2811,5.87392,5.57142,1.93258,1.06587,30.023,0.331309
3.78,24.1023,6.7755,6.82023,22.3789,5.82062,5.58743,1.97024,0.961033,30.023,0.299341
3.8,24.2349,6.74312,6.82622,22.7162,7.171,4.82229,1.57775,0.867953,30.023,0.0181672
3.82,24.3684,6.7146,6.82659,22.8095,7.14643,4.812,1.61758,0.790995,30.023,-1.14788
3.84,24.5024,6.69004,6.80363,22.9033,7.12464,4.79432,1.6572,0.705097,30.023,-1.11288
3.86,24.6367,6.66946,6.78137,22.9972,7.10567,4.77643,1.69652,0.593318,30.023,-1.07715
3.88,24.7711,6.65284,6.75983,23.0914,7.08948,4.75514,1.73554,0.497016,30.023,-1.03463
3.9,24.9055,6.64015,6.73913,23.1855,7.07607,4.73017,1.77433,0.426446,30.023,-1.41601
3.92,25.0397,6.63138,6.71081,23.2795,7.06544,4.70413,1.81289,0.395232,30.023,-1.36411
3.94,25.1736,6.62649,6.68353,23.3733,7.05758,4.68287,1.85115,0.290552,30.023,-1.32166
3.96,25.307,6.62543,6.6571,23.4668,7.05241,4.65814,1.88902,0.166399,30.023,-1.04211
3.98,25.4399,6.62816,6.63626,23.5599,7.04993,4.63937,1.92664,0.0847504,30.023,-1.00457
4,25.5722,6.63465,6.61617,25.0664,6.64336,6.36505,0.505922,0.15017,30.023,-1.38208
4.02,25.7039,6.64485,6.58852,25.1933,6.6532,6.33569,0.510644,0.270952,30.023,-1.32357
4.04,25.8346,6.65869,6.56205,25.3193,6.66656,6.30984,0.515398,0.220612,30.023,-1.27192
4.06,25.9644,6.67614,6.53661,25.4444,6.68338,6.27976,0.520133,0.234351,30.023,-1.21186
4.08,26.0932,6.69713,6.51238,25.5683,6.70359,6.26557,0.524951,0.306061,30.023,-1.18351
4.1,26.2209,6.72161,6.48871,25.6914,6.72724,6.24994,0.529561,0.405637,30.023,0.314453
4.12,26.3477,6.7496,6.495,25.8134,6.75417,6.25489,0.53427,0.496471,30.023,0.304942
4.14,26.4738,6.78112,6.50109,25.9348,6.78454,6.25953,0.538979,0.513386,30.023,0.295678
4.16,26.599,6.81618,6.50701,26.0553,6.81831,6.26305,0.543687,0.557566,30.023,0.288641
4.18,26.7234,6.85475,6.51278,26.175,6.85543,6.26955,0.5484,0.623276,30.023,0.275667
4.2,26.8467,6.8968,6.51829,25.48,7.9205,5.05952,1.70763,0.704529,30.023,3
4.22,26.9694,6.94252,6.57829,25.5699,7.96689,5.12938,1.73439,0.75146,30.023,3
4.24,27.0919,6.99212,6.63829,25.6597,8.01643,5.18195,1.76082,0.781359,30.023,3
4.26,27.2141,7.04566,6.69829,25.749,8.06908,5.22711,1.78714,0.828562,30.023,3
4.28,27.3357,7.1032,6.75829,25.8375,8.12471,5.28733,1.81332,0.890739,30.023,3
4.3,27.4567,7.16478,6.81829,25.9254,8.18356,5.34735,1.83929,0.942602,30.023,3
4.32,27.5769,7.23043,6.87829,26.0125,8.24561,5.40646,1.86497,0.963036,30.023,3
4.34,27.6962,7.3002,6.93829,26.0987,8.3109,5.46724,1.89037,0.998529,30.023,3
4.36,27.8143,7.37412,6.99829,26.1838,8.37945,5.53758,1.91548,1.0479,30.023,3
4.38,27.9312,7.45221,7.05829,26.268,8.45144,5.58585,1.94025,1.08049,30.023,3
4.4,28.0466,7.53449,7.11829,27.7734,10.3906,7.59803,2.86911,1.0931,21.0395,0.0397542
4.42,28.1604,7.62004,7.11909,27.8488,10.5225,7.59782,2.91915,1.12029,21.0395,0.0396285
4.44,28.2725,7.70788,7.11988,27.9215,10.656,7.59775,2.96892,1.16169,21.0395,0.0397861
4.46,28.3827,7.79799,7.12068,27.9914,10.7909,7.60012,3.01837,1.16454,21.0395,0.0350489
4.48,28.4912,7.89033,7.12138,28.0586,10.9272,7.60575,3.06756,1.17438,19.2056,-0.223033
4.5,28.5978,7.98472,7.11692,28.1231,11.065,7.6046,3.11663,1.19847,19.2056,-0.220792
4.52,28.7025,8.081,7.1125,28.185,11.2039,7.6045,3.16549,1.21203,19.2056,-0.220598
4.54,28.8055,8.17912,7.10809,28.2445,11.3439,7.60065,3.21412,1.20616,19.2056,-0.21292
4.56,28.9065,8.27905,7.10383,28.3013,11.4849,7.602,3.26248,1.21441,19.4646,-0.14956
4.58,29.0057,8.38077,7.10084,28.3555,11.6269,7.60644,3.31061,1.23325,19.4646,-0.15841
4.6,29.1029,8.48428,7.09767,28.8944,12.2429,8.44466,3.76438,1.21187,23.2418,-1.63371
4.62,29.1977,8.58949,7.065,28.9431,12.4046,8.40616,3.82361,1.20401,29.3366,-1.66765
4.64,29.2893,8.69663,7.03164,28.9879,12.5667,8.36676,3.88176,1.20903,29.3366,-1.589
4.66,29.3773,8.80589,6.99986,29.0277,12.7292,8.34247,3.93885,1.18416,29.3366,-1.54048
4.68,29.4617,8.91718,6.96905,29.0626,12.8923,8.31117,3.99515,1.15562,29.3366,-1.47798
4.7,29.5425,9.03037,6.9395,29.0927,13.0558,8.277,4.0505,1.13953,-24.0334,-2.31652
4.72,29.6226,9.14319,6.89316,29.118,13.2194,8.23578,4.10733,1.11939,-24.0334,-2.23443
4.74,29.7046,9.25343,6.84848,29.1468,13.3816,8.19481,4.16567,1.07826,-24.0334,-2.1526
4.76,29.7885,9.3611,6.80542,29.1792,13.5423,8.15707,4.22534,1.05674,-24.0334,-2.07723
4.78,29.8744,9.4662,6.76388,29.2149,13.7014,8.11195,4.28627,1.05566,-16.8828,-3.64475
4.8,29.9614,9.56879,6.69098,29.836,12.6912,7.39069,3.1249,1.0185,-16.8828,-2.20507
4.82,30.0492,9.66918,6.64688,29.9006,12.8241,7.34766,3.15846,0.990431,-16.8828,-2.1188
4.84,30.138,9.76761,6.60451,29.9667,12.9554,7.29653,3.19234,0.981858,-16.8828,-2.01669
4.86,30.2276,9.8641,6.56417,30.0343,13.0847,7.25366,3.22635,0.977671,-16.8828,-1.93107
4.88,30.3181,9.95869,6.52555,30.1034,13.2122,7.2132,3.26061,0.93786,-16.8828,-1.85028
4.9,30.4094,10.0514,6.48855,30.174,13.338,7.17924,3.29506,0.917179,-8.84886,-3.80313
4.92,30.5009,10.1423,6.41248,30.2461,13.4622,7.09358,3.3297,0.916089,-8.84886,-3.63259
4.94,30.5921,10.2315,6.33983,30.3182,13.5844,7.02836,3.36409,0.912621,-0.0143504,-5
4.96,30.6823,10.3191,6.23983,30.3905,13.705,6.9274,3.39836,0.874315,-0.0143504,-5
4.98,30.7711,10.4054,6.13983,30.4618,13.8238,6.83889,3.43233,0.853209,-0.0143504,-4.92736
5,30.8585,10.4903,6.04128,29.138,13.4382,5.1354,3.4133,0.849711,-0.0143504,-1.52614
5.02,30.945,10.5742,6.01076,29.1798,13.532,5.11982,3.44449,0.863321,-0.0143504,-1.49418
5.04,31.031,10.6578,5.98088,29.2214,13.6256,5.08754,3.47598,0.82341,-0.0143504,-1.42972
5.06,31.1166,10.7409,5.95228,29.2628,13.7185,5.05493,3.50753,0.794751,-0.0143504,-1.3646
5.08,31.2018,10.8236,5.92499,29.304,13.8109,5.02009,3.53913,0.783424,-0.0143504,-1.29502
5.1,31.2866,10.906,5.89909,29.3448,13.9026,4.99792,3.57076,0.789926,-0.0143504,-1.25074
5.12,31.3711,10.988,5.87408,29.3854,13.9939,4.96845,3.60252,0.790862,-0.0143504,-1.1919
5.14,31.4552,11.0697,5.85024,29.4259,14.0847,4.95333,3.63433,0.753214,-0.0143504,-1.16169
5.16,31.539,11.1511,5.82701,29.4662,14.1752,4.92435,3.66629,0.732641,-0.0143504,-1.10382
5.18,31.6224,11.2321,5.80493,29.5063,14.2651,4.8973,3.6983,0.730361,-0.0143504,-1.04979
5.2,31.7056,11.3128,5.78393,29.2897,12.7641,3.05547,2.81827,0.746336,-0.0143504,2.6276
5.22,31.7889,11.3938,5.83648,29.3201,12.8171,3.10069,2.84979,0.739415,-0.0143504,2.53823
5.24,31.8731,11.4754,5.88725,29.3509,12.8709,3.15167,2.88249,0.709955,-0.0143504,2.43643
5.26,31.9579,11.5578,5.93598,29.3822,12.9256,3.20894,2.91632,0.699155,-0.0143504,2.32205
5.28,32.0434,11.6408,5.98242,29.4141,12.9813,3.25155,2.95125,0.70836,-0.0143504,2.23694
5.3,32.1296,11.7245,6.02716,29.4465,13.0377,3.29556,2.98724,0.737271,-0.0143504,2.14905
5.32,32.2163,11.8087,6.07014,29.4792,13.0949,3.33776,3.02423,0.721294,-0.0143504,2.06479
5.34,32.3038,11.8936,6.11143,29.5124,13.1528,3.37816,3.06224,0.706802,-0.0143504,1.98409
5.36,32.3917,11.979,6.15112,29.546,13.2115,3.41284,3.10121,0.713241,-0.0143504,1.91484
5.38,32.4803,12.065,6.18941,29.5798,13.2708,3.4521,3.14111,0.740457,-0.0143504,1.83643
5.4,32.5694,12.1515,6.22614,30.3525,12.7754,3.40917,2.30298,0.775207,-0.0143504,1.92214
5.42,32.659,12.2385,6.26458,30.3945,12.8291,3.45079,2.34027,0.763724,-0.0143504,1.83905
5.44,32.7492,12.326,6.30137,30.437,12.8835,3.49244,2.37844,0.772648,-0.0143504,1.75587
5.46,32.8398,12.414,6.33648,30.48,12.9386,3.53119,2.41743,0.801641,-0.0143504,1.67848
5.48,32.931,12.5025,6.37005,30.5235,12.9942,3.55914,2.45721,0.848956,-0.0143504,1.62266
5.5,33.0227,12.5915,6.40251,30.5673,13.0503,3.59622,2.49783,0.885073,-0.0143504,1.54861
5.52,33.1148,12.6809,6.43348,30.6116,13.107,3.62926,2.53916,0.900984,-0.0143504,1.48263
5.54,33.2073,12.7707,6.46313,30.6563,13.1642,3.65617,2.58118,0.934619,-0.0143504,1.42888
5.56,33.3003,12.8609,6.49171,30.7013,13.2218,3.6795,2.62388,0.984391,-0.0143504,1.38228
5.58,33.3936,12.9515,6.51935,30.7466,13.2797,3.70015,2.66726,1.04821,-0.0143504,1.34105
5.6,33.4874,13.0425,6.54617,30.0615,12.326,2.27524,3.50004,1.11415,-0.0143504,3
5.62,33.5818,13.1341,6.60617,30.0892,12.3621,2.33692,3.57692,1.15369,-0.0143504,3
5.64,33.677,13.2266,6.66617,30.1176,12.3992,2.39152,3.65431,1.20689,-0.0143504,3
5.66,33.7731,13.3198,6.72617,30.1467,12.4372,2.44281,3.73229,1.2724,-0.0143504,3
5.68,33.8701,13.4139,6.78617,30.1765,12.4759,2.50455,3.81088,1.34879,-0.0143504,3
5.7,33.9679,13.5089,6.84617,30.207,12.5156,2.56605,3.8899,1.43466,-0.0143504,3
5.72,34.0666,13.6046,6.90617,30.2382,12.5563,2.63795,3.96932,1.52242,-0.0143504,3
5.74,34.1662,13.7013,6.96617,30.2704,12.5982,2.69379,4.04897,1.59076,-0.0143504,3
5.76,34.2666,13.7987,7.02617,30.3031,12.6409,2.76268,4.12909,1.66855,-0.0143504,3
5.78,34.3679,13.897,7.08617,30.3368,12.6848,2.82507,4.20942,1.75484,-0.0143504,3
5.8,34.47,13.9961,7.14617,32.5084,14.2674,5.73714,1.98026,1.84871,30.023,-3.37975
5.82,34.5706,14.0967,7.07858,32.5911,14.3469,5.67007,1.9952,1.94689,30.023,-1.45071
5.84,34.6674,14.1996,7.04957,32.6705,14.4279,5.64175,2.00992,2.04661,30.023,-1.39368
5.86,34.7607,14.3049,7.02169,32.747,14.5109,5.62313,2.02422,2.13124,30.023,-1.35649
5.88,34.8504,14.4126,6.99456,32.8206,14.5958,5.59588,2.038,2.20948,30.023,-1.30207
5.9,34.9365,14.5225,6.96852,32.8914,14.6826,5.55473,2.05137,2.28997,30.023,-1.2199
5.92,35.019,14.6345,6.94412,32.9591,14.7707,5.52711,2.06447,2.37237,30.023,-1.16474
5.94,35.0979,14.7485,6.92083,33.0237,14.8603,5.51152,2.07718,2.4564,30.023,1.00814
5.96,35.1734,14.8648,6.94099,33.0856,14.9516,5.52303,2.0896,2.54205,30.023,0.985716
5.98,35.2455,14.9836,6.96071,33.1448,15.0448,5.54958,2.10163,2.62031,30.023,0.932712
6,35.3143,15.1049,6.97936,34.4682,15.5386,6.79316,0.950756,2.68705,30.023,0.246478
6.02,35.3795,15.2283,6.98429,34.55,15.647,6.79535,0.929176,2.7558,30.023,0.241946
6.04,35.4411,15.3538,6.98913,34.6286,15.7579,6.80001,0.907478,2.8263,30.023,0.232627
6.06,35.4989,15.4811,6.99378,34.7038,15.8712,6.79564,0.885643,2.89837,30.023,0.241347
6.08,35.5529,15.6101,6.99861,34.7756,15.9866,6.79944,0.863672,2.97068,30.023,0.233771
6.1,35.6031,15.7409,7.00328,34.844,16.1042,6.80875,0.841562,3.02382,24.6095,1.24022
6.12,35.6498,15.8732,7.02809,34.9089,16.2239,6.83672,0.81971,3.07913,-30.023,1.18463
6.14,35.6971,16.0058,7.05178,34.9713,16.3456,6.85114,0.801451,3.14035,-30.023,1.15583
6.16,35.7486,16.1373,7.0749,35.0374,16.4656,6.87951,0.783268,3.21051,-30.023,1.09918
6.18,35.8042,16.2677,7.09688,35.1075,16.584,6.9058,0.765156,3.27649,-30.023,1.04667
6.2,35.8639,16.3967,7.11781,36.0442,16.945,7.71243,0.577237,3.34403,19.7874,-0.196642
6.22,35.9244,16.5255,7.11388,36.1428,17.0636,7.70561,0.580777,3.41693,20.4092,-0.0267417
6.24,35.9825,16.6554,7.11335,36.2391,17.1839,7.69999,0.587596,3.49146,20.4092,-0.0154658
6.26,36.0379,16.7864,7.11304,36.3329,17.3061,7.70106,0.597601,3.5497,20.4092,-0.0176158
6.28,36.0908,16.9184,7.11268,36.4243,17.4301,7.6975,0.610734,3.61011,23.9494,0.198628
6.3,36.1408,17.0516,7.11666,36.5132,17.5557,7.6997,0.626737,3.66908,23.9494,0.194288
6.32,36.1877,17.1861,7.12054,36.5991,17.6835,7.70689,0.645555,3.71472,23.9494,0.179931
6.34,36.2315,17.3216,7.12414,36.6822,17.8134,7.71824,0.667051,3.7621,23.9494,0.15727
6.36,36.2721,17.4582,7.12729,36.7623,17.9453,7.71441,0.691056,3.80535,28.0653,0.395886
6.38,36.3092,17.5959,7.1352,36.8392,18.0791,7.71602,0.717178,3.8378,-30.023,0.392729
6.4,36.3465,17.7337,7.14306,36.6068,19.2571,8.51773,1.54546,3.87543,-24.3551,-1.03359
6.42,36.3876,17.8704,7.12239,36.6714,19.4147,8.48651,1.57026,3.91725,-24.0927,-0.971623
6.44,36.4317,18.0056,7.10296,36.7395,19.5702,8.46744,1.59462,3.95392,-24.0927,-0.933521
6.46,36.4788,18.1394,7.08428,36.811,19.7237,8.43948,1.61878,3.99836,-24.0927,-0.877688
6.48,36.529,18.2717,7.06673,36.8859,19.875,8.41519,1.64253,4.05024,-24.0927,-0.829176
6.5,36.5821,18.4025,7.05015,36.9641,20.024,8.39187,1.66591,4.09727,-27.5235,-0.900705
6.52,36.6384,18.5316,7.03213,37.0455,20.1708,8.38154,1.68901,4.14782,-27.5235,-0.88009
6.54,36.698,18.6588,7.01453,37.1308,20.3151,8.36141,1.71195,4.2058,30.023,-0.839898
6.56,36.7573,18.7857,6.99773,37.2197,20.4567,8.35367,1.73381,4.26728,30.023,-0.824442
6.58,36.8126,18.9141,6.98124,37.3042,20.6009,8.33496,1.75693,4.3184,27.4828,-1.21288
6.6,36.8641,19.0436,6.95699,36.9064,19.2874,6.62049,0.247368,4.36495,27.4828,2.2101
6.62,36.9121,19.1747,7.00119,36.9732,19.4017,6.66576,0.235071,4.41199,27.4828,2.12058
6.64,36.9569,19.3078,7.0436,37.0373,19.5185,6.7065,0.225576,4.4597,27.4828,2.03922
6.66,36.9983,19.4429,7.08438,37.0987,19.6378,6.75149,0.219278,4.50475,27.4828,1.94936
6.68,37.0362,19.5798,7.12337,37.1572,19.7595,6.7766,0.216645,4.53871,27.4828,1.89922
6.7,37.0706,19.7184,7.16136,37.2125,19.8833,6.81134,0.2175,4.57328,27.4828,1.82985
6.72,37.1012,19.8587,7.19795,37.2646,20.0091,6.8453,0.222082,4.60841,27.4828,1.76201
6.74,37.1281,20.0005,7.23319,37.3135,20.137,6.88522,0.230212,4.64408,-30.023,1.68229
6.76,37.1553,20.1429,7.26684,37.359,20.267,6.92255,0.238451,4.67163,-30.023,1.60773
6.78,37.1871,20.285,7.29899,37.4087,20.3962,6.95701,0.247877,4.70559,-30.023,1.53892
6.8,37.2235,20.4267,7.32977,38.6835,21.8583,8.99013,2.04476,4.74833,9.38851,-5
6.82,37.2613,20.5673,7.22977,38.7676,22.0172,8.88663,2.09073,4.79646,12.2255,-5
6.84,37.2971,20.7064,7.12977,38.8493,22.1751,8.78728,2.13688,4.83242,13.9824,-5
6.86,37.3308,20.8439,7.02977,38.9283,22.3321,8.68103,2.18324,4.86974,30.023,-1.95828
6.88,37.3612,20.9808,6.99061,39.0043,22.4881,8.65413,2.22982,4.90755,30.023,-1.90352
6.9,37.3873,21.1177,6.95254,39.0755,22.6459,8.61082,2.27712,4.93674,30.023,-1.39904
6.92,37.4093,21.2548,6.92456,39.1416,22.805,8.58451,2.32466,4.95973,30.023,-1.34639
6.94,37.4271,21.3918,6.89763,39.2027,22.9654,8.55663,2.37255,4.98234,30.023,-1.29072
6.96,37.4407,21.5288,6.87181,39.2588,23.1271,8.52205,2.42067,4.99331,30.023,-1.22165
6.98,37.4504,21.6657,6.84738,39.3099,23.2897,8.49152,2.46887,5.0015,30.023,-1.16069
7,37.456,21.8023,6.82417,36.9892,23.5195,7.31985,1.77956,4.99954,-21.4677,1.17868
7.02,37.4609,21.9389,6.84774,36.9835,23.6658,7.35411,1.79167,4.99279,-21.4677,1.11086
7.04,37.4686,22.0759,6.86996,36.9808,23.8129,7.37996,1.8042,4.97895,-21.4677,1.05923
7.06,37.4791,22.2131,6.89114,36.9811,23.9605,7.40221,1.81698,4.95928,-21.4677,1.0148
7.08,37.4923,22.3505,6.91144,36.9843,24.1085,7.42527,1.82996,4.93539,-21.4677,0.968741
7.1,37.5084,22.4879,6.93081,36.9904,24.2569,7.44914,1.84319,4.90525,-21.4677,0.921068
7.12,37.5273,22.6255,6.94923,36.9997,24.4056,7.46307,1.85665,4.87508,-21.4677,0.893242
7.14,37.549,22.7629,6.9671,37.0119,24.5543,7.48461,1.87019,4.84274,-21.4677,0.850223
7.16,37.5736,22.9002,6.9841,37.0273,24.7032,7.51019,1.88392,4.80862,-21.4677,0.799148
7.18,37.601,23.0374,7.00009,37.0458,24.8523,7.51613,1.89797,4.77487,-21.4677,0.787284
7.2,37.6313,23.1742,7.01583,35.1778,25.4716,7.34952,3.36119,4.74057,-21.4677,1.11992
7.22,37.6645,23.3108,7.03823,35.1649,25.618,7.37837,3.40169,4.70506,-21.4677,1.0624
7.24,37.7006,23.4471,7.05948,35.1548,25.7652,7.38886,3.44307,4.67371,-21.4677,1.04144
7.26,37.7396,23.583,7.08031,35.1478,25.9128,7.41679,3.48503,4.63605,-21.4677,0.985671
7.28,37.7815,23.7184,7.10002,35.1438,26.0611,7.43973,3.5278,4.60519,-21.4677,0.939856
7.3,37.8263,23.8534,7.11882,35.1428,26.2099,7.46034,3.57131,4.56613,-21.4677,0.898707
7.32,37.874,23.9877,7.13679,35.1449,26.3591,7.47572,3.61544,4.53303,-21.4677,0.867988
7.34,37.9246,24.1213,7.15415,35.1502,26.5085,7.4997,3.6601,4.49113,-21.4677,0.820106
7.36,37.9782,24.2542,7.17055,35.1586,26.6583,7.53375,3.70535,4.36711,-21.4677,0.752104
7.38,38.0346,24.3862,7.1856,35.1702,26.8085,7.54588,3.75129,4.23271,-21.4677,0.727875
7.4,38.0939,24.5173,7.20015,35.2202,26.9271,7.53835,3.75033,4.09979,-21.4677,0.742885
7.42,38.156,24.6473,7.21501,35.239,27.0767,7.55492,3.79616,3.96388,-21.4677,0.709823
7.44,38.221,24.7763,7.22921,35.261,27.2262,7.56457,3.84236,3.82731,-21.4677,0.690535
7.46,38.2889,24.9042,7.24302,35.2861,27.3754,7.58303,3.88886,3.69216,-21.4677,0.653667
7.48,38.3595,25.0308,7.25609,35.3145,27.5243,7.58045,3.93572,3.5587,-21.4677,0.658811
7.5,38.433,25.1561,7.26927,35.346,27.6726,7.59459,3.98273,3.42724,-21.4677,0.630584
7.52,38.5092,25.28,7.28188,35.3807,27.8205,7.6102,4.03003,3.29812,-21.4677,0.599416
7.54,38.5882,25.4025,7.29387,35.4186,27.9679,7.62148,4.07762,3.17175,-21.4677,0.576891
7.56,38.6698,25.5236,7.30541,35.4597,28.1147,7.62997,4.12538,3.04859,-21.4677,0.559937
7.58,38.7542,25.643,7.3166,35.504,28.2607,7.63443,4.17334,2.91857,-21.4677,0.551022
7.6,38.8412,25.7608,7.32762,36.0185,27.8156,7.10878,3.49139,2.789,-21.4677,1.60052
7.62,38.931,25.877,7.35964,36.0756,27.9458,7.1325,3.52614,2.6624,-21.4677,1.55343
7.64,39.0236,25.9918,7.3907,36.1356,28.0752,7.16176,3.56113,2.53921,-21.4677,1.49499
7.66,39.1191,26.105,7.4206,36.1987,28.2038,7.18758,3.5964,2.42017,-21.4677,1.44343
7.68,39.2174,26.2165,7.44947,36.2648,28.3315,7.20961,3.63193,2.30613,-21.4677,1.39943
7.7,39.3185,26.3264,7.47746,36.3339,28.458,7.22879,3.66771,2.19809,-21.4677,1.36113
7.72,39.4224,26.4344,7.50468,36.4059,28.5834,7.24599,3.70375,2.07417,-21.4677,1.32677
7.74,39.5289,26.5404,7.53122,36.4808,28.7075,7.27168,3.73998,1.95498,-21.4677,1.27546
7.76,39.6382,26.6445,7.55673,36.5586,28.8303,7.29921,3.7764,1.8422,-21.4677,1.2205
7.78,39.75,26.7465,7.58114,36.6395,28.9519,7.32056,3.81303,1.73733,-21.4677,1.17785
7.8,39.8645,26.8463,7.6047,36.3559,27.9551,5.99961,3.67965,1.6421,-21.4677,3
7.82,39.9818,26.9441,7.6647,36.4266,28.052,6.05782,3.72385,1.54142,-21.4677,3
7.84,40.1021,27.04,7.7247,36.5001,28.1483,6.12254,3.76872,1.42977,-21.4677,3
7.86,40.2256,27.1338,7.7847,36.5765,28.244,6.17447,3.81418,1.32854,30.023,3
7.88,40.3495,27.2291,7.8447,36.6558,28.3387,6.23473,3.85669,1.23715,30.023,3
7.9,40.471,27.3293,7.9047,36.7326,28.4369,6.29188,3.89906,1.15448,30.023,3
7.92,40.59,27.4342,7.9647,36.8067,28.5386,6.35228,3.94121,1.03353,-21.4677,3
7.94,40.7093,27.5407,8.0247,36.8779,28.6438,6.41258,3.98705,0.915371,-21.4677,2.99129
7.96,40.832,27.645,8.08452,36.9523,28.7483,6.47529,4.03351,0.813997,-21.4677,2.86595
7.98,40.9581,27.7473,8.14184,37.0299,28.852,6.54071,4.08052,0.737309,-21.4677,2.73532
8,41.0874,27.8471,8.19655,38.3665,29.6659,7.94694,3.27281,0.633583,-21.4677,-0.0723943
8.02,41.2194,27.9442,8.1951,38.4809,29.7762,7.94014,3.2948,0.51609,-21.4677,-0.0595111
8.04,41.3538,28.0381,8.19391,38.5979,29.8836,7.93275,3.31678,0.433761,30.023,-0.0447589
8.06,41.4875,28.1327,8.19301,38.7173,29.9881,7.93915,3.33424,0.403637,30.023,-0.0575321
8.08,41.6179,28.2319,8.19186,38.833,30.0968,7.93785,3.35167,0.272214,30.023,-0.0549466
8.1,41.7447,28.3357,8.19076,38.9448,30.2095,7.93663,3.36911,0.136272,-21.4677,-0.0525056
8.12,41.8709,28.4401,8.18971,39.0526,30.3261,7.93831,3.39112,0.128524,-21.4677,-0.0558557
8.14,41.9995,28.5415,8.1886,39.1632,30.44,7.94396,3.41312,0.246206,-21.4677,-0.0671362
8.16,42.1305,28.6397,8.18725,39.2765,30.5513,7.93385,3.43506,0.185902,-21.4677,-0.0469544
8.18,42.2638,28.7348,8.18631,39.3923,30.6598,7.93481,3.45699,0.24632,-21.4677,-0.0488613
8.2,42.3993,28.8267,8.18534,42.2465,30.8691,9.75931,2.0481,0.372726,-28.7461,-3.51263
8.22,42.5368,28.9143,8.11508,42.4264,30.9449,9.6971,2.03356,0.449908,-30.023,-3.3893
8.24,42.6759,28.9965,8.0473,42.6075,31.0143,9.63026,2.01893,0.490448,-30.023,-3.2558
8.26,42.8166,29.0732,7.98218,42.7896,31.077,9.56203,2.00392,0.57005,-30.023,-3.11955
8.28,42.9588,29.1445,7.91979,42.9725,31.133,9.50601,1.98853,0.671881,-30.023,-3.02713
8.3,43.1021,29.2105,7.85925,43.156,31.1825,9.44658,1.97281,0.693671,-30.023,-2.90845
8.32,43.2465,29.2711,7.80108,43.34,31.2256,9.37835,1.95674,0.743528,-30.023,-2.7722
8.34,43.3918,29.3264,7.74564,43.524,31.2621,9.32573,1.94022,0.815719,-30.023,-2.72868
8.36,43.5378,29.3766,7.69106,43.708,31.2924,9.27463,1.92341,0.854623,-30.023,-2.62665
8.38,43.6843,29.4215,7.63853,43.8919,31.3165,9.2238,1.9063,0.88075,-30.023,-2.52513
8.4,43.8313,29.4615,7.58803,44.2441,29.6576,8.03876,0.457098,0.926696,-30.023,-0.262785
8.42,43.9789,29.4964,7.58277,44.4038,29.6388,8.03181,0.44816,0.978987,-30.023,-0.248341
8.44,44.1274,29.5266,7.5778,44.5627,29.6149,8.02977,0.444092,0.983798,-30.023,-0.331691
8.46,44.2768,29.5519,7.57117,44.7206,29.5859,8.01205,0.44513,1.00677,-30.023,-0.296324
8.48,44.4268,29.5723,7.56524,44.8772,29.5519,8.00548,0.450905,1.04663,-30.023,-0.283206
8.5,44.5772,29.5879,7.55958,45.0325,29.5129,8.00291,0.46141,1.05701,-30.023,-0.383368
8.52,44.7279,29.5985,7.55191,45.1864,29.4689,7.98954,0.476416,1.05808,-30.023,-0.35671
8.54,44.8788,29.6043,7.54478,45.3385,29.4199,7.9828,0.495294,1.07568,-30.023,-0.343234
8.56,45.0296,29.6052,7.53791,45.4888,29.3661,7.98027,0.517717,1.10449,-30.023,-0.338198
8.58,45.1802,29.6013,7.53115,45.6372,29.3074,7.97376,0.543308,1.08355,-30.023,-0.688494
8.6,45.3305,29.5925,7.51738,44.2707,29.5052,6.33654,1.06332,1.07851,-30.023,2.58028
8.62,45.4807,29.5788,7.56899,44.3906,29.464,6.39634,1.09617,1.0896,-30.023,2.46171
8.64,45.6314,29.5601,7.61822,44.5101,29.4184,6.44208,1.13022,1.08749,-30.023,2.37035
8.66,45.7824,29.5364,7.66563,44.629,29.3687,6.49778,1.16556,1.05842,-30.023,2.25912
8.68,45.9334,29.5076,7.71081,44.7471,29.3146,6.54545,1.2019,1.04598,-30.023,2.16391
8.7,46.0843,29.4736,7.75409,44.8643,29.2562,6.5873,1.23922,1.05107,-30.023,2.08033
8.72,46.2348,29.4344,7.79569,44.9802,29.1936,6.62799,1.27749,1.0085,-30.023,1.99907
8.74,46.3846,29.39,7.83568,45.0946,29.1267,6.67293,1.31659,0.970593,-30.023,1.90933
8.76,46.5337,29.3404,7.87386,45.2076,29.0555,6.70913,1.35635,0.951752,-30.023,1.83703
8.78,46.6816,29.2855,7.9106,45.3186,28.9802,6.73721,1.39678,0.912784,-30.023,1.78094
8.8,46.8283,29.2253,7.94622,46.0026,29.5083,7.54032,0.872871,0.847303,-30.023,0.177438
8.82,46.9733,29.16,7.94977,46.1282,29.4249,7.53828,0.885566,0.802673,-27.4328,-0.812317
8.84,47.1159,29.0901,7.93352,46.2509,29.3372,7.52359,0.899603,0.759564,-27.4328,-0.783235
8.86,47.2561,29.0161,7.91786,46.3706,29.246,7.51535,0.914837,0.664422,-27.4328,-0.766762
8.88,47.3936,28.938,7.90252,46.4873,29.1513,7.50523,0.931097,0.592405,-27.4328,-0.746552
8.9,47.5285,28.8559,7.88759,46.6009,29.0532,7.49933,0.948342,0.552466,-17.8509,-2.47375
8.92,47.6608,28.7708,7.83812,46.7114,28.9518,7.44724,0.966452,0.42605,-17.8509,-2.37018
8.94,47.7906,28.6839,7.79071,46.8192,28.849,7.39434,0.985332,0.317744,-17.8509,-2.26453
8.96,47.9181,28.5951,7.74542,46.9244,28.745,7.35273,1.00496,0.260372,-17.8509,-2.18143
8.98,48.0432,28.5044,7.7018,47.027,28.6397,7.30005,1.02512,0.231714,-17.8509,-2.07623
9,48.1659,28.412,7.66027,48.1395,28.7655,8.4529,0.354464,0.101143,30.023,-5
9.02,48.2881,28.3213,7.56027,48.2609,28.6478,8.3495,0.327664,0.116392,30.023,-5
9.04,48.4115,28.2357,7.46027,48.3845,28.5356,8.24884,0.301052,0.247942,30.023,-5
9.06,48.536,28.1553,7.36027,48.5102,28.4286,8.15354,0.274609,0.39012,30.023,-5
9.08,48.6612,28.0798,7.26027,48.6376,28.3269,8.06002,0.248262,0.498958,30.023,-5
9.1,48.7869,28.0092,7.16027,48.7667,28.2303,7.95258,0.222073,0.573893,30.023,-5
9.12,48.913,27.9434,7.06027,48.8969,28.139,7.86353,0.196285,0.667348,30.023,-5
9.14,49.0392,27.8824,6.96027,49.0284,28.0527,7.76819,0.170692,0.771568,30.023,-5
9.16,49.1654,27.8259,6.86027,49.1607,27.9713,7.66194,0.145515,0.881815,30.023,-5
9.18,49.2912,27.7739,6.76027,49.2936,27.895,7.55769,0.121048,0.995267,30.023,-5
9.2,49.4167,27.7263,6.66027,47.8711,28.707,5.2184,1.83052,1.11021,30.023,-3.55189
9.22,49.5419,27.6829,6.58923,47.9658,28.6633,5.13687,1.8561,1.19284,30.023,-3.38952
9.24,49.6669,27.6434,6.52144,48.0603,28.6229,5.07145,1.88163,1.27902,30.023,-3.25885
9.26,49.7917,27.6078,6.45627,48.1546,28.5856,5.00925,1.90685,1.36886,30.023,-3.13463
9.28,49.9162,27.576,6.39357,48.2488,28.5514,4.95049,1.93173,1.46138,30.023,-3.01729
9.3,50.0403,27.5479,6.33323,48.3427,28.52,4.89451,1.95626,1.55582,30.023,-2.90549
9.32,50.164,27.5234,6.27512,48.4364,28.4916,4.83636,1.98044,1.65161,30.023,-2.78935
9.34,50.2872,27.5024,6.21933,48.5296,28.466,4.78444,2.00434,1.74829,30.023,-2.68567
9.36,50.4098,27.4848,6.16562,48.6226,28.4431,4.73392,2.0279,1.83989,30.023,-2.58476
9.38,50.5317,27.4706,6.11392,48.7151,28.4229,4.68129,2.05113,1.91577,30.023,-2.47967
9.4,50.653,27.4597,6.06433,49.446,27.2279,5.84834,1.2291,1.99326,30.023,-4.80975
9.42,50.7731,27.452,5.96813,49.5581,27.1945,5.75808,1.242,2.07171,30.023,-4.63014
9.44,50.8914,27.4475,5.87553,49.6693,27.1645,5.66221,1.25452,2.15052,30.023,-4.43867
9.46,51.008,27.446,5.78676,49.7793,27.1377,5.58289,1.26683,2.22945,30.023,-3.92943
9.48,51.123,27.4473,5.70817,49.8884,27.114,5.49326,1.27878,2.30836,30.023,-3.75035
9.5,51.2363,27.4514,5.63316,49.9963,27.0933,5.41529,1.29068,2.38715,30.023,-3.59462
9.52,51.3481,27.4582,5.56127,50.1031,27.0755,5.34451,1.3024,2.46569,30.023,-3.45326
9.54,51.4582,27.4675,5.4922,50.209,27.0604,5.27207,1.31387,2.5276,30.023,-3.30861
9.56,51.5667,27.4792,5.42603,50.3137,27.048,5.21025,1.32518,2.58942,30.023,-3.18514
9.58,51.6737,27.4933,5.36233,50.4174,27.0382,5.14804,1.33619,2.65149,30.023,-3.06091
9.6,51.7791,27.5096,5.30111,50.6067,25.9448,5.54966,1.95528,2.71372,30.023,-3.86274
9.62,51.8827,27.5281,5.22386,50.7155,25.9228,5.4736,1.98474,2.7759,30.023,-3.71108
9.64,51.9844,27.5486,5.14963,50.8233,25.9035,5.39547,2.01355,2.83784,30.023,-3.55505
9.66,52.0842,27.571,5.07853,50.9299,25.8868,5.3183,2.04175,2.89949,30.023,-3.40092
9.68,52.1821,27.5952,5.01052,51.0353,25.8727,5.24889,2.06937,2.96079,30.023,-3.26231
9.7,52.2782,27.6212,4.94527,51.1396,25.8609,5.17985,2.09643,3.01486,30.023,-3.12442
9.72,52.3725,27.6488,4.88278,51.2428,25.8515,5.11446,2.12294,3.06161,30.023,-2.99384
9.74,52.4651,27.6781,4.8229,51.3448,25.8443,5.05884,2.14892,3.10838,30.023,-2.88275
9.76,52.5559,27.7089,4.76525,51.4459,25.8392,4.99458,2.17433,3.15514,30.023,-2.75443
9.78,52.645,27.7411,4.71016,51.5457,25.8363,4.93748,2.19927,3.20183,30.023,-2.64039
9.8,52.7324,27.7748,4.65735,51.5917,27.0264,4.51249,1.36425,3.24843,30.023,-0.741958
9.82,52.8185,27.8099,4.64251,51.6805,27.0428,4.49595,1.37239,3.2951,30.023,-0.708475
9.84,52.9036,27.8466,4.62834,51.7685,27.061,4.47412,1.38044,3.34197,30.023,0.988937
9.86,52.9881,27.885,4.64812,51.8558,27.0808,4.49132,1.38881,3.38735,30.023,0.955013
9.88,53.0721,27.9253,4.66722,51.943,27.1024,4.50389,1.39711,3.42221,30.023,0.929916
9.9,53.1556,27.9674,4.68582,52.03,27.1259,4.51228,1.40541,3.45768,30.023,0.913152
9.92,53.2386,28.0113,4.70408,52.1166,27.1511,4.53546,1.41378,3.49371,30.023,0.866876
9.94,53.321,28.0571,4.72142,52.2032,27.1782,4.55882,1.42194,3.53029,30.023,0.820215
9.96,53.4027,28.1047,4.73783,52.2896,27.2072,4.5755,1.42985,3.56739,30.023,0.786912
9.98,53.4837,28.1541,4.75356,52.3758,27.238,4.58907,1.43763,3.60497,30.023,0.759795
10,53.564,28.2053,4.76876,52.5078,26.8321,4.68165,1.73244,3.64302,30.023,0.57496
10.02,53.6434,28.2583,4.78026,52.5968,26.8613,4.69229,1.7456,3.67072,30.023,0.553659
10.04,53.722,28.3131,4.79133,52.6853,26.8924,4.69448,1.75864,3.69647,30.023,0.549281
10.06,53.7995,28.3695,4.80232,52.7732,26.9254,4.70964,1.77168,3.72269,30.023,0.519016
10.08,53.8761,28.4277,4.8127,52.8607,26.9602,4.71041,1.7845,3.74936,30.023,0.51747
10.1,53.9516,28.4876,4.82305,52.9475,26.9968,4.72456,1.79732,3.77646,30.023,2.52088
10.12,54.0263,28.5494,4.87347,53.0338,27.0353,4.77281,1.81033,3.80409,30.023,2.42505
10.14,54.1004,28.6134,4.92197,53.1202,27.076,4.81873,1.82328,3.82346,30.023,2.33335
10.16,54.1739,28.6796,4.96863,53.2065,27.119,4.8693,1.83617,3.8387,30.023,2.23235
10.18,54.2466,28.7479,5.01328,53.2927,27.1642,4.90289,1.84885,3.85451,30.023,2.16526
10.2,54.3185,28.8185,5.05659,53.4788,27.9947,5.18054,1.17631,3.87087,30.023,3
10.22,54.3896,28.8913,5.11659,53.5614,28.0572,5.24057,1.17535,3.88782,30.023,3
10.24,54.4599,28.9665,5.17659,53.6436,28.1223,5.30517,1.17427,3.89582,30.023,3
10.26,54.5292,29.0441,5.23659,53.7253,28.19,5.364,1.17297,3.89961,30.023,3
10.28,54.5976,29.1242,5.29659,53.8064,28.2602,5.43234,1.17155,3.9039,30.023,3
10.3,54.665,29.2068,5.35659,53.8868,28.3333,5.49608,1.16984,3.90872,30.023,3
10.32,54.7311,29.2918,5.41659,53.9665,28.409,5.5476,1.1679,3.90606,30.023,3
10.34,54.796,29.3793,5.47659,54.0452,28.4872,5.60766,1.16599,3.89698,30.023,3
10.36,54.8595,29.4693,5.53659,54.1228,28.5682,5.67953,1.16391,3.8883,26.7924,3
10.38,54.9217,29.5616,5.59659,54.1994,28.652,5.74176,1.16147,3.88022,26.7924,3
10.4,54.9825,29.6563,5.65659,53.0794,28.0654,4.20702,2.48051,3.87102,26.7924,3
10.42,55.042,29.7532,5.71659,53.1364,28.1272,4.25978,2.50501,3.84909,26.7924,3
10.44,55.1,29.8525,5.77659,53.1928,28.1911,4.32208,2.52931,3.82782,26.7924,3
10.46,55.1564,29.954,5.83659,53.2486,28.2571,4.38031,2.55322,3.80724,26.7924,3
10.48,55.2112,30.0577,5.89659,53.3037,28.3252,4.44846,2.5768,3.78742,26.7924,3
10.5,55.2641,30.1638,5.95659,53.3581,28.3956,4.50593,2.59985,3.76581,26.7924,3
10.52,55.3153,30.272,6.01659,53.4116,28.4681,4.56126,2.62256,3.73152,26.7924,3
10.54,55.3644,30.3825,6.07659,53.4641,28.5427,4.6284,2.64497,3.69787,26.7924,3
10.56,55.4115,30.4952,6.13659,53.5157,28.6196,4.68621,2.66683,3.66492,26.7924,3
10.58,55.4565,30.61,6.19659,53.5661,28.6986,4.74657,2.6883,3.63276,26.7924,3
10.6,55.4991,30.727,6.25659,54.2627,28.3747,5.2122,2.65746,3.60147,26.7924,3
10.62,55.5394,30.8461,6.31659,54.3241,28.459,5.26947,2.67873,3.55946,26.7924,3
10.64,55.5773,30.9673,6.37659,54.3841,28.5456,5.32727,2.69967,3.5129,26.7924,3
10.66,55.6126,31.0905,6.43659,54.4427,28.6346,5.39383,2.72027,3.4671,26.7924,3
10.68,55.6452,31.2156,6.49659,54.4999,28.7261,5.45513,2.74034,3.42216,26.7924,3
10.7,55.675,31.3427,6.55659,54.5553,28.82,5.50908,2.75997,3.37819,24.3201,3
10.72,55.7021,31.4716,6.61659,54.609,28.9162,5.56467,2.77932,3.33549,24.3201,3
10.74,55.7266,31.6023,6.67659,54.6611,29.0146,5.62159,2.79842,3.28041,24.3201,3
10.76,55.7483,31.7346,6.73659,54.7115,29.1151,5.67819,2.81723,3.2222,24.3201,3
10.78,55.7672,31.8686,6.79659,54.76,29.2178,5.73455,2.83573,3.16533,27.0249,3
10.8,55.783,32.0042,6.85659,57.0238,30.2989,8.56559,2.1089,3.1098,30.023,-5
10.82,55.7951,32.1398,6.75659,57.1073,30.4485,8.46186,2.1407,3.05602,30.023,-5
10.84,55.803,32.2737,6.65659,57.1855,30.5986,8.36911,2.17195,3.00449,30.023,-5
10.86,55.8072,32.4058,6.55659,57.2587,30.7491,8.26785,2.20257,2.94706,30.023,-5
10.88,55.8076,32.5359,6.45659,57.3267,30.8998,8.17097,2.2326,2.88099,30.023,-5
10.9,55.8044,32.664,6.35659,57.3898,31.0506,8.07118,2.26197,2.81717,30.023,-5
10.92,55.7979,32.7899,6.25659,57.448,31.2011,7.97628,2.2907,2.75567,30.023,-5
10.94,55.7881,32.9137,6.15659,57.5016,31.3514,7.87717,2.31876,2.69655,30.023,-5
10.96,55.7753,33.0351,6.05659,57.5505,31.5012,7.77592,2.34616,2.63989,30.023,-5
10.98,55.7597,33.1542,5.95659,57.595,31.6502,7.68841,2.3729,2.58575,30.023,-5
11,55.7413,33.2709,5.85659,56.0949,31.3516,6.02122,1.95164,2.53418,30.023,-3.86101
11.02,55.7203,33.3854,5.77937,56.1056,31.4715,5.93473,1.95224,2.46683,30.023,-3.68807
11.04,55.6968,33.4978,5.7056,56.1132,31.59,5.87168,1.95273,2.40102,30.023,-3.56214
11.06,55.6708,33.6082,5.63436,56.1179,31.7073,5.79697,1.95272,2.33742,30.023,-3.41293
11.08,55.6426,33.7166,5.5661,56.1197,31.8232,5.72382,1.95251,2.27609,30.023,-3.26685
11.1,55.6122,33.823,5.50077,56.1188,31.9377,5.658,1.95214,2.2171,30.023,-3.13541
11.12,55.5796,33.9274,5.43806,56.1152,32.0508,5.59649,1.95151,2.16054,30.023,-3.01256
11.14,55.5451,34.0299,5.37781,56.1091,32.1626,5.55189,1.95062,2.10648,30.023,-2.92347
11.16,55.5085,34.1304,5.31934,56.1004,32.2733,5.49678,1.94918,2.05502,30.023,-2.81343
11.18,55.4702,34.229,5.26307,56.0894,32.3827,5.44087,1.94745,1.99866,30.023,-2.70177
11.2,55.43,34.3257,5.20903,55.4426,32.488,5.05376,1.83781,1.93155,30.023,-1.92883
11.22,55.388,34.4207,5.17046,55.419,32.5863,5.00786,1.83469,1.8666,30.023,-1.837
11.24,55.3443,34.514,5.13372,55.3934,32.6831,4.98055,1.83154,1.80386,30.023,-1.78244
11.26,55.2989,34.6057,5.09807,55.3659,32.7788,4.95324,1.82804,1.74349,30.023,-1.72791
11.28,55.2518,34.6957,5.06351,55.3365,32.8734,4.91645,1.82422,1.68567,30.023,-1.65445
11.3,55.2031,34.7841,5.03042,55.3053,32.9667,4.88218,1.82028,1.6306,30.023,-1.58599
11.32,55.1528,34.8709,4.9987,55.2724,33.0586,4.86082,1.81622,1.57849,30.023,-1.54333
11.34,55.101,34.956,4.96783,55.2376,33.1494,4.83191,1.8118,1.52957,30.023,-1.48561
11.36,55.0477,35.0395,4.93812,55.2011,33.2389,4.79154,1.80719,1.46141,30.023,-1.40498
11.38,54.993,35.1214,4.91002,55.163,33.3268,4.76605,1.80265,1.39244,4.81849,-1.35407
11.4,54.9376,35.2022,4.88294,53.3961,35.2595,6.59755,1.54261,1.32664,-3.5262,-3.406
11.42,54.8828,35.2821,4.81482,53.3057,35.3557,6.52546,1.57877,1.26556,-3.5262,-3.26258
11.44,54.8288,35.3611,4.74957,53.2165,35.4509,6.46616,1.6148,1.21009,-3.5262,-3.14414
11.46,54.7757,35.4392,4.68669,53.1283,35.5455,6.40402,1.65088,1.16068,-3.5262,-3.02004
11.48,54.7235,35.5163,4.62628,53.0411,35.6394,6.34008,1.6869,1.11778,-13.0098,-0.859177
11.5,54.6722,35.593,4.6091,52.955,35.7324,6.3182,1.7228,1.08193,-13.0098,-0.814939
11.52,54.6216,35.6699,4.5928,52.8699,35.8259,6.30088,1.75858,1.01748,-13.0098,-0.780348
11.54,54.5718,35.7469,4.5772,52.7858,35.9197,6.28267,1.7943,0.957474,-13.0098,-0.743975
11.56,54.5227,35.824,4.56232,52.7027,36.0139,6.26786,1.82996,0.903572,-13.0098,-0.714395
11.58,54.4745,35.9013,4.54803,52.6204,36.1085,6.25778,1.86557,0.856823,-22.0119,1.26375
11.6,54.4269,35.9791,4.5733,53.0396,36.0844,6.03917,1.39135,0.818449,-22.0119,1.70073
11.62,54.3802,36.0581,4.60732,52.9696,36.1829,6.07516,1.41611,0.789855,-22.0119,1.62897
11.64,54.3342,36.1384,4.6399,52.9005,36.2828,6.09991,1.44094,0.77236,-22.0119,1.57955
11.66,54.2891,36.2198,4.67149,52.8326,36.3842,6.13899,1.46568,0.711073,-22.0119,1.50149
11.68,54.2447,36.3024,4.70152,52.7657,36.4871,6.17626,1.49056,0.655804,-22.0119,1.42707
11.7,54.2013,36.3861,4.73006,52.6998,36.5916,6.20126,1.51549,0.610954,-30.023,2.77025
11.72,54.159,36.4713,4.78546,52.6352,36.6975,6.255,1.54049,0.579486,-30.023,2.66329
11.74,54.1179,36.5584,4.83873,52.5722,36.8055,6.31334,1.56538,0.564402,-30.023,2.54678
11.76,54.0783,36.6472,4.88967,52.5109,36.9159,6.35022,1.59026,0.56763,-30.023,2.47312
11.78,54.0401,36.7378,4.93913,52.4515,37.0282,6.398,1.61488,0.508938,-30.023,2.3777
11.8,54.0035,36.83,4.98668,53.6254,35.879,4.49754,1.02344,0.456439,-30.023,3
11.82,53.9685,36.9241,5.04668,53.5975,35.9645,4.55856,1.02874,0.42295,-30.023,3
11.84,53.9351,37.0199,5.10668,53.5712,36.0518,4.61753,1.03429,0.413994,-30.023,3
11.86,53.9034,37.1177,5.16668,53.5464,36.1408,4.67302,1.04011,0.432028,-30.023,3
11.88,53.8736,37.2172,5.22668,53.5234,36.2313,4.73642,1.04627,0.402884,-30.023,3
11.9,53.8457,37.3186,5.28668,53.5021,36.3237,4.79335,1.05264,0.344717,-30.023,3
11.92,53.8199,37.4217,5.34668,53.4826,36.4175,4.85657,1.05931,0.314363,-30.023,3
11.94,53.7961,37.5266,5.40668,53.4651,36.5131,4.92396,1.0662,0.321133,-30.023,3
11.96,53.7745,37.6332,5.46668,53.4496,36.6103,4.97842,1.07322,0.364087,-30.023,3
11.98,53.7552,37.7414,5.52668,53.4362,36.709,5.04175,1.08057,0.314557,-30.023,3
12,53.7383,37.8512,5.58668,52.8216,37.7129,6.34358,0.927038,0.261242,-30.023,3
12.02,53.7238,37.9626,5.64668,52.8039,37.8385,6.40242,0.928283,0.252299,-30.023,3
12.04,53.7119,38.0755,5.70668,52.789,37.9657,6.4654,0.929405,0.293299,-30.023,3
12.06,53.7027,38.1899,5.76668,52.7772,38.0945,6.51933,0.930395,0.313081,-30.023,2.93385
12.08,53.6963,38.3056,5.82536,52.7685,38.2246,6.58106,0.931298,0.245043,-30.023,2.81388
12.1,53.6927,38.4227,5.88164,52.763,38.3561,6.63217,0.932076,0.224206,-30.023,2.7118
12.12,53.692,38.5408,5.93587,52.7607,38.4887,6.69479,0.932788,0.263677,-30.023,2.58675
12.14,53.6944,38.66,5.98761,52.7618,38.6226,6.74599,0.933376,0.327462,-30.023,2.4845
12.16,53.6999,38.7802,6.0373,52.7663,38.7575,6.79328,0.933861,0.258401,-30.023,2.39999
12.18,53.7085,38.9011,6.0853,52.7743,38.8931,6.83805,0.934221,0.238185,-30.023,2.3106
12.2,53.7204,39.0227,6.13151,52.9973,39.3979,7.2815,0.8147,0.27903,-30.023,1.43181
12.22,53.7355,39.1446,6.16015,53.02,39.5418,7.31587,0.818389,0.359764,-30.023,1.36298
12.24,53.754,39.2667,6.18741,53.0466,39.6856,7.34349,0.822109,0.3046,-29.2425,1.31112
12.26,53.7757,39.3888,6.21363,53.0772,39.8293,7.36569,0.825808,0.297586,-29.2425,1.26679
12.28,53.8007,39.5108,6.23896,53.1116,39.9725,7.40394,0.82949,0.342269,-29.2425,1.19041
12.3,53.8289,39.6326,6.26277,53.1499,40.1156,7.42527,0.833282,0.422997,-29.2425,1.14779
12.32,53.8604,39.7541,6.28573,53.192,40.258,7.43891,0.837077,0.396198,-27.4319,1.12055
12.34,53.895,39.8751,6.30814,53.2379,40.3995,7.46712,0.840673,0.406352,-27.4319,1.06422
12.36,53.9328,39.9957,6.32942,53.2875,40.5404,7.49143,0.844363,0.455629,-27.4319,1.01567
12.38,53.9735,40.1158,6.34974,53.3408,40.6804,7.51058,0.848049,0.533588,-27.3288,0.977432
12.4,54.0173,40.2352,6.36929,53.5177,40.345,6.98209,0.511528,0.541084,-27.3288,2.03259
12.42,54.0643,40.3541,6.40994,53.5756,40.4721,7.01486,0.502757,0.566835,-27.3288,1.96742
12.44,54.1144,40.4725,6.44929,53.6368,40.5983,7.05796,0.493926,0.621582,-27.3288,1.88135
12.46,54.1678,40.5903,6.48691,53.7015,40.7238,7.09192,0.485005,0.69898,-27.3288,1.81353
12.48,54.2244,40.7074,6.52318,53.7697,40.8482,7.11384,0.476022,0.743666,-27.3288,1.76975
12.5,54.2843,40.8237,6.55858,53.8411,40.9712,7.15249,0.467036,0.784032,-27.3288,1.69258
12.52,54.3473,40.9391,6.59243,53.916,41.0931,7.18292,0.457958,0.846139,-27.3288,1.6318
12.54,54.4136,41.0535,6.62507,53.9943,41.2136,7.21844,0.448876,0.925903,-28.4763,1.56087
12.56,54.4832,41.1666,6.65628,54.076,41.3326,7.25157,0.439806,1.00547,-28.4763,1.49471
12.58,54.5561,41.2783,6.68618,54.1612,41.45,7.28437,0.430654,1.0595,-28.4763,1.42919
12.6,54.6324,41.3885,6.71476,55.7859,42.6726,8.96212,1.7261,1.13011,27.3229,-1.9206
12.62,54.7086,41.4986,6.67635,55.9245,42.7862,8.91801,1.77097,1.21149,27.3229,-1.83337
12.64,54.7816,41.61,6.63968,56.0595,42.9028,8.87277,1.8178,1.2986,27.3229,-1.74303
12.66,54.8514,41.7226,6.60482,56.1908,43.0222,8.83212,1.8663,1.36227,27.3229,-1.66184
12.68,54.9179,41.8363,6.57158,56.3185,43.1442,8.8024,1.91633,1.41966,26.8243,-1.60247
12.7,54.9813,41.9511,6.53954,56.4426,43.2691,8.76603,1.9679,1.48343,26.8243,-1.52986
12.72,55.0416,42.0668,6.50894,56.5631,43.3964,8.72487,2.02066,1.55266,26.8243,-1.44764
12.74,55.0987,42.1834,6.47999,56.6799,43.5261,8.69685,2.07433,1.61592,26.8243,-1.39168
12.76,55.1528,42.3009,6.45215,56.7932,43.6581,8.68076,2.12903,1.65918,28.1975,-1.35954
12.78,55.2037,42.4192,6.42496,56.903,43.7926,8.64684,2.18488,1.70801,28.1975,-1.29181
12.8,55.2514,42.5382,6.39912,53.8826,44.9436,8.21262,2.76759,1.76174,30.023,-0.571739
12.82,55.2958,42.6581,6.38769,53.9098,45.1056,8.20767,2.8127,1.81573,30.023,-0.56167
12.84,55.3369,42.779,6.37646,53.9324,45.2681,8.20366,2.85804,1.84526,30.023,-0.732017
12.86,55.3745,42.9007,6.36182,53.9507,45.4312,8.19302,2.9036,1.8796,30.023,-0.710832
12.88,55.4087,43.023,6.3476,53.9644,45.5945,8.17238,2.94929,1.91844,30.023,-0.669609
12.9,55.4396,43.1461,6.33421,53.9737,45.7577,8.17648,2.99489,1.95631,30.023,-0.810645
12.92,55.467,43.2696,6.31799,53.9785,45.9211,8.15865,3.0408,1.97222,30.023,-0.775077
12.94,55.491,43.3935,6.30249,53.9788,46.0843,8.14406,3.08663,1.99264,30.023,-0.745945
12.96,55.5116,43.5177,6.28757,53.9748,46.2471,8.13575,3.13237,2.01737,30.023,-0.877969
12.98,55.5288,43.642,6.27001,53.9664,46.4096,8.12068,3.17816,2.03539,30.023,-0.8479
13,55.5427,43.7665,6.25306,56.7444,46.9247,9.37402,3.37905,2.03808,30.023,-3.7803
13.02,55.5531,43.8904,6.17745,56.7913,47.1062,9.30358,3.44593,2.04503,30.023,-3.64041
13.04,55.5602,44.013,6.10464,56.833,47.2875,9.23198,3.51321,2.05604,30.023,-3.49741
13.06,55.564,44.1343,6.03469,56.8698,47.4684,9.1611,3.58072,2.05766,30.023,-3.35587
13.08,55.5646,44.2543,5.96758,56.9016,47.6489,9.09379,3.64836,2.04738,25.0796,-4.37304
13.1,55.5626,44.3728,5.88012,56.9287,47.8287,9.00011,3.71616,2.04138,25.0796,-4.18625
13.12,55.5581,44.4895,5.79639,56.9518,48.0072,8.9248,3.78378,2.03979,14.812,-5
13.14,55.552,44.6042,5.69639,56.9711,48.1847,8.825,3.85145,2.03762,14.812,-5
13.16,55.5447,44.7169,5.59639,56.9882,48.3604,8.7286,3.919,2.01828,4.08514,-5
13.18,55.5367,44.8276,5.49639,57.0032,48.5343,8.62994,3.98629,2.00454,13.0488,-5
13.2,55.5282,44.9362,5.39639,56.2402,46.5811,5.90284,1.79243,1.99629,13.0488,-0.347687
13.22,55.5188,45.0436,5.38944,56.2446,46.6991,5.88615,1.80759,1.99295,13.0488,-0.31295
13.24,55.5084,45.1508,5.38318,56.2479,46.8168,5.87949,1.82268,1.98347,13.0488,-0.299638
13.26,55.4971,45.2578,5.37719,56.2502,46.9343,5.86578,1.83787,1.96285,13.0488,-0.272272
13.28,55.4847,45.3646,5.37174,56.2513,47.0516,5.85537,1.85302,1.94699,13.0488,-0.251471
13.3,55.4714,45.4712,5.36671,56.2514,47.1687,5.85688,1.86819,1.93599,13.0488,-0.254484
13.32,55.4572,45.5775,5.36162,56.2504,47.2859,5.8428,1.88356,1.92992,13.0488,-0.226362
13.34,55.4419,45.6836,5.35709,56.2483,47.4027,5.8276,1.89884,1.92062,13.0488,-0.196014
13.36,55.4257,45.7895,5.35317,56.2451,47.5192,5.8246,1.91402,1.89661,13.0488,-0.190019
13.38,55.4086,45.8951,5.34937,56.2409,47.6356,5.82682,1.92931,1.87746,13.0488,-0.194446
13.4,55.3905,46.0005,5.34548,56.662,46.4345,4.38388,1.3436,1.86329,13.0488,2.6865
13.42,55.3713,46.1062,5.39921,56.6644,46.5221,4.44053,1.35836,1.85418,13.0488,2.57413
13.44,55.3509,46.2128,5.4507,56.666,46.6109,4.49412,1.37397,1.85026,13.0488,2.46709
13.46,55.3294,46.3202,5.50004,56.6667,46.7008,4.54164,1.39041,1.82259,13.0488,2.3722
13.48,55.3066,46.4283,5.54748,56.6665,46.7916,4.59416,1.4076,1.79916,13.0488,2.2673
13.5,55.2826,46.5371,5.59283,56.6655,46.8835,4.63038,1.42559,1.78112,13.0488,2.19497
13.52,55.2574,46.6465,5.63673,56.6635,46.9761,4.67821,1.44425,1.76878,13.0488,2.09944
13.54,55.2309,46.7565,5.67872,56.6607,47.0696,4.72933,1.46363,1.76241,13.0488,1.99737
13.56,55.2032,46.867,5.71866,56.6568,47.1641,4.76727,1.48373,1.73857,13.0488,1.92159
13.58,55.1741,46.9781,5.7571,56.6521,47.2594,4.80984,1.50451,1.71103,13.0488,1.83656
13.6,55.1438,47.0895,5.79383,56.5179,47.2321,4.69105,1.38146,1.6896,13.0488,2.07372
13.62,55.1121,47.2014,5.8353,56.5099,47.3255,4.73785,1.40326,1.67466,13.0488,1.98034
13.64,55.0791,47.3138,5.87491,56.5009,47.4199,4.77705,1.4257,1.66652,13.0488,1.90206
13.66,55.0448,47.4265,5.91295,56.4908,47.5149,4.81973,1.44874,1.63192,13.0488,1.81682
13.68,55.009,47.5396,5.94929,56.4797,47.6106,4.8516,1.47236,1.60091,13.0488,1.75317
13.7,54.9719,47.6531,5.98435,56.4675,47.7069,4.87986,1.49653,1.57691,13.0488,1.69673
13.72,54.9335,47.7668,6.01828,56.4543,47.8036,4.90885,1.52127,1.56039,13.0488,1.63883
13.74,54.8936,47.8807,6.05106,56.44,47.9007,4.94922,1.54654,1.52477,13.0488,1.55822
13.76,54.8523,47.9948,6.08222,56.4246,47.9985,4.98256,1.57227,1.48407,13.0488,1.49162
13.78,54.8096,48.109,6.11206,56.408,48.0968,5.01396,1.59843,1.45101,13.0488,1.42892
13.8,54.7655,48.2233,6.14064,56.9524,47.7719,4.56356,2.23298,1.42628,13.0488,2.32817
13.82,54.72,48.3379,6.1872,56.9426,47.8626,4.61102,2.27283,1.37063,13.0488,2.23364
13.84,54.6728,48.4528,6.23187,56.9316,47.9542,4.64705,2.31316,1.32009,13.0488,2.16168
13.86,54.6241,48.568,6.27511,56.9197,48.0464,4.69817,2.35403,1.27812,13.0488,2.05959
13.88,54.5739,48.6834,6.3163,56.9065,48.1394,4.73931,2.39525,1.21818,13.0488,1.97743
13.9,54.522,48.799,6.35585,56.8923,48.2331,4.77805,2.43686,1.14886,13.0488,1.90007
13.92,54.4686,48.9148,6.39385,56.8768,48.3274,4.82309,2.47879,1.08834,13.0488,1.81011
13.94,54.4136,49.0306,6.43005,56.8601,48.4224,4.86017,2.52101,1.01282,13.0488,1.73606
13.96,54.357,49.1465,6.46477,56.8423,48.518,4.89996,2.56355,0.922197,13.0488,1.6566
13.98,54.2988,49.2623,6.4979,56.8232,48.6141,4.93159,2.60634,0.840065,13.0488,1.59341
14,54.239,49.3781,6.52977,55.756,49.3996,5.78732,1.51718,0.762146,-30.023,-0.115137
14.02,54.18,49.4946,6.52747,55.7145,49.5077,5.7905,1.53449,0.646705,-30.023,-0.121922
14.04,54.1244,49.6126,6.52503,55.6759,49.6169,5.79261,1.55154,0.540528,-30.023,-0.126125
14.06,54.0721,49.7322,6.52251,55.6405,49.7272,5.79521,1.56838,0.450285,-30.023,-0.131324
14.08,54.0232,49.8531,6.51988,55.6081,49.8385,5.77997,1.58496,0.387317,-30.023,-0.100886
14.1,53.9777,49.9752,6.51786,55.5789,49.9503,5.78104,1.60142,0.312213,-30.023,1.31087
14.12,53.9355,50.0988,6.54408,55.5528,50.063,5.80742,1.61773,0.181648,-30.023,1.25854
14.14,53.8966,50.2241,6.56925,55.5299,50.1768,5.82983,1.63392,0.0514856,25.0648,1.21381
14.16,53.858,50.3499,6.59353,55.51,50.2917,5.85577,1.65307,0.0823638,25.0648,1.16199
14.18,53.8163,50.4753,6.61677,55.4875,50.4066,5.87851,1.67255,0.213759,25.0648,1.11657
14.2,53.7716,50.6001,6.6391,56.5838,50.5905,5.83099,2.8122,0.346006,30.023,0.149264
14.22,53.7237,50.7239,6.64208,56.5759,50.7068,5.83176,2.85226,0.433113,30.023,0.147484
14.24,53.6722,50.8464,6.64503,56.5646,50.8229,5.83906,2.89252,0.510669,30.023,0.132898
14.26,53.6172,50.9674,6.64769,56.55,50.9388,5.84149,2.93294,0.610058,30.023,0.128045
14.28,53.5588,51.0869,6.65025,56.5321,51.0542,5.84633,2.97345,0.72229,30.023,0.118376
14.3,53.497,51.2047,6.65262,56.5108,51.1692,5.84847,3.01405,0.842199,30.023,0.114109
14.32,53.4318,51.3207,6.6549,56.4863,51.2836,5.85355,3.05472,0.966874,30.023,-1.19783
14.34,53.3635,51.4346,6.63095,56.4585,51.3973,5.83064,3.09525,1.09437,30.023,-1.1524
14.36,53.2922,51.5462,6.6079,56.4276,51.5098,5.81243,3.13568,1.22339,-3.87751,-1.11605
14.38,53.2197,51.6564,6.58558,56.3937,51.621,5.79094,3.17417,1.35292,-3.87751,-1.07312
14.4,53.1479,51.7666,6.56411,55.0667,52.7401,7.12309,2.15158,1.48238,-3.87751,-3.73286
14.42,53.077,51.8762,6.48946,55.0027,52.8674,7.0368,2.16585,1.60232,-2.61268,-3.92134
14.44,53.0072,51.9846,6.41103,54.9399,52.9933,6.9548,2.18008,1.71782,-2.61268,-3.75767
14.46,52.9384,52.092,6.33588,54.8781,53.1179,6.87525,2.19426,1.83361,-2.61268,-3.5988
14.48,52.8707,52.1982,6.2639,54.8172,53.2412,6.80199,2.20835,1.94939,-2.61268,-3.4525
14.5,52.8039,52.3034,6.19485,54.7572,53.3633,6.73139,2.22235,2.06496,-2.61268,-3.3115
14.52,52.7381,52.4076,6.12862,54.6981,53.4843,6.67263,2.23625,2.18016,-8.30282,-2.31227
14.54,52.6734,52.5111,6.08238,54.6398,53.6043,6.62932,2.24982,2.29495,-8.30282,-2.22556
14.56,52.6098,52.6143,6.03786,54.5825,53.7239,6.59197,2.2634,2.40935,-8.30282,-2.15096
14.58,52.5473,52.7172,5.99484,54.5264,53.8432,6.5464,2.27699,2.52331,-8.30282,-2.05996
14.6,52.4859,52.8197,5.95365,54.5804,52.5152,4.86478,2.11655,2.6368,-8.30282,1.29757
14.62,52.4253,52.9225,5.9796,54.5368,52.6021,4.88964,2.13568,2.75042,-8.30282,1.24878
14.64,52.3651,53.0261,6.00457,54.4935,52.6898,4.92156,2.15482,2.86477,-8.30282,1.18503
14.66,52.3053,53.1305,6.02827,54.4505,52.7783,4.95133,2.17388,2.97979,-8.30282,1.12559
14.68,52.246,53.2357,6.05078,54.4077,52.8676,4.9852,2.19287,3.09092,-8.30282,1.05794
14.7,52.1871,53.3417,6.07194,54.3653,52.9579,5.00733,2.21173,3.19997,-8.30282,1.01374
14.72,52.1287,53.4484,6.09222,54.3233,53.0488,5.02369,2.23061,3.30992,-8.30282,0.981059
14.74,52.0709,53.5559,6.11184,54.2817,53.1402,5.04226,2.24954,3.42069,-8.30282,0.943973
14.76,52.0136,53.6641,6.13072,54.2406,53.2323,5.05584,2.26848,3.53223,-8.30282,0.916845
14.78,51.9568,53.773,6.14906,54.2,53.3249,5.07491,2.28748,3.64449,-8.30282,0.878773
14.8,51.9006,53.8825,6.16663,52.9323,54.8507,7.09687,1.41482,3.75743,-26.6236,-0.483148
14.82,51.846,53.993,6.15697,52.8627,54.9744,7.07648,1.41311,3.87035,-26.6236,-0.442786
14.84,51.794,54.1045,6.14811,52.7961,55.0993,7.07004,1.41202,3.9826,-26.6236,-0.429924
14.86,51.7447,54.2171,6.13951,52.7325,55.2256,7.06068,1.41169,4.08765,-26.6236,-0.411228
14.88,51.6979,54.3305,6.13129,52.6718,55.3531,7.04934,1.41209,4.19119,-26.6236,-0.388577
14.9,51.6539,54.4449,6.12352,52.6141,55.4817,7.04935,1.41319,4.29414,-30.023,-0.289695
14.92,51.6126,54.5601,6.11772,52.5593,55.6117,7.04669,1.41491,4.39633,-30.023,-0.284366
14.94,51.5745,54.6763,6.11204,52.508,55.7429,7.0365,1.41743,4.48671,-30.023,-0.264011
14.96,51.5394,54.7934,6.10676,52.4602,55.8753,7.03097,1.42071,4.56016,-30.023,-0.252961
14.98,51.5075,54.9112,6.1017,52.4159,56.0087,7.02909,1.42475,4.62931,-30.023,-0.249217
15,51.4786,55.0297,6.09671,52.6561,53.0661,3.61214,2.28957,4.68964,-30.023,3
15.02,51.4528,55.1495,6.15671,52.6289,53.1331,3.68012,2.33437,4.74987,-30.023,3
15.04,51.4299,55.2711,6.21671,52.6031,53.202,3.74345,2.37857,4.8056,-30.023,3
15.06,51.41,55.3944,6.27671,52.5786,53.2727,3.80192,2.42222,4.8545,-30.023,3
15.08,51.3933,55.5194,6.33671,52.5557,53.3452,3.84993,2.46542,4.90351,-30.023,3
15.1,51.3799,55.646,6.39671,52.5345,53.4192,3.90371,2.50834,4.95261,-30.023,3
15.12,51.3698,55.7742,6.45671,52.515,53.4949,3.95465,2.55085,4.99516,-30.023,3
15.14,51.3633,55.9037,6.51671,52.4975,53.572,4.01583,2.593,5.03205,-30.023,3
15.16,51.3603,56.0346,6.57671,52.4819,53.6508,4.07794,2.63455,5.06889,-30.023,3
15.18,51.361,56.1668,6.63671,52.4683,53.7312,4.14038,2.67548,5.10566,-30.023,3
15.2,51.3655,56.3,6.69671,52.4265,55.6975,6.26046,1.22013,5.14233,-30.023,1.2854
15.22,51.3739,56.434,6.72242,52.4236,55.8227,6.27864,1.21473,5.16925,23.8807,1.24951
15.24,51.3827,56.5684,6.74741,52.4243,55.9483,6.30912,1.21216,5.196,23.8807,1.18866
15.26,51.3886,56.7034,6.77118,52.4222,56.0744,6.32513,1.20989,5.2291,15.6258,0.468486
15.28,51.3921,56.8389,6.78055,52.4173,56.2008,6.34758,1.20753,5.2679,-30.023,0.423486
15.3,51.3966,56.9745,6.78902,52.4106,56.3276,6.36185,1.20276,5.30897,-30.023,0.394979
15.32,51.405,57.1101,6.79692,52.4076,56.4548,6.36675,1.19771,5.34949,-30.023,0.38519
15.34,51.4174,57.2455,6.80463,52.4082,56.5822,6.37981,1.1924,5.37885,-30.023,0.359104
15.36,51.4337,57.3807,6.81181,52.4125,56.7097,6.38629,1.18673,5.40597,-30.023,0.346175
15.38,51.454,57.5155,6.81873,52.4206,56.8371,6.38135,1.18084,5.43253,-30.023,-0.260965
15.4,51.4782,57.6496,6.81351,51.3771,57.9967,7.7576,0.361477,5.45848,-30.023,-3.00892
15.42,51.5062,57.7824,6.75334,51.3768,58.1518,7.69068,0.391436,5.48369,-30.023,-2.68149
15.44,51.5378,57.9132,6.69971,51.3811,58.3056,7.64638,0.422553,5.50806,-30.023,-2.59296
15.46,51.5728,58.042,6.64785,51.3896,58.4583,7.59565,0.45481,5.52768,-30.023,-2.49164
15.48,51.6111,58.1687,6.59801,51.4024,58.6096,7.54859,0.487794,5.53861,-30.023,-2.39767
15.5,51.6528,58.2935,6.55006,51.4194,58.7597,7.48965,0.521346,5.54887,-30.023,-2.27995
15.52,51.6975,58.4161,6.50446,51.4404,58.908,7.44397,0.555026,5.55847,-30.023,-2.18873
15.54,51.7454,58.5366,6.46069,51.4654,59.0547,7.40122,0.588956,5.56742,-30.023,-1.15176
15.56,51.7963,58.6551,6.43765,51.4943,59.1999,7.36897,0.62293,5.57575,-30.023,-1.08712
15.58,51.8502,58.7717,6.41591,51.527,59.3436,7.35403,0.656914,5.5816,-30.023,-1.05728
15.6,51.9072,58.8865,6.39476,53.4213,59.6689,7.40596,1.70431,5.57725,-30.023,0.671202
