t,kf_err,ekf_err,kf_P_trace,ekf_P_trace
0,1.66338,1.66337,21.2383,18.3353
0.02,1.66622,1.66445,21.2464,19.3496
0.04,1.67093,1.66559,21.2609,20.3704
0.06,1.67753,1.66677,21.2818,21.3988
0.08,1.68605,1.66816,21.3092,22.4356
0.1,1.69652,1.66957,21.3429,23.482
0.12,1.70896,1.67088,21.383,24.5389
0.14,1.7234,1.6721,21.4296,25.6071
0.16,1.73986,1.67336,21.4826,26.6878
0.18,1.75837,1.67459,21.542,27.7819
0.2,2.42603,2.43632,15.6871,22.7436
0.22,2.43442,2.44404,15.731,23.8229
0.24,2.44379,2.4518,15.7813,24.9191
0.26,2.45423,2.45941,15.8379,26.0331
0.28,2.46583,2.46695,15.9009,27.1658
0.3,2.47867,2.47442,15.9703,28.3184
0.32,2.49284,2.48171,16.0461,29.4917
0.34,2.50844,2.48881,16.1282,30.6867
0.36,2.52553,2.49598,16.2167,31.9045
0.38,2.54419,2.50302,16.3116,33.1459
0.4,2.00191,1.7454,13.4806,29.486
0.42,2.03705,1.73952,13.5559,30.6711
0.44,2.07437,1.73404,13.6373,31.8788
0.46,2.11388,1.72897,13.7249,33.1099
0.48,2.15556,1.72433,13.8188,34.3653
0.5,2.1994,1.7201,13.9188,35.6459
0.52,2.24538,1.71623,14.0251,36.9524
0.54,2.29346,1.71286,14.1375,38.2859
0.56,2.34363,1.70997,14.2562,39.6473
0.58,2.39584,1.70753,14.3811,41.0372
0.6,3.03428,2.66674,12.2417,34.2476
0.62,3.10667,2.71194,12.3432,35.5031
0.64,3.18058,2.7592,12.4505,36.7818
0.66,3.25597,2.8084,12.5637,38.0844
0.68,3.33279,2.85948,12.6827,39.4116
0.7,3.41103,2.91237,12.8077,40.7641
0.72,3.49063,2.96688,12.9385,42.1427
0.74,3.57155,3.02284,13.0752,43.5483
0.76,3.65376,3.08029,13.2178,44.9813
0.78,3.73723,3.13901,13.3663,46.4428
0.8,2.45284,2.35672,11.3391,35.5085
0.82,2.52127,2.42437,11.4599,36.8054
0.84,2.5907,2.49269,11.586,38.1252
0.86,2.66108,2.56146,11.7176,39.469
0.88,2.73241,2.63083,11.8546,40.8372
0.9,2.80465,2.70066,11.997,42.2309
0.92,2.8778,2.77071,12.1448,43.6508
0.94,2.95185,2.84101,12.2981,45.0977
0.96,3.02677,2.91158,12.4568,46.5723
0.98,3.10255,2.98252,12.6208,48.0753
1,2.32207,1.82989,10.5447,35.1034
1.02,2.3868,1.85796,10.6771,36.4478
1.04,2.45235,1.88627,10.8143,37.8194
1.06,2.51872,1.91478,10.9563,39.2188
1.08,2.58589,1.94359,11.1032,40.647
1.1,2.65387,1.97285,11.2549,42.1045
1.12,2.72265,2.00226,11.4115,43.5926
1.14,2.79223,2.03179,11.5729,45.1119
1.16,2.86262,2.06129,11.7392,46.6637
1.18,2.9338,2.09084,11.9103,48.2486
1.2,2.24157,1.47638,9.78199,34.6804
1.22,2.30008,1.48857,9.91865,36.0763
1.24,2.35937,1.50125,10.0595,37.5028
1.26,2.41943,1.51463,10.2046,38.9607
1.28,2.48027,1.52865,10.354,40.4506
1.3,2.54189,1.54315,10.5075,41.9737
1.32,2.60429,1.55796,10.6653,43.5311
1.34,2.66749,1.5731,10.8274,45.1237
1.36,2.73149,1.58865,10.9937,46.7521
1.38,2.79629,1.60479,11.1642,48.4168
1.4,2.54446,1.5729,9.04056,34.6814
1.42,2.60526,1.58576,9.17566,36.1263
1.44,2.6669,1.59885,9.31438,37.6017
1.46,2.7294,1.6122,9.45672,39.1085
1.48,2.79275,1.62567,9.60269,40.6476
1.5,2.85698,1.63943,9.75228,42.2197
1.52,2.92208,1.65332,9.90551,43.8258
1.54,2.98807,1.66737,10.0624,45.4666
1.56,3.05497,1.6815,10.2229,47.1433
1.58,3.12278,1.69587,10.387,48.8561
1.6,2.24682,1.46323,8.33373,34.7021
1.62,2.29386,1.48913,8.46326,36.1748
1.64,2.3418,1.51597,8.59587,37.6804
1.66,2.39067,1.54364,8.73154,39.22
1.68,2.44048,1.57214,8.87029,40.7945
1.7,2.49124,1.60136,9.01212,42.4048
1.72,2.54297,1.63128,9.15702,44.0521
1.74,2.59569,1.66188,9.30501,45.7368
1.76,2.64941,1.69316,9.45609,47.4596
1.78,2.70413,1.72505,9.61025,49.2216
1.8,1.97269,1.0805,7.67718,35.0629
1.82,2.01866,1.10153,7.79885,36.5979
1.84,2.06601,1.12374,7.92311,38.1692
1.86,2.11475,1.1471,8.04996,39.7781
1.88,2.16489,1.17153,8.1794,41.4256
1.9,2.21644,1.19696,8.31144,43.1125
1.92,2.26942,1.22321,8.44608,44.8393
1.94,2.32384,1.25028,8.58333,46.6071
1.96,2.3797,1.27809,8.72317,48.4164
1.98,2.43701,1.30652,8.86562,50.2677
2,1.079,1.97023,7.08079,35.3091
2.02,1.12784,2.04551,7.19361,36.9363
2.04,1.17947,2.12124,7.3086,38.6105
2.06,1.23378,2.19743,7.42579,40.3331
2.08,1.29067,2.27376,7.54516,42.1047
2.1,1.35008,2.35015,7.66672,43.9263
2.12,1.41191,2.42665,7.79047,45.7992
2.14,1.47611,2.50321,7.91642,47.7245
2.16,1.5426,2.57974,8.04456,49.703
2.18,1.61132,2.65641,8.17491,51.7365
2.2,2.56781,2.22809,6.54774,35.701
2.22,2.66284,2.28188,6.65158,37.1498
2.24,2.75946,2.33589,6.75725,38.6309
2.26,2.85767,2.39018,6.86478,40.1456
2.28,2.95745,2.44467,6.97416,41.6945
2.3,3.05881,2.49932,7.08539,43.2784
2.32,3.16172,2.55403,7.19849,44.8982
2.34,3.26613,2.60876,7.31344,46.554
2.36,3.37206,2.66357,7.43025,48.247
2.38,3.47949,2.71848,7.54893,49.9782
2.4,4.16946,3.84665,6.07623,35.2511
2.42,4.27739,3.9392,6.17147,36.5439
2.44,4.38664,4.0328,6.26828,37.8591
2.46,4.4972,4.12734,6.36666,39.1973
2.48,4.60904,4.22268,6.46662,40.5593
2.5,4.72214,4.31863,6.56816,41.946
2.52,4.83649,4.41523,6.67129,43.3578
2.54,4.95207,4.51229,6.776,44.7956
2.56,5.06886,4.60992,6.8823,46.2597
2.58,5.18684,4.70817,6.99019,47.7504
2.6,3.24074,1.65879,5.66161,34.2221
2.62,3.3402,1.68202,5.7489,35.5711
2.64,3.44112,1.70519,5.83755,36.9446
2.66,3.54345,1.72821,5.92755,38.3437
2.68,3.64719,1.75111,6.0189,39.7692
2.7,3.7523,1.77396,6.11162,41.2217
2.72,3.85876,1.79659,6.20569,42.7024
2.74,3.96655,1.8192,6.30112,44.2117
2.76,4.07563,1.84174,6.39793,45.7505
2.78,4.18599,1.86419,6.4961,47.3195
2.8,3.39126,1.83984,5.298,34.6251
2.82,3.50528,1.86621,5.37812,36.0787
2.84,3.62059,1.89294,5.45941,37.5709
2.86,3.73717,1.92002,5.54187,39.1029
2.88,3.85499,1.94744,5.62551,40.6759
2.9,3.97404,1.97515,5.71032,42.2905
2.92,4.09429,2.00313,5.79632,43.9478
2.94,4.21573,2.03139,5.8835,45.6489
2.96,4.33834,2.05992,5.97186,47.3949
2.98,4.4621,2.08862,6.06141,49.1869
3,2.97102,0.692293,4.97931,35.4306
3.02,3.07735,0.717533,5.05303,36.812
3.04,3.18503,0.745063,5.12778,38.2274
3.06,3.29401,0.774568,5.20355,39.6774
3.08,3.40427,0.8057,5.28035,41.1633
3.1,3.51578,0.83843,5.35819,42.6862
3.12,3.62851,0.872585,5.43706,44.2476
3.14,3.74243,0.907877,5.51696,45.848
3.16,3.85752,0.944392,5.59791,47.4892
3.18,3.97375,0.981822,5.6799,49.1718
3.2,2.85612,1.74088,4.69978,36.1996
3.22,2.96812,1.79645,4.76785,37.6997
3.24,3.08129,1.85257,4.83683,39.2416
3.26,3.19562,1.90906,4.90671,40.8263
3.28,3.31108,1.96628,4.97751,42.4558
3.3,3.42766,2.02398,5.04922,44.131
3.32,3.54532,2.08212,5.12184,45.8531
3.34,3.66405,2.14059,5.19539,47.6233
3.36,3.78381,2.19945,5.26986,49.4429
3.38,3.90458,2.2588,5.34525,51.3136
3.4,3.02734,2.17737,4.45425,36.5426
3.42,3.12939,2.23668,4.51735,37.9229
3.44,3.2328,2.29607,4.58127,39.3323
3.46,3.33754,2.35572,4.64599,40.7725
3.48,3.44355,2.41549,4.71153,42.244
3.5,3.55079,2.4752,4.77789,43.7478
3.52,3.65923,2.53515,4.84507,45.2851
3.54,3.76884,2.59526,4.91308,46.8571
3.56,3.87957,2.65546,4.9819,48.4646
3.58,3.99139,2.71552,5.05156,50.1082
3.6,3.37538,2.02323,4.23818,36.3992
3.62,3.47891,2.06214,4.29694,37.7925
3.64,3.58371,2.10119,4.35643,39.2126
3.66,3.68973,2.1404,4.41665,40.6604
3.68,3.79693,2.17981,4.47761,42.137
3.7,3.90529,2.21918,4.53931,43.643
3.72,4.01475,2.25858,4.60175,45.1792
3.74,4.12531,2.29807,4.66493,46.7466
3.76,4.23692,2.3376,4.72887,48.346
3.78,4.34957,2.37711,4.79355,49.978
3.8,4.29308,2.00306,4.04769,35.8847
3.82,4.40375,2.06334,4.10265,37.2019
3.84,4.51544,2.12436,4.15828,38.5409
3.86,4.62813,2.18604,4.21458,39.9024
3.88,4.74179,2.24833,4.27155,41.2868
3.9,4.85642,2.31112,4.32919,42.6951
3.92,4.97197,2.37441,4.38752,44.1277
3.94,5.08845,2.43811,4.44653,45.5854
3.96,5.20582,2.50217,4.50622,47.0689
3.98,5.32408,2.56654,4.56659,48.5789
4,4.51364,1.37498,3.87945,34.8376
4.02,4.63145,1.43134,3.9311,36.181
4.04,4.75021,1.48788,3.98337,37.5478
4.06,4.86989,1.54456,4.03625,38.9387
4.08,4.9905,1.60134,4.08976,40.3543
4.1,5.11201,1.65817,4.14389,41.7955
4.12,5.23441,1.71491,4.19864,43.263
4.14,5.35768,1.77172,4.25402,44.7572
4.16,5.4818,1.82853,4.31004,46.2788
4.18,5.60677,1.88531,4.36669,47.8284
4.2,5.16827,2.62101,3.73065,34.2054
4.22,5.28213,2.68316,3.77942,35.5175
4.24,5.39684,2.74515,3.82876,36.8504
4.26,5.51239,2.80688,3.87868,38.2047
4.28,5.62875,2.8684,3.92917,39.5811
4.3,5.7459,2.92977,3.98025,40.9799
4.32,5.86383,2.99094,4.03191,42.4019
4.34,5.98249,3.05177,4.08415,43.848
4.36,6.10187,3.1123,4.13699,45.3185
4.38,6.22194,3.17254,4.19041,46.8138
4.4,6.65198,5.45251,3.59889,33.9948
4.42,6.77336,5.58572,3.64515,35.2176
4.44,6.89532,5.71846,3.69195,36.4653
4.46,7.01783,5.85071,3.73929,37.7387
4.48,7.14086,5.98222,3.78718,39.0388
4.5,7.26439,6.11308,3.83561,40.3661
4.52,7.3884,6.24335,3.88459,41.7213
4.54,7.51285,6.37288,3.93412,43.1051
4.56,7.63775,6.50184,3.9842,44.5182
4.58,7.76305,6.62993,4.03484,45.9614
4.6,7.38536,5.97418,3.48213,33.7068
4.62,7.50455,6.07778,3.52621,34.9843
4.64,7.62415,6.18065,3.57081,36.2839
4.66,7.7441,6.28286,3.61592,37.6062
4.68,7.86439,6.38434,3.66154,38.9521
4.7,7.98501,6.4851,3.70768,40.322
4.72,8.10593,6.5852,3.75434,41.7168
4.74,8.22713,6.6845,3.80152,43.1371
4.76,8.34859,6.78309,3.84922,44.5834
4.78,8.4703,6.88081,3.89746,46.0564
4.8,7.42123,5.00985,3.37862,33.743
4.82,7.53726,5.07499,3.42082,35.0179
4.84,7.65365,5.13961,3.46351,36.3135
4.86,7.77038,5.20365,3.50669,37.6306
4.88,7.88744,5.26707,3.55035,38.9697
4.9,8.0048,5.32991,3.59451,40.3316
4.92,8.12244,5.3922,3.63917,41.717
4.94,8.24034,5.45386,3.68432,43.1264
4.96,8.35848,5.5149,3.72997,44.5605
4.98,8.47686,5.57533,3.77613,46.0198
5,7.12303,4.36909,3.28688,33.5596
5.02,7.2214,4.42357,3.32745,34.8686
5.04,7.32016,4.47842,3.36849,36.2262
5.06,7.41932,4.53365,3.40999,37.6332
5.08,7.51885,4.5892,3.45197,39.0906
5.1,7.61871,4.64498,3.49442,40.5993
5.12,7.7189,4.70103,3.53734,42.1603
5.14,7.81941,4.7572,3.58074,43.7743
5.16,7.92021,4.81353,3.62463,45.4421
5.18,8.02131,4.87,3.66899,47.1647
5.2,6.50723,3.88984,3.20561,33.9052
5.22,6.59635,3.88995,3.24477,35.4138
5.24,6.68607,3.89123,3.28438,36.9796
5.26,6.77637,3.89359,3.32445,38.6033
5.28,6.86725,3.89716,3.36496,40.2864
5.3,6.95869,3.90185,3.40594,42.0296
5.32,7.05067,3.90757,3.44737,43.8331
5.34,7.14318,3.91443,3.48927,45.6987
5.36,7.2362,3.92243,3.53164,47.6266
5.38,7.32972,3.93146,3.57447,49.6179
5.4,6.26811,2.1284,3.13369,34.9837
5.42,6.35646,2.07075,3.17164,36.4501
5.44,6.44555,2.01419,3.21002,37.9571
5.46,6.53537,1.95878,3.24884,39.5053
5.48,6.6259,1.90466,3.28811,41.0955
5.5,6.71711,1.85194,3.32782,42.7285
5.52,6.809,1.8007,3.36797,44.4046
5.54,6.90154,1.75113,3.40858,46.1253
5.56,6.99471,1.70331,3.44964,47.8906
5.58,7.08851,1.65741,3.49115,49.7015
5.6,5.42628,2.98866,3.07013,35.4041
5.62,5.50975,3.03503,3.10704,36.9928
5.64,5.5943,3.08838,3.14437,38.6371
5.66,5.67989,3.14821,3.18213,40.3379
5.68,5.76648,3.214,3.22032,42.0959
5.7,5.85407,3.28552,3.25894,43.9126
5.72,5.94259,3.36242,3.298,45.7894
5.74,6.03204,3.4443,3.3375,47.7274
5.76,6.12237,3.53061,3.37744,49.7269
5.78,6.21358,3.62106,3.41783,51.7894
5.8,5.88759,0.436423,3.01407,36.1684
5.82,5.97516,0.400007,3.05008,37.5746
5.84,6.06367,0.376754,3.08652,39.0057
5.86,6.15309,0.368807,3.12337,40.4616
5.88,6.2434,0.377395,3.16064,41.9439
5.9,6.33457,0.401456,3.19834,43.4532
5.92,6.42658,0.438422,3.23647,44.9904
5.94,6.51942,0.485308,3.27502,46.5561
5.96,6.61305,0.539508,3.31401,48.1511
5.98,6.70747,0.599017,3.35343,49.7763
6,6.16859,1.00574,2.96474,35.1714
6.02,6.26014,1.08548,2.99999,36.4938
6.04,6.35257,1.16623,3.03566,37.8381
6.06,6.44584,1.24787,3.07173,39.2051
6.08,6.53994,1.33026,3.10823,40.5953
6.1,6.63484,1.41328,3.14514,42.0096
6.12,6.73053,1.49679,3.18247,43.4487
6.14,6.82698,1.5807,3.22023,44.9136
6.16,6.92416,1.66488,3.25841,46.405
6.18,7.02207,1.74938,3.29701,47.9236
6.2,6.43431,1.93346,2.92144,34.2906
6.22,6.52795,2.01885,2.95605,35.5863
6.24,6.62241,2.1049,2.99107,36.9034
6.26,6.71765,2.19139,3.02649,38.2427
6.28,6.81367,2.27844,3.06233,39.6049
6.3,6.91043,2.36592,3.09857,40.9908
6.32,7.00793,2.45373,3.13523,42.4012
6.34,7.10614,2.5419,3.17231,43.8369
6.36,7.20505,2.63038,3.2098,45.2987
6.38,7.30464,2.71904,3.24772,46.7875
6.4,6.33235,1.49956,2.88357,33.8077
6.42,6.41996,1.54359,2.91764,35.1036
6.44,6.50843,1.58921,2.95211,36.4216
6.46,6.59774,1.63637,2.98698,37.7625
6.48,6.68788,1.68484,3.02225,39.1272
6.5,6.77882,1.73476,3.05794,40.5164
6.52,6.87055,1.78611,3.09403,41.9308
6.54,6.96304,1.83858,3.13054,43.3712
6.56,7.05627,1.89185,3.16746,44.839
6.58,7.15024,1.94605,3.2048,46.3347
6.6,6.25231,1.14839,2.85055,33.9599
6.62,6.34562,1.19309,2.88417,35.3226
6.64,6.43971,1.23854,2.91818,36.7132
6.66,6.53457,1.28451,2.95259,38.1329
6.68,6.63018,1.33083,2.9874,39.5827
6.7,6.72651,1.37758,3.02262,41.0634
6.72,6.82355,1.42463,3.05824,42.576
6.74,6.92127,1.472,3.09427,44.1214
6.76,7.01966,1.51961,3.13071,45.7006
6.78,7.11871,1.56761,3.16757,47.314
6.8,6.6095,2.02265,2.82189,34.2547
6.82,6.69882,2.07027,2.85513,35.555
6.84,6.78888,2.11882,2.88876,36.8781
6.86,6.87967,2.16815,2.92278,38.2249
6.88,6.97117,2.21827,2.95721,39.5961
6.9,7.06336,2.26925,2.99203,40.9924
6.92,7.15623,2.32105,3.02726,42.4146
6.94,7.24975,2.37359,3.0629,43.8637
6.96,7.34391,2.42664,3.09895,45.3408
6.98,7.4387,2.48015,3.1354,46.8467
7,5.91354,0.984788,2.79712,34.3306
7.02,5.99886,1.03665,2.83004,35.8048
7.04,6.08495,1.08862,2.86336,37.3303
7.06,6.17178,1.14044,2.89707,38.9078
7.08,6.25935,1.19242,2.93117,40.5392
7.1,6.34762,1.24442,2.96568,42.2255
7.12,6.43657,1.29645,3.00059,43.9681
7.14,6.52618,1.34849,3.0359,45.7683
7.16,6.61643,1.40053,3.07161,47.6271
7.18,6.70729,1.45254,3.10774,49.546
7.2,5.05277,4.03413,2.77581,35.3229
7.22,5.13318,4.16988,2.80848,37.1236
7.24,5.21432,4.30559,2.84154,39.0074
7.26,5.29618,4.44146,2.87499,40.9769
7.28,5.37871,4.57735,2.90883,43.0335
7.3,5.4619,4.71317,2.94308,45.1789
7.32,5.54572,4.849,2.97772,47.4153
7.34,5.63014,4.98464,3.01276,49.7436
7.36,5.71513,5.1203,3.04821,52.1666
7.38,5.80069,5.25599,3.08407,54.6862
7.4,4.68624,4.535,2.75757,36.4158
7.42,4.76436,4.64143,2.79004,38.1609
7.44,4.84319,4.74787,2.82289,39.9598
7.46,4.92276,4.85443,2.85613,41.8146
7.48,5.00303,4.96138,2.88976,43.7279
7.5,5.08396,5.0685,2.9238,45.7008
7.52,5.16552,5.17582,2.95823,47.7352
7.54,5.24769,5.28311,2.99306,49.832
7.56,5.33044,5.39054,3.02829,51.9934
7.58,5.41374,5.49817,3.06393,54.2215
7.6,4.54647,3.9242,2.74206,36.144
7.62,4.62516,3.97773,2.77436,37.709
7.64,4.70441,4.03134,2.80704,39.3097
7.66,4.78419,4.08512,2.84012,40.9476
7.68,4.86445,4.13903,2.87358,42.6238
7.7,4.94518,4.19298,2.90745,44.3396
7.72,5.02636,4.24708,2.94171,46.0964
7.74,5.10795,4.30137,2.97637,47.8956
7.76,5.18993,4.35582,3.01143,49.7386
7.78,5.27228,4.41042,3.0469,51.6266
7.8,4.39537,3.98666,2.72894,35.4987
7.82,4.4759,4.02023,2.76111,36.9664
7.84,4.55668,4.05364,2.79366,38.4641
7.86,4.6377,4.08718,2.8266,39.9931
7.88,4.71894,4.12068,2.85994,41.5545
7.9,4.80037,4.15433,2.89367,43.1497
7.92,4.88197,4.18797,2.9278,44.7795
7.94,4.96372,4.22164,2.96232,46.4449
7.96,5.04562,4.25537,2.99725,48.1472
7.98,5.12763,4.28925,3.03259,49.8878
8,4.27195,2.94476,2.71792,35.094
8.02,4.34685,2.939,2.74998,36.507
8.04,4.42191,2.9334,2.78244,37.9478
8.06,4.49708,2.92778,2.81528,39.4171
8.08,4.57236,2.92219,2.84851,40.9159
8.1,4.64772,2.91659,2.88214,42.4452
8.12,4.72315,2.91112,2.91616,44.0061
8.14,4.79863,2.90552,2.95058,45.5993
8.16,4.87413,2.89982,2.98541,47.2256
8.18,4.94964,2.89405,3.02064,48.8862
8.2,4.69102,1.62056,2.70872,34.777
8.22,4.76125,1.61778,2.74071,36.0588
8.24,4.83158,1.62088,2.77309,37.3635
8.26,4.90199,1.62979,2.80585,38.6917
8.28,4.97245,1.64442,2.83901,40.044
8.3,5.04295,1.66462,2.87256,41.4212
8.32,5.11346,1.69028,2.9065,42.8241
8.34,5.18396,1.72121,2.94085,44.2537
8.36,5.25443,1.75718,2.97559,45.7108
8.38,5.32483,1.79794,3.01074,47.1962
8.4,5.08332,1.91532,2.70111,34.216
8.42,5.15201,2.03818,2.73304,35.4822
8.44,5.22052,2.16195,2.76536,36.7714
8.46,5.28882,2.28658,2.79807,38.084
8.48,5.35687,2.41197,2.83117,39.421
8.5,5.42464,2.53812,2.86466,40.7829
8.52,5.49209,2.66476,2.89855,42.1707
8.54,5.55916,2.79177,2.93283,43.5851
8.56,5.62583,2.91916,2.96752,45.0267
8.58,5.69204,3.04694,3.00261,46.4963
8.6,4.66474,0.391081,2.69486,33.6335
8.62,4.72271,0.417563,2.72675,34.9574
8.64,4.77997,0.446062,2.75903,36.3061
8.66,4.8365,0.476181,2.79169,37.6806
8.68,4.89224,0.507769,2.82475,39.0813
8.7,4.94714,0.540566,2.8582,40.509
8.72,5.00116,0.574178,2.89205,41.9646
8.74,5.05424,0.608522,2.92629,43.4487
8.76,5.10636,0.643478,2.96094,44.962
8.78,5.15748,0.679055,2.99599,46.5049
8.8,4.42565,0.827938,2.68976,33.81
8.82,4.47038,0.846804,2.72163,35.183
8.84,4.51408,0.866192,2.75388,36.5845
8.86,4.55674,0.886116,2.78652,38.0152
8.88,4.5983,0.906558,2.81955,39.4758
8.9,4.63874,0.927402,2.85297,40.967
8.92,4.67802,0.94863,2.88679,42.49
8.94,4.71614,0.970248,2.92101,44.0449
8.96,4.75306,0.992191,2.95563,45.6326
8.98,4.78878,1.01436,2.99065,47.2542
9,4.32285,1.40185,2.68566,34.2498
9.02,4.35513,1.4419,2.71751,35.6392
9.04,4.38633,1.48219,2.74974,37.0542
9.06,4.41644,1.52283,2.78236,38.4953
9.08,4.44546,1.56367,2.81537,39.9633
9.1,4.47338,1.60487,2.84878,41.4584
9.12,4.50018,1.64643,2.88258,42.9809
9.14,4.52587,1.68802,2.91678,44.5324
9.16,4.55046,1.72967,2.95138,46.1132
9.18,4.57396,1.77132,2.98638,47.7241
9.2,3.40757,2.27732,2.68238,34.3793
9.22,3.42032,2.3253,2.71422,35.9084
9.24,3.43213,2.37308,2.74644,37.4847
9.26,3.44304,2.42072,2.77905,39.1095
9.28,3.4531,2.46825,2.81205,40.7839
9.3,3.46233,2.5156,2.84545,42.509
9.32,3.47074,2.56269,2.87924,44.2853
9.34,3.47839,2.60949,2.91343,46.1139
9.36,3.48532,2.65607,2.94802,47.9956
9.38,3.49157,2.70246,2.98302,49.9319
9.4,3.22622,1.00766,2.67979,35.4759
9.42,3.22331,1.01383,2.71162,36.8484
9.44,3.21974,1.02122,2.74384,38.2497
9.46,3.21554,1.02969,2.77645,39.6807
9.48,3.2108,1.03929,2.80945,41.1425
9.5,3.20557,1.04997,2.84284,42.6361
9.52,3.19991,1.06148,2.87663,44.1618
9.54,3.19387,1.07391,2.91081,45.7208
9.56,3.18753,1.08739,2.9454,47.3142
9.58,3.18097,1.10183,2.98039,48.9434
9.6,2.90195,2.31067,2.67776,36.1391
9.62,2.88035,2.36764,2.7096,37.4492
9.64,2.85845,2.4254,2.74182,38.7921
9.66,2.83631,2.48376,2.77442,40.1686
9.68,2.81402,2.54255,2.80742,41.5797
9.7,2.7917,2.60201,2.84081,43.0269
9.72,2.76945,2.66215,2.8746,44.5115
9.74,2.74739,2.72275,2.90879,46.0344
9.76,2.72563,2.78368,2.94337,47.5962
9.78,2.70431,2.84523,2.97836,49.1988
9.8,2.15829,1.07407,2.6762,37.0157
9.82,2.14371,1.06548,2.70804,38.4421
9.84,2.13096,1.05716,2.74026,39.8974
9.86,2.12025,1.04936,2.77287,41.3827
9.88,2.11174,1.04199,2.80587,42.8988
9.9,2.10562,1.03495,2.83927,44.4461
9.92,2.10207,1.0281,2.87306,46.0252
9.94,2.10128,1.02172,2.90725,47.6375
9.96,2.1034,1.01573,2.94184,49.2834
9.98,2.10856,1.00998,2.97683,50.9633
10,1.70067,1.80171,2.67501,36.4009
10.02,1.69357,1.82467,2.70685,37.8703
10.04,1.69072,1.84759,2.73908,39.3723
10.06,1.69236,1.87075,2.77169,40.9081
10.08,1.69866,1.89425,2.8047,42.479
10.1,1.70976,1.91772,2.8381,44.0852
10.12,1.7258,1.94144,2.87189,45.7281
10.14,1.74683,1.96533,2.90609,47.4085
10.16,1.77287,1.98946,2.94068,49.1276
10.18,1.80387,2.01384,2.97568,50.8865
10.2,1.64846,0.639664,2.67412,35.8154
10.22,1.6998,0.608706,2.70596,37.2368
10.24,1.75605,0.577695,2.7382,38.684
10.26,1.81694,0.546488,2.77082,40.1574
10.28,1.88219,0.515266,2.80383,41.6581
10.3,1.95155,0.48395,2.83723,43.1867
10.32,2.02474,0.452442,2.87103,44.7438
10.34,2.10153,0.420997,2.90523,46.3306
10.36,2.18167,0.389431,2.93983,47.9474
10.38,2.26495,0.357782,2.97484,49.5951
10.4,1.57593,2.36852,2.67345,35.0083
10.42,1.67565,2.39786,2.7053,36.5136
10.44,1.77801,2.42705,2.73754,38.0561
10.46,1.88274,2.45606,2.77017,39.6368
10.48,1.98964,2.48484,2.80319,41.2566
10.5,2.09854,2.51335,2.8366,42.9164
10.52,2.20928,2.54166,2.8704,44.6173
10.54,2.32175,2.57,2.90461,46.3608
10.56,2.43583,2.59811,2.93921,48.1473
10.58,2.55143,2.62616,2.97422,49.9782
10.6,1.88411,2.94289,2.67297,35.0884
10.62,1.99798,2.98289,2.70482,36.6122
10.64,2.11348,3.02284,2.73707,38.1735
10.66,2.2305,3.06251,2.7697,39.7731
10.68,2.34895,3.10198,2.80272,41.412
10.7,2.46876,3.14148,2.83614,43.0921
10.72,2.58986,3.18096,2.86995,44.8142
10.74,2.71219,3.2202,2.90416,46.5789
10.76,2.83571,3.2592,2.93877,48.3872
10.78,2.96038,3.29805,2.97379,50.2403
10.8,2.51295,2.91091,2.67261,35.4846
10.82,2.62131,2.94627,2.70448,36.7848
10.84,2.7315,2.98252,2.73673,38.1096
10.86,2.84341,3.0191,2.76936,39.4591
10.88,2.95694,3.05593,2.80239,40.8343
10.9,3.072,3.09318,2.83581,42.2364
10.92,3.18851,3.13075,2.86963,43.6659
10.94,3.30641,3.16857,2.90384,45.1238
10.96,3.42563,3.20651,2.93846,46.6105
10.98,3.54611,3.2447,2.97348,48.1271
11,3.05396,1.91246,2.67236,36.1968
11.02,3.18037,1.89538,2.70422,37.5908
11.04,3.30789,1.87831,2.73648,39.0117
11.06,3.43647,1.86109,2.76912,40.4603
11.08,3.56607,1.8436,2.80215,41.9369
11.1,3.69668,1.82598,2.83558,43.4425
11.12,3.82826,1.8083,2.8694,44.978
11.14,3.96078,1.79068,2.90362,46.5442
11.16,4.09421,1.7728,2.93824,48.1413
11.18,4.22852,1.7548,2.97326,49.7701
11.2,3.75732,1.42941,2.67217,35.9942
11.22,3.89279,1.39314,2.70404,37.3873
11.24,4.02912,1.35684,2.7363,38.8059
11.26,4.16628,1.32055,2.76894,40.2507
11.28,4.30424,1.2844,2.80198,41.7226
11.3,4.44298,1.24849,2.83541,43.2223
11.32,4.58248,1.21271,2.86923,44.7502
11.34,4.72271,1.17721,2.90346,46.3073
11.36,4.86365,1.142,2.93808,47.8939
11.38,5.00526,1.10701,2.97311,49.5104
11.4,5.38193,3.11721,2.67203,35.2111
11.42,5.52871,3.26031,2.7039,36.446
11.44,5.67607,3.40554,2.73616,37.7053
11.46,5.824,3.55259,2.76881,38.9896
11.48,5.97247,3.70113,2.80185,40.2998
11.5,6.12146,3.85085,2.83528,41.6367
11.52,6.27093,4.00159,2.86911,43.0008
11.54,6.42087,4.15305,2.90334,44.393
11.56,6.57125,4.30502,2.93796,45.8141
11.58,6.72204,4.45741,2.97299,47.2646
11.6,6.03345,2.49121,2.67192,33.8523
11.62,6.17968,2.57268,2.70379,35.1528
11.64,6.32631,2.65475,2.73606,36.4738
11.66,6.47332,2.73742,2.76871,37.8161
11.68,6.62069,2.82025,2.80175,39.1804
11.7,6.76839,2.90327,2.83518,40.5675
11.72,6.91639,2.98646,2.86901,41.9778
11.74,7.06468,3.06965,2.90324,43.412
11.76,7.21323,3.15285,2.93786,44.8707
11.78,7.36202,3.23635,2.97289,46.3544
11.8,6.13107,0.724027,2.67182,33.6243
11.82,6.27286,0.710753,2.7037,34.9954
11.84,6.41495,0.697732,2.73596,36.4058
11.86,6.55731,0.685136,2.76861,37.8564
11.88,6.69993,0.672986,2.80166,39.3477
11.9,6.84277,0.661207,2.83509,40.8809
11.92,6.98583,0.649901,2.86892,42.457
11.94,7.12908,0.639056,2.90315,44.077
11.96,7.2725,0.628759,2.93778,45.7414
11.98,7.41607,0.61901,2.97281,47.4513
12,6.96189,1.18462,2.67173,34.3989
12.02,7.1017,1.20331,2.70361,35.8045
12.04,7.24167,1.2227,2.73588,37.2373
12.06,7.38177,1.2425,2.76853,38.6984
12.08,7.522,1.26294,2.80157,40.188
12.1,7.66233,1.28391,2.835,41.7071
12.12,7.80275,1.3051,2.86883,43.257
12.14,7.94323,1.32651,2.90306,44.8385
12.16,8.08377,1.34824,2.93769,46.4519
12.18,8.22434,1.37041,2.97272,48.0977
12.2,7.41728,1.02191,2.67165,34.778
12.22,7.5507,1.04098,2.70353,36.2147
12.24,7.68419,1.06069,2.73579,37.6813
12.26,7.81776,1.08103,2.76844,39.1787
12.28,7.95138,1.10187,2.80148,40.7079
12.3,8.08505,1.12334,2.83492,42.2694
12.32,8.21875,1.14536,2.86874,43.864
12.34,8.35247,1.16781,2.90297,45.4929
12.36,8.48621,1.19069,2.9376,47.1569
12.38,8.61995,1.21391,2.97263,48.857
12.4,7.68743,0.654366,2.67156,35.0802
12.42,7.81522,0.655876,2.70344,36.5717
12.44,7.94308,0.657882,2.7357,38.0959
12.46,8.07102,0.660405,2.76835,39.6536
12.48,8.19901,0.663517,2.80139,41.2455
12.5,8.32704,0.667076,2.83482,42.8729
12.52,8.45512,0.671212,2.86865,44.5361
12.54,8.58324,0.675836,2.90288,46.2363
12.56,8.71138,0.68081,2.9375,47.9748
12.58,8.83954,0.686123,2.97253,49.7526
12.6,7.46196,2.33389,2.67146,35.1009
12.62,7.57508,2.43056,2.70334,36.7067
12.64,7.68835,2.5272,2.7356,38.3652
12.66,7.80178,2.62369,2.76825,40.0776
12.68,7.91536,2.71995,2.80129,41.8451
12.7,8.02907,2.81609,2.83472,43.6693
12.72,8.14291,2.9122,2.86855,45.5521
12.74,8.25687,3.00839,2.90277,47.4951
12.76,8.37094,3.10447,2.93739,49.4992
12.78,8.48513,3.20052,2.97242,51.5661
12.8,8.55391,4.23744,2.67136,35.7891
12.82,8.66434,4.29931,2.70324,37.0392
12.84,8.77488,4.36103,2.7355,38.3101
12.86,8.88553,4.42284,2.76814,39.6031
12.88,8.99629,4.48472,2.80118,40.9191
12.9,9.10716,4.54664,2.83461,42.2586
12.92,9.21813,4.60866,2.86843,43.6228
12.94,9.3292,4.67075,2.90266,45.0125
12.96,9.44038,4.73294,2.93728,46.4288
12.98,9.55166,4.79515,2.9723,47.8724
13,7.77867,4.00006,2.67126,35.9951
13.02,7.87201,4.08117,2.70313,37.4932
13.04,7.96566,4.1623,2.73539,39.0337
13.06,8.05963,4.24345,2.76803,40.6179
13.08,8.15392,4.32466,2.80106,42.2472
13.1,8.24853,4.40581,2.83449,43.9226
13.12,8.34347,4.48681,2.86831,45.6453
13.14,8.43872,4.56781,2.90253,47.4169
13.16,8.5343,4.64867,2.93715,49.2383
13.18,8.6302,4.72946,2.97218,51.111
13.2,7.72203,1.68828,2.67114,36.3882
13.22,7.81488,1.68113,2.70301,37.7942
13.24,7.90815,1.67465,2.73527,39.2268
13.26,8.00182,1.66879,2.76791,40.6866
13.28,8.09588,1.66363,2.80094,42.1748
13.3,8.19034,1.65904,2.83437,43.6917
13.32,8.28519,1.65501,2.86819,45.2382
13.34,8.38042,1.65174,2.9024,46.8157
13.36,8.47602,1.64905,2.93702,48.4244
13.38,8.572,1.64697,2.97204,50.0651
13.4,7.35888,0.426376,2.67103,35.2692
13.42,7.44964,0.378431,2.7029,36.6292
13.44,7.54086,0.330584,2.73515,38.014
13.46,7.63253,0.28319,2.76779,39.4248
13.48,7.72464,0.236518,2.80082,40.8624
13.5,7.81718,0.191257,2.83424,42.3277
13.52,7.91014,0.148659,2.86806,43.8216
13.54,8.00352,0.111574,2.90227,45.3447
13.56,8.0973,0.0874014,2.93689,46.8976
13.58,8.19147,0.0878148,2.9719,48.4817
13.6,7.14936,0.449576,2.67091,34.5483
13.62,7.23727,0.43348,2.70277,35.9249
13.64,7.32563,0.42044,2.73502,37.3277
13.66,7.41445,0.410772,2.76766,38.7574
13.68,7.5037,0.404678,2.80069,40.2147
13.7,7.59339,0.402377,2.83411,41.7008
13.72,7.68349,0.404018,2.86792,43.2168
13.74,7.774,0.409546,2.90213,44.7636
13.76,7.8649,0.418643,2.93675,46.3419
13.78,7.95619,0.431092,2.97176,47.952
13.8,6.67954,1.64533,2.67079,34.296
13.82,6.7653,1.67425,2.70265,35.7115
13.84,6.85152,1.7038,2.7349,37.1588
13.86,6.93817,1.73385,2.76753,38.6386
13.88,7.02526,1.76449,2.80056,40.1521
13.9,7.11276,1.79548,2.83398,41.6999
13.92,7.20066,1.82691,2.86779,43.2833
13.94,7.28896,1.85874,2.902,44.903
13.96,7.37764,1.89096,2.93661,46.5602
13.98,7.46668,1.92377,2.97162,48.2563
14,6.73456,0.607894,2.67067,34.5748
14.02,6.81725,0.607205,2.70253,35.9786
14.04,6.90034,0.608219,2.73478,37.4091
14.06,6.98384,0.610852,2.76741,38.867
14.08,7.06726,0.61623,2.80043,40.3538
14.1,7.15013,0.623817,2.83384,41.8685
14.12,7.23243,0.633515,2.86765,43.4116
14.14,7.31415,0.645167,2.90186,44.9834
14.16,7.39527,0.658708,2.93647,46.5849
14.18,7.47578,0.674005,2.97148,48.2164
14.2,5.99472,2.77853,2.67055,34.6039
14.22,6.06737,2.84002,2.70241,36.1298
14.24,6.13962,2.9015,2.73465,37.6967
14.26,6.21146,2.96301,2.76728,39.3059
14.28,6.28288,3.02447,2.8003,40.9579
14.3,6.35387,3.08589,2.83372,42.6538
14.32,6.42442,3.14704,2.86752,44.3938
14.34,6.49556,3.20619,2.90173,46.1784
14.36,6.56823,3.26543,2.93633,48.0132
14.38,6.64237,3.32482,2.97134,49.8993
14.4,5.84998,1.76837,2.67044,35.2983
14.42,5.91702,1.774,2.70229,36.7341
14.44,5.9855,1.78017,2.73454,38.206
14.46,6.05533,1.78682,2.76716,39.7148
14.48,6.12645,1.79369,2.80018,41.2609
14.5,6.19876,1.80103,2.83359,42.8459
14.52,6.27221,1.80885,2.8674,44.4708
14.54,6.34673,1.81714,2.9016,46.1366
14.56,6.42226,1.82565,2.9362,47.8436
14.58,6.49872,1.83461,2.9712,49.5934
14.6,5.80116,1.63693,2.67033,35.4653
14.62,5.87837,1.64206,2.70218,36.8765
14.64,5.95629,1.64752,2.73442,38.3137
14.66,6.03486,1.65333,2.76705,39.7778
14.68,6.11402,1.65936,2.80006,41.2694
14.7,6.19373,1.66564,2.83347,42.7893
14.72,6.27395,1.6722,2.86727,44.3384
14.74,6.35462,1.6791,2.90147,45.9179
14.76,6.43571,1.68626,2.93607,47.528
14.78,6.51717,1.69376,2.97107,49.1704
14.8,5.65214,0.868191,2.67022,35.0475
14.82,5.72531,0.857083,2.70208,36.462
14.84,5.79888,0.846591,2.73431,37.9058
14.86,5.87282,0.836923,2.76694,39.38
14.88,5.9471,0.828023,2.79995,40.8855
14.9,6.02168,0.820012,2.83336,42.4233
14.92,6.09652,0.812848,2.86716,43.9941
14.94,6.1716,0.806585,2.90135,45.5989
14.96,6.24689,0.801383,2.93595,47.2389
14.98,6.32235,0.797083,2.97095,48.9146
15,6.20087,2.73128,2.67013,34.8906
15.02,6.27819,2.80398,2.70198,36.1611
15.04,6.35548,2.87819,2.73421,37.4524
15.06,6.43271,2.95373,2.76683,38.7653
15.08,6.50986,3.03029,2.79985,40.1011
15.1,6.58691,3.10792,2.83325,41.4603
15.12,6.66383,3.18656,2.86705,42.8436
15.14,6.74062,3.26611,2.90124,44.2518
15.16,6.81726,3.34647,2.93584,45.6857
15.18,6.89372,3.42752,2.97084,47.1461
15.2,5.74362,1.29702,2.67003,34.2222
15.22,5.81162,1.30526,2.70188,35.5988
15.24,5.87941,1.31355,2.73412,37.0033
15.26,5.94697,1.32189,2.76674,38.4368
15.28,6.01428,1.33027,2.79975,39.9001
15.3,6.08131,1.33868,2.83315,41.394
15.32,6.14806,1.34712,2.86695,42.9196
15.34,6.21449,1.35557,2.90114,44.4771
15.36,6.28059,1.36404,2.93573,46.0679
15.38,6.34633,1.37251,2.97073,47.6928
15.4,5.62362,0.428998,2.66995,34.4309
15.42,5.68346,0.449105,2.7018,35.8265
15.44,5.74296,0.470343,2.73403,37.2507
15.46,5.80209,0.492501,2.76665,38.7043
15.48,5.86083,0.515681,2.79966,40.1879
15.5,5.91915,0.539465,2.83306,41.7029
15.52,5.97703,0.563862,2.86685,43.2497
15.54,6.03444,0.588944,2.90105,44.8291
15.56,6.09134,0.614517,2.93564,46.4419
15.58,6.1477,0.640333,2.97063,48.0893
15.6,4.9128,2.17449,2.66987,34.5028
15.62,4.95852,2.23522,2.70172,36.0372
15.64,5.0035,2.29617,2.73395,37.6182
15.66,5.0477,2.35702,2.76657,39.2461
15.68,5.0911,2.41798,2.79957,40.9227
15.7,5.13366,2.47909,2.83297,42.649
15.72,5.17536,2.54034,2.86677,44.4262
15.74,5.21617,2.60165,2.90096,46.2554
15.76,5.25604,2.66311,2.93555,48.1377
15.78,5.29496,2.72433,2.97054,50.073
15.8,4.97441,0.584307,2.6698,35.5161
15.82,5.00937,0.570953,2.70165,36.9571
15.84,5.04334,0.557812,2.73388,38.4246
15.86,5.0763,0.544642,2.76649,39.9186
15.88,5.10821,0.531443,2.7995,41.44
15.9,5.13904,0.51825,2.8329,42.9896
15.92,5.16878,0.505107,2.86669,44.5679
15.94,5.19743,0.491933,2.90088,46.1755
15.96,5.22495,0.47872,2.93547,47.813
15.98,5.25136,0.465528,2.97046,49.4812
16,4.52892,0.369683,2.66974,35.2724
16.02,4.54902,0.367991,2.70158,36.7068
16.04,4.56805,0.36769,2.73381,38.1681
16.06,4.58601,0.368848,2.76643,39.657
16.08,4.60293,0.371344,2.79943,41.1742
16.1,4.61882,0.375122,2.83283,42.7203
16.12,4.63369,0.380219,2.86662,44.2962
16.14,4.64753,0.386659,2.90081,45.903
16.16,4.66035,0.394357,2.9354,47.5413
16.18,4.67215,0.403145,2.97039,49.2116
16.2,3.97665,0.828129,2.66968,35.076
16.22,3.98362,0.848927,2.70152,36.5123
16.24,3.98981,0.870123,2.73375,37.9764
16.26,3.99524,0.891579,2.76637,39.4684
16.28,3.99993,0.913394,2.79937,40.99
16.3,4.00389,0.935501,2.83277,42.5418
16.32,4.00719,0.957805,2.86656,44.1241
16.34,4.00987,0.980299,2.90075,45.7375
16.36,4.01195,1.00292,2.93533,47.3827
16.38,4.01346,1.02571,2.97032,49.0605
16.4,3.53912,0.862696,2.66963,34.9743
16.42,3.5383,0.886205,2.70147,36.3809
16.44,3.53726,0.909917,2.7337,37.8127
16.46,3.53607,0.933785,2.76631,39.2706
16.48,3.53478,0.957787,2.79932,40.7551
16.5,3.53349,0.981938,2.83271,42.2671
16.52,3.53224,1.00615,2.8665,43.8077
16.54,3.53111,1.03043,2.90069,45.3776
16.56,3.53019,1.05485,2.93528,46.9772
16.58,3.52951,1.07926,2.97027,48.6075
16.6,2.91498,1.3188,2.66958,34.9144
16.62,2.89793,1.34536,2.70143,36.3074
16.64,2.88134,1.3719,2.73365,37.7318
16.66,2.86531,1.39845,2.76627,39.1887
16.68,2.84997,1.425,2.79927,40.6791
16.7,2.83545,1.45154,2.83266,42.2041
16.72,2.82187,1.47797,2.86645,43.7644
16.74,2.80933,1.50432,2.90064,45.3612
16.76,2.79798,1.5307,2.93523,46.9955
16.78,2.78796,1.55718,2.97022,48.6687
16.8,2.39567,0.955111,2.66954,35.6825
16.82,2.38768,0.96234,2.70139,37.1098
16.84,2.38195,0.969232,2.73361,38.5661
16.86,2.37868,0.975965,2.76622,40.0528
16.88,2.378,0.982669,2.79923,41.5708
16.9,2.38004,0.98933,2.83262,43.1212
16.92,2.38497,0.99589,2.86641,44.7046
16.94,2.3929,1.00238,2.9006,46.322
16.96,2.40394,1.00888,2.93518,47.9745
16.98,2.41818,1.01538,2.97017,49.663
17,1.79276,1.82157,2.66951,35.8495
17.02,1.81084,1.85138,2.70135,37.3447
17.04,1.83394,1.88092,2.73358,38.8752
17.06,1.86205,1.91037,2.76619,40.4424
17.08,1.89515,1.93965,2.79919,42.0471
17.1,1.93315,1.96877,2.83259,43.6904
17.12,1.97597,1.9978,2.86637,45.3733
17.14,2.02347,2.02659,2.90056,47.0966
17.16,2.07548,2.05513,2.93515,48.8611
17.18,2.13183,2.08343,2.97013,50.6677
17.2,2.09897,2.00407,2.66948,35.8023
17.22,2.18276,2.02605,2.70132,37.2504
17.24,2.26973,2.04839,2.73355,38.7269
17.26,2.35968,2.07104,2.76616,40.2326
17.28,2.45241,2.09396,2.79916,41.768
17.3,2.54776,2.11718,2.83255,43.3342
17.32,2.64555,2.14067,2.86634,44.9319
17.34,2.74565,2.1644,2.90053,46.5615
17.36,2.84793,2.18833,2.93511,48.2239
17.38,2.95226,2.21249,2.9701,49.9201
17.4,3.30653,2.85857,2.66945,35.1143
17.42,3.40285,2.97244,2.7013,36.3587
17.44,3.50119,3.08618,2.73352,37.6232
17.46,3.60145,3.1996,2.76613,38.9089
17.48,3.70356,3.31287,2.79913,40.2162
17.5,3.80742,3.42601,2.83253,41.5459
17.52,3.91298,3.5389,2.86632,42.8988
17.54,4.02016,3.65152,2.9005,44.2757
17.56,4.1289,3.76392,2.93509,45.6774
17.58,4.23914,3.87621,2.97007,47.1042
17.6,3.52127,1.62005,2.66943,34.4086
17.62,3.61899,1.66188,2.70127,35.6873
17.64,3.71862,1.70363,2.7335,36.9891
17.66,3.82008,1.74528,2.76611,38.3153
17.68,3.92328,1.78688,2.79911,39.6662
17.7,4.02815,1.82836,2.83251,41.043
17.72,4.13463,1.86973,2.86629,42.4465
17.74,4.24265,1.91099,2.90048,43.8774
17.76,4.35214,1.95213,2.93506,45.3365
17.78,4.46305,1.99318,2.97005,46.8243
17.8,3.97558,3.41219,2.66941,34.9492
17.82,4.06032,3.49258,2.70126,36.2093
17.84,4.147,3.57302,2.73348,37.5009
17.86,4.23554,3.6532,2.76609,38.8249
17.88,4.32586,3.7331,2.79909,40.1819
17.9,4.41789,3.81281,2.83249,41.5732
17.92,4.51157,3.89231,2.86627,42.9995
17.94,4.60683,3.97154,2.90046,44.4617
17.96,4.70361,4.05042,2.93504,45.9604
17.98,4.80185,4.12902,2.97003,47.4965
18,4.16629,3.02101,2.6694,36.0301
18.02,4.26216,3.06555,2.70124,37.4624
18.04,4.35964,3.10974,2.73347,38.9279
18.06,4.45867,3.15375,2.76608,40.4278
18.08,4.55917,3.19746,2.79908,41.9626
18.1,4.66109,3.2409,2.83247,43.5333
18.12,4.76437,3.28424,2.86626,45.1411
18.14,4.86894,3.32726,2.90044,46.7863
18.16,4.97475,3.37004,2.93503,48.4698
18.18,5.08176,3.41243,2.97001,50.1918
18.2,4.1456,3.19458,2.66939,35.9036
18.22,4.24491,3.22849,2.70123,37.4378
18.24,4.3457,3.26253,2.73345,39.0128
18.26,4.44792,3.29641,2.76606,40.6289
18.28,4.55151,3.33045,2.79907,42.2877
18.3,4.65641,3.36441,2.83246,43.9896
18.32,4.76256,3.39832,2.86625,45.7356
18.34,4.8699,3.43232,2.90043,47.5268
18.36,4.97838,3.46619,2.93502,49.3636
18.38,5.08795,3.49993,2.97,51.2466
18.4,4.98241,0.884647,2.66938,35.5328
18.42,5.09695,0.908878,2.70122,36.8728
18.44,5.21245,0.938244,2.73344,38.2353
18.46,5.32888,0.972191,2.76605,39.6212
18.48,5.44618,1.01029,2.79906,41.031
18.5,5.56432,1.05203,2.83245,42.4654
18.52,5.68326,1.09687,2.86624,43.9255
18.54,5.80297,1.1446,2.90042,45.4111
18.56,5.92339,1.19465,2.935,46.9234
18.58,6.04449,1.24676,2.96999,48.4627
18.6,4.87346,1.54976,2.66937,34.1828
18.62,4.99541,1.56363,2.70121,35.6015
18.64,5.1182,1.57957,2.73343,37.0527
18.66,5.24179,1.59744,2.76605,38.5372
18.68,5.36614,1.61725,2.79905,40.0557
18.7,5.4912,1.63875,2.83244,41.6088
18.72,5.61694,1.66188,2.86623,43.1972
18.74,5.74333,1.68656,2.90041,44.8215
18.76,5.87033,1.71251,2.935,46.482
18.78,5.99791,1.73993,2.96998,48.1797
18.8,5.97513,2.83512,2.66936,34.3504
18.82,6.11117,2.91289,2.7012,35.6473
18.84,6.24766,2.99251,2.73343,36.9679
18.86,6.3846,3.07376,2.76604,38.3133
18.88,6.52194,3.15645,2.79904,39.6842
18.9,6.65966,3.24046,2.83243,41.081
18.92,6.79774,3.32567,2.86622,42.5041
18.94,6.93613,3.41193,2.9004,43.9544
18.96,7.07483,3.49911,2.93499,45.4323
18.98,7.21381,3.58714,2.96998,46.9383
19,6.29639,3.468,2.66936,33.9007
19.02,6.4358,3.54696,2.7012,35.3049
19.04,6.57554,3.62595,2.73342,36.7392
19.06,6.71557,3.70486,2.76603,38.2043
19.08,6.85588,3.78373,2.79903,39.7011
19.1,6.99645,3.86255,2.83243,41.2304
19.12,7.13726,3.94125,2.86621,42.7926
19.14,7.27828,4.01983,2.9004,44.3889
19.16,7.41951,4.09827,2.93498,46.0199
19.18,7.56091,4.17651,2.96997,47.6862
19.2,6.83113,2.72114,2.66935,34.335
19.22,6.96568,2.77652,2.70119,35.6682
19.24,7.10047,2.83203,2.73342,37.023
19.26,7.23545,2.88762,2.76603,38.4003
19.28,7.37063,2.9432,2.79903,39.801
19.3,7.50599,2.99878,2.83242,41.2257
19.32,7.6415,3.05444,2.86621,42.675
19.34,7.77715,3.1101,2.9004,44.1498
19.36,7.91293,3.16581,2.93498,45.6506
19.38,8.04882,3.22142,2.96997,47.1785
19.4,7.2679,2.08735,2.66935,34.7369
19.42,7.3945,2.13995,2.70119,35.9836
19.44,7.52128,2.19275,2.73341,37.2505
19.46,7.64824,2.24555,2.76603,38.5384
19.48,7.77535,2.2982,2.79903,39.8484
19.5,7.90259,2.35102,2.83242,41.1809
19.52,8.02994,2.40363,2.86621,42.5369
19.54,8.1574,2.45626,2.90039,43.9172
19.56,8.28496,2.50914,2.93498,45.3221
19.58,8.4126,2.56199,2.96996,46.7528
19.6,7.81856,3.1612,2.66935,35.4827
19.62,7.9482,3.2168,2.70119,36.8224
19.64,8.07796,3.27212,2.73341,38.1868
19.66,8.20783,3.32745,2.76602,39.5762
19.68,8.3378,3.38273,2.79902,40.9916
19.7,8.46786,3.43768,2.83242,42.4341
19.72,8.59801,3.49254,2.86621,43.9042
19.74,8.72824,3.54737,2.90039,45.4025
19.76,8.85855,3.60206,2.93497,46.9299
19.78,8.98892,3.65655,2.96996,48.4873
19.8,8.338,3.22479,2.66935,35.2103
19.82,8.46253,3.27106,2.70119,36.5489
19.84,8.58718,3.31728,2.73341,37.9114
19.86,8.71194,3.36332,2.76602,39.299
19.88,8.83681,3.40931,2.79902,40.7122
19.9,8.96178,3.45508,2.83242,42.1523
19.92,9.08685,3.50066,2.8662,43.6198
19.94,9.21202,3.54618,2.90039,45.1155
19.96,9.33728,3.59177,2.93497,46.64
19.98,9.46262,3.63729,2.96996,48.1945
20,8.39676,2.75323,2.66934,34.7935
20.02,8.5199,2.76618,2.70118,36.2523
20.04,8.64319,2.77938,2.73341,37.7471
20.06,8.76663,2.7927,2.76602,39.2792
20.08,8.89022,2.80601,2.79902,40.8498
20.1,9.01395,2.81941,2.83241,42.4597
20.12,9.13782,2.83296,2.8662,44.1098
20.14,9.26182,2.84672,2.90039,45.8008
20.16,9.38597,2.8606,2.93497,47.5339
20.18,9.51024,2.87449,2.96996,49.3105
20.2,8.99064,3.20566,2.66934,34.8904
20.22,9.10944,3.23802,2.70118,36.2667
20.24,9.22843,3.27037,2.73341,37.6684
20.26,9.34758,3.30248,2.76602,39.0968
20.28,9.46691,3.33448,2.79902,40.5526
20.3,9.5864,3.36643,2.83241,42.0364
20.32,9.70605,3.39853,2.8662,43.5488
20.34,9.82587,3.43061,2.90039,45.0911
20.36,9.94584,3.46256,2.93497,46.6643
20.38,10.066,3.49474,2.96996,48.2686
20.4,8.31436,1.04178,2.66934,34.834
20.42,8.42429,1.084,2.70118,36.4811
20.44,8.5345,1.13242,2.73341,38.1919
20.46,8.64498,1.18643,2.76602,39.9682
20.48,8.75572,1.24522,2.79902,41.8111
20.5,8.86672,1.30802,2.83241,43.7219
20.52,8.97797,1.37432,2.8662,45.7024
20.54,9.08949,1.44369,2.90039,47.7541
20.56,9.20125,1.51568,2.93497,49.8783
20.58,9.31326,1.59004,2.96996,52.0773
20.6,8.35253,0.591221,2.66934,35.9607
20.62,8.45636,0.662355,2.70118,37.556
20.64,8.5605,0.733425,2.73341,39.1959
20.66,8.66496,0.804539,2.76602,40.8819
20.68,8.76973,0.87558,2.79902,42.615
20.7,8.8748,0.946803,2.83241,44.3974
20.72,8.98017,1.01802,2.8662,46.23
20.74,9.08584,1.08953,2.90038,48.115
20.76,9.1918,1.16098,2.93497,50.0528
20.78,9.29806,1.23229,2.96996,52.0447
20.8,8.17934,1.20395,2.66934,36.0661
20.82,8.27739,1.27182,2.70118,37.641
20.84,8.37579,1.33994,2.73341,39.2568
20.86,8.47455,1.40809,2.76602,40.9146
20.88,8.57365,1.47624,2.79902,42.6157
20.9,8.67309,1.54458,2.83241,44.362
20.92,8.77288,1.61297,2.8662,46.1545
20.94,8.873,1.68139,2.90038,47.9945
20.96,8.97344,1.74965,2.93497,49.8829
20.98,9.07422,1.81785,2.96995,51.8211
21,8.62475,4.10574,2.66934,35.9231
21.02,8.71659,4.18705,2.70118,37.2637
21.04,8.80881,4.26843,2.73341,38.6343
21.06,8.9014,4.35003,2.76602,40.0361
21.08,8.99435,4.43171,2.79902,41.4703
21.1,9.08767,4.51355,2.83241,42.9379
21.12,9.18133,4.59538,2.8662,44.4398
21.14,9.27535,4.67734,2.90038,45.9772
21.16,9.36972,4.75932,2.93497,47.5514
21.18,9.46443,4.84131,2.96995,49.1631
21.2,8.14481,1.5546,2.66934,36.0122
21.22,8.23336,1.56804,2.70118,37.4127
21.24,8.32224,1.5817,2.73341,38.841
21.26,8.41143,1.59561,2.76602,40.298
21.28,8.50092,1.6097,2.79902,41.7846
21.3,8.59071,1.62406,2.83241,43.3021
21.32,8.68079,1.6386,2.8662,44.8509
21.34,8.77116,1.65333,2.90038,46.432
21.36,8.86179,1.66825,2.93497,48.0466
21.38,8.95269,1.68335,2.96995,49.6956
21.4,8.19962,1.83756,2.66934,35.5562
21.42,8.28959,1.92939,2.70118,36.8521
21.44,8.37989,2.02167,2.73341,38.1706
21.46,8.47055,2.11409,2.76602,39.5124
21.48,8.56158,2.20676,2.79902,40.8782
21.5,8.65295,2.29952,2.83241,42.2689
21.52,8.74467,2.39242,2.8662,43.6853
21.54,8.83672,2.48544,2.90038,45.1281
21.56,8.9291,2.57865,2.93497,46.5981
21.58,9.02179,2.67224,2.96995,48.0958
21.6,7.9503,2.78607,2.66934,34.526
21.62,8.04049,2.84888,2.70118,35.8123
21.64,8.13095,2.9123,2.73341,37.1213
21.66,8.22167,2.97634,2.76602,38.4537
21.68,8.31264,3.04097,2.79902,39.8101
21.7,8.40385,3.10619,2.83241,41.1913
21.72,8.4953,3.17175,2.8662,42.5987
21.74,8.58698,3.23771,2.90038,44.0328
21.76,8.67887,3.30411,2.93497,45.4942
21.78,8.77097,3.37095,2.96995,46.9836
21.8,7.13486,2.0253,2.66934,34.2445
21.82,7.21559,2.08192,2.70118,35.6639
21.84,7.29656,2.13846,2.73341,37.1256
21.86,7.37774,2.19516,2.76602,38.6313
21.88,7.45912,2.25181,2.79902,40.182
21.9,7.54071,2.30851,2.83241,41.7789
21.92,7.62248,2.36534,2.8662,43.4233
21.94,7.70444,2.4222,2.90038,45.1162
21.96,7.78656,2.4792,2.93497,46.8592
21.98,7.86884,2.53613,2.96995,48.653
22,7.02631,2.79861,2.66934,34.887
22.02,7.10494,2.85706,2.70118,36.3643
22.04,7.18366,2.91546,2.73341,37.8775
22.06,7.26247,2.97385,2.76602,39.4279
22.08,7.34136,3.03216,2.79902,41.0163
22.1,7.4203,3.09052,2.83241,42.6438
22.12,7.49929,3.14859,2.8662,44.3106
22.14,7.57832,3.20671,2.90038,46.0187
22.16,7.65738,3.26468,2.93497,47.7688
22.18,7.73645,3.32253,2.96995,49.5617
22.2,7.2009,1.91459,2.66934,35.1993
22.22,7.27558,1.95196,2.70118,36.5813
22.24,7.35025,1.98981,2.73341,37.988
22.26,7.4249,2.02822,2.76602,39.4194
22.28,7.49951,2.06706,2.79902,40.877
22.3,7.57406,2.10626,2.83241,42.3616
22.32,7.64855,2.14577,2.8662,43.8742
22.34,7.72294,2.18558,2.90038,45.4155
22.36,7.79723,2.22575,2.93497,46.9857
22.38,7.87139,2.2662,2.96995,48.5859
22.4,7.27915,2.40257,2.66934,34.5782
22.42,7.34875,2.46002,2.70118,35.9224
22.44,7.41815,2.51771,2.7334,37.2894
22.46,7.48732,2.57557,2.76602,38.6801
22.48,7.55622,2.63346,2.79902,40.0955
22.5,7.62483,2.69141,2.83241,41.5361
22.52,7.69311,2.7495,2.8662,43.0026
22.54,7.76102,2.80762,2.90038,44.4956
22.56,7.82852,2.86571,2.93497,46.0161
22.58,7.89557,2.92378,2.96995,47.5645
22.6,6.44992,2.30542,2.66934,34.0817
22.62,6.50595,2.34337,2.70118,35.5827
22.64,6.56131,2.3821,2.7334,37.127
22.66,6.61594,2.42167,2.76602,38.7158
22.68,6.6698,2.46199,2.79902,40.3503
22.7,6.72284,2.50307,2.83241,42.0312
22.72,6.775,2.545,2.8662,43.7601
22.74,6.82626,2.58767,2.90038,45.5377
22.76,6.87655,2.63112,2.93497,47.3654
22.78,6.92584,2.67518,2.96995,49.2435
22.8,5.9554,3.66171,2.66934,34.9745
22.82,5.99417,3.73999,2.70118,36.5694
22.84,6.03166,3.81851,2.7334,38.2099
22.86,6.06784,3.89707,2.76602,39.8968
22.88,6.10266,3.9759,2.79902,41.6314
22.9,6.1361,4.05478,2.83241,43.4148
22.92,6.16815,4.13361,2.8662,45.2474
22.94,6.19877,4.21243,2.90038,47.1306
22.96,6.22794,4.29117,2.93497,49.0653
22.98,6.25565,4.36994,2.96995,51.0527
23,5.30991,3.34786,2.66934,35.8097
23.02,5.32719,3.39455,2.70118,37.3822
23.04,5.3429,3.44143,2.7334,38.9918
23.06,5.35704,3.48893,2.76602,40.6406
23.08,5.36958,3.53651,2.79902,42.3283
23.1,5.38051,3.58436,2.83241,44.0562
23.12,5.38985,3.63248,2.8662,45.8255
23.14,5.39761,3.68061,2.90038,47.6363
23.16,5.40378,3.72882,2.93497,49.4898
23.18,5.40835,3.77713,2.96995,51.3868
23.2,4.673,2.82362,2.66934,35.7971
23.22,4.66778,2.83953,2.70118,37.2794
23.24,4.66097,2.85566,2.7334,38.7909
23.26,4.65257,2.87214,2.76602,40.3327
23.28,4.64258,2.8886,2.79902,41.9048
23.3,4.63103,2.9053,2.83241,43.5086
23.32,4.61796,2.92223,2.8662,45.1449
23.34,4.60336,2.93943,2.90038,46.8147
23.36,4.58724,2.95671,2.93497,48.5182
23.38,4.56962,2.97398,2.96995,50.256
23.4,3.07026,4.38601,2.66934,35.4346
23.42,3.04093,4.45637,2.70118,36.9307
23.44,3.01054,4.5276,2.7334,38.4645
23.46,2.97917,4.59963,2.76602,40.0372
23.48,2.9469,4.67249,2.79902,41.6498
23.5,2.91379,4.74581,2.83241,43.3027
23.52,2.87994,4.81984,2.8662,44.9973
23.54,2.84545,4.89435,2.90038,46.7343
23.56,2.8104,4.96938,2.93497,48.5146
23.58,2.77487,5.04477,2.96995,50.3389
23.6,1.79291,5.05838,2.66934,35.4046
23.62,1.75462,5.13275,2.70118,36.8997
23.64,1.71754,5.20764,2.7334,38.4289
23.66,1.68201,5.28284,2.76602,39.9926
23.68,1.64838,5.35828,2.79902,41.5919
23.7,1.61701,5.43386,2.83241,43.2273
23.72,1.58829,5.50968,2.8662,44.9002
23.74,1.56263,5.5857,2.90038,46.6114
23.76,1.54047,5.6618,2.93497,48.3616
23.78,1.52223,5.73818,2.96995,50.1524
23.8,1.37633,3.16608,2.66934,35.2722
23.82,1.37061,3.18685,2.70118,36.6183
23.84,1.37077,3.20919,2.7334,37.9855
23.86,1.37712,3.23308,2.76601,39.3746
23.88,1.38986,3.25843,2.79902,40.7861
23.9,1.40914,3.28517,2.83241,42.2206
23.92,1.43499,3.31332,2.8662,43.6794
23.94,1.46734,3.34279,2.90038,45.1627
23.96,1.50604,3.37355,2.93497,46.6717
23.98,1.5509,3.40552,2.96995,48.2065
24,1.24525,0.874537,2.66934,34.934
24.02,1.24569,0.833834,2.70118,36.1307
24.04,1.25435,0.79673,2.7334,37.346
24.06,1.27137,0.763778,2.76601,38.5805
24.08,1.29675,0.735513,2.79902,39.835
24.1,1.33034,0.712495,2.83241,41.1102
24.12,1.37181,0.695267,2.8662,42.407
24.14,1.42076,0.684211,2.90038,43.7264
24.16,1.47672,0.679652,2.93496,45.0689
24.18,1.53916,0.681682,2.96995,46.4354
24.2,1.52366,0.544103,2.66934,35.8755
24.22,1.57067,0.597259,2.70118,37.0817
24.24,1.62435,0.654643,2.7334,38.3083
24.26,1.68428,0.715216,2.76601,39.5563
24.28,1.75003,0.778233,2.79902,40.8264
24.3,1.82117,0.843111,2.83241,42.1193
24.32,1.89728,0.909518,2.8662,43.4357
24.34,1.97797,0.977006,2.90038,44.7765
24.36,2.06288,1.04534,2.93496,46.1423
24.38,2.15166,1.11434,2.96995,47.5339
24.4,2.1162,1.57446,2.66934,36.5384
24.42,2.19189,1.62867,2.70118,37.7872
24.44,2.27174,1.68386,2.7334,39.0582
24.46,2.35546,1.73997,2.76601,40.352
24.48,2.44279,1.79689,2.79902,41.6694
24.5,2.53349,1.85452,2.83241,43.0112
24.52,2.62732,1.9128,2.8662,44.3782
24.54,2.72408,1.97164,2.90038,45.7711
24.56,2.82357,2.03098,2.93496,47.1907
24.58,2.92562,2.09075,2.96995,48.6376
24.6,2.17258,1.55807,2.66934,36.2372
24.62,2.27593,1.59541,2.70118,37.5902
24.64,2.38209,1.63286,2.7334,38.979
24.66,2.49084,1.67058,2.76601,40.4047
24.68,2.60196,1.70823,2.79902,41.8681
24.7,2.71529,1.74599,2.83241,43.3701
24.72,2.83067,1.78367,2.8662,44.9113
24.74,2.94795,1.82136,2.90038,46.4929
24.76,3.06703,1.859,2.93496,48.1153
24.78,3.18778,1.89677,2.96995,49.7799
24.8,3.10328,0.585358,2.66934,35.586
24.82,3.2311,0.608503,2.70118,36.9829
24.84,3.36023,0.633649,2.7334,38.4066
24.86,3.49062,0.660566,2.76601,39.8576
24.88,3.62221,0.689055,2.79901,41.3362
24.9,3.75496,0.718918,2.83241,42.8434
24.92,3.88882,0.749877,2.8662,44.3807
24.94,4.02376,0.781811,2.90038,45.9481
24.96,4.15974,0.814582,2.93496,47.5464
24.98,4.29673,0.848119,2.96995,49.176
25,3.45025,2.25678,2.66934,34.6002
25.02,3.59211,2.30007,2.70118,36.0948
25.04,3.73489,2.34433,2.7334,37.639
25.06,3.87857,2.38948,2.76601,39.2338
25.08,4.02313,2.43527,2.79901,40.8796
25.1,4.16856,2.48178,2.83241,42.5778
25.12,4.31483,2.52879,2.8662,44.3288
25.14,4.46193,2.57634,2.90038,46.1336
25.16,4.60985,2.62452,2.93496,47.9933
25.18,4.75857,2.67327,2.96995,49.9089
25.2,4.74458,1.47227,2.66934,35.1485
25.22,4.89431,1.51153,2.70118,36.5535
25.24,5.04479,1.55279,2.7334,37.984
25.26,5.19598,1.59588,2.76601,39.4404
25.28,5.34788,1.64066,2.79901,40.9235
25.3,5.50045,1.68699,2.83241,42.4338
25.32,5.65367,1.73475,2.86619,43.972
25.34,5.80752,1.78377,2.90038,45.539
25.36,5.96197,1.83394,2.93496,47.1351
25.38,6.11699,1.88517,2.96995,48.7606
25.4,4.8964,1.17747,2.66934,34.5828
25.42,5.04027,1.17139,2.70118,35.9378
25.44,5.18475,1.16512,2.7334,37.3176
25.46,5.32981,1.15889,2.76601,38.7233
25.48,5.47543,1.15277,2.79901,40.156
25.5,5.62158,1.14649,2.83241,41.616
25.52,5.76822,1.14015,2.86619,43.1041
25.54,5.91534,1.13365,2.90038,44.6211
25.56,6.06291,1.12701,2.93496,46.1677
25.58,6.21089,1.12028,2.96995,47.7447
25.6,5.91598,1.42634,2.66934,35.5463
25.62,6.0667,1.455,2.70118,36.9321
25.64,6.21781,1.48513,2.7334,38.3427
25.66,6.36929,1.51666,2.76601,39.779
25.68,6.5211,1.54955,2.79901,41.2413
25.7,6.67322,1.58358,2.83241,42.7308
25.72,6.82564,1.61878,2.86619,44.2477
25.74,6.97831,1.65496,2.90038,45.7929
25.76,7.13123,1.69216,2.93496,47.3664
25.78,7.28436,1.73017,2.96995,48.9698
25.8,6.60253,1.00616,2.66934,35.3675
25.82,6.74859,1.05264,2.70118,36.7033
25.84,6.89486,1.09967,2.7334,38.0602
25.86,7.04132,1.147,2.76601,39.4394
25.88,7.18795,1.1947,2.79901,40.8414
25.9,7.33473,1.24252,2.83241,42.2672
25.92,7.48164,1.29054,2.86619,43.7173
25.94,7.62866,1.33872,2.90038,45.1923
25.96,7.77575,1.38708,2.93496,46.6927
25.98,7.92291,1.43561,2.96995,48.2193
26,6.48583,1.72004,2.66934,35.1408
26.02,6.61728,1.7634,2.70118,36.4783
26.04,6.7489,1.8074,2.7334,37.8532
26.06,6.88069,1.85196,2.76601,39.2665
26.08,7.01263,1.89735,2.79901,40.7198
26.1,7.14468,1.94348,2.83241,42.2142
26.12,7.27684,1.99026,2.86619,43.7511
26.14,7.40909,2.03756,2.90038,45.3315
26.16,7.54142,2.08542,2.93496,46.9566
26.18,7.6738,2.13359,2.96995,48.627
26.2,6.24794,3.40022,2.66934,36.1138
26.22,6.3684,3.48294,2.70118,37.6954
26.24,6.48909,3.5657,2.7334,39.3334
26.26,6.60999,3.64846,2.76601,41.029
26.28,6.73109,3.73124,2.79901,42.7839
26.3,6.85236,3.81416,2.83241,44.5997
26.32,6.9738,3.89698,2.86619,46.4773
26.34,7.09538,3.9798,2.90038,48.4183
26.36,7.21707,4.0626,2.93496,50.4238
26.38,7.33886,4.14536,2.96995,52.4953
26.4,6.43776,2.51563,2.66934,36.7532
26.42,6.55553,2.53478,2.70118,38.3057
26.44,6.6735,2.5535,2.7334,39.8924
26.46,6.79167,2.57223,2.76601,41.5152
26.48,6.91001,2.5908,2.79901,43.1747
26.5,7.02851,2.60946,2.83241,44.8727
26.52,7.14716,2.62808,2.86619,46.6098
26.54,7.26595,2.64666,2.90038,48.387
26.56,7.38486,2.66519,2.93496,50.2054
26.58,7.5039,2.68372,2.96995,52.0659
26.6,6.90961,0.685361,2.66934,35.8715
26.62,7.02613,0.656463,2.70118,37.2569
26.64,7.14283,0.630492,2.7334,38.665
26.66,7.25969,0.607823,2.76601,40.0968
26.68,7.37671,0.588819,2.79901,41.553
26.7,7.49387,0.573879,2.83241,43.0344
26.72,7.61117,0.563311,2.86619,44.5415
26.74,7.7286,0.557394,2.90038,46.0755
26.76,7.84615,0.556347,2.93496,47.6366
26.78,7.96383,0.560103,2.96995,49.2262
26.8,7.1707,1.16522,2.66934,34.7481
26.82,7.28525,1.20991,2.70118,36.0895
26.84,7.4,1.25687,2.7334,37.4531
26.86,7.51492,1.30582,2.76601,38.8395
26.88,7.63001,1.35668,2.79901,40.2494
26.9,7.74527,1.40927,2.83241,41.6836
26.92,7.86067,1.46301,2.86619,43.1433
26.94,7.97623,1.51794,2.90038,44.629
26.96,8.09194,1.57401,2.93496,46.1415
26.98,8.2078,1.63102,2.96995,47.6816
27,7.52708,0.967654,2.66934,34.1396
27.02,7.63405,1.01825,2.70118,35.4655
27.04,7.74127,1.06887,2.7334,36.8147
27.06,7.84874,1.1196,2.76601,38.1879
27.08,7.95644,1.17036,2.79901,39.5863
27.1,8.0644,1.22119,2.83241,41.0104
27.12,8.17259,1.27205,2.86619,42.4613
27.14,8.28103,1.32298,2.90038,43.9398
27.16,8.38971,1.37387,2.93496,45.447
27.18,8.49864,1.42477,2.96995,46.9838
27.2,6.79587,1.40495,2.66934,34.3138
27.22,6.89582,1.43306,2.70118,35.7697
27.24,6.99615,1.46109,2.7334,37.2646
27.26,7.09687,1.48885,2.76601,38.7993
27.28,7.19796,1.51652,2.79901,40.3751
27.3,7.29941,1.54416,2.83241,41.9931
27.32,7.40122,1.57189,2.86619,43.6546
27.34,7.50338,1.5998,2.90038,45.3612
27.36,7.60587,1.62769,2.93496,47.1133
27.38,7.7087,1.6557,2.96995,48.9126
27.4,6.95085,0.973298,2.66934,35.011
27.42,7.04668,0.987368,2.70118,36.4831
27.44,7.14291,1.00175,2.7334,37.9878
27.46,7.23952,1.01656,2.76601,39.5262
27.48,7.33652,1.0318,2.79901,41.0996
27.5,7.43388,1.04751,2.83241,42.709
27.52,7.53161,1.06359,2.86619,44.3553
27.54,7.62968,1.07999,2.90038,46.0394
27.56,7.7281,1.09682,2.93496,47.7627
27.58,7.82685,1.11398,2.96995,49.5261
27.6,5.82158,4.46405,2.66934,35.1919
27.62,5.90991,4.57421,2.70118,36.7664
27.64,5.99872,4.6849,2.7334,38.3991
27.66,6.08799,4.79589,2.76601,40.0911
27.68,6.17771,4.90721,2.79901,41.8443
27.7,6.26785,5.01883,2.83241,43.6601
27.72,6.35841,5.13076,2.86619,45.5403
27.74,6.44938,5.24296,2.90038,47.4861
27.76,6.54073,5.35555,2.93496,49.4994
27.78,6.63247,5.46831,2.96995,51.5814
27.8,5.39081,5.11389,2.66934,36.2298
27.82,5.47007,5.20486,2.70118,37.8739
27.84,5.54985,5.29596,2.7334,39.5667
27.86,5.63013,5.38724,2.76601,41.3102
27.88,5.71089,5.47819,2.79901,43.1046
27.9,5.79213,5.56907,2.83241,44.952
27.92,5.87381,5.66009,2.86619,46.8545
27.94,5.95593,5.75114,2.90038,48.8135
27.96,6.03848,5.84207,2.93496,50.8299
27.98,6.12143,5.93308,2.96995,52.906
28,5.21186,4.41029,2.66934,36.3979
28.02,5.28618,4.44725,2.70118,37.9045
28.04,5.36099,4.48439,2.7334,39.4448
28.06,5.43629,4.52158,2.76601,41.0198
28.08,5.51206,4.55871,2.79901,42.6305
28.1,5.58781,4.59576,2.83241,44.278
28.12,5.66304,4.6324,2.86619,45.9599
28.14,5.73776,4.66838,2.90038,47.6766
28.16,5.81194,4.70374,2.93496,49.4287
28.18,5.88559,4.73846,2.96995,51.2171
28.2,4.87606,4.20425,2.66934,35.9444
28.22,4.93821,4.22008,2.70118,37.3843
28.24,4.99992,4.23525,2.7334,38.8508
28.26,5.06116,4.24985,2.76601,40.3448
28.28,5.12195,4.26383,2.79901,41.8671
28.3,5.18228,4.27727,2.83241,43.4185
28.32,5.24215,4.2901,2.86619,44.9996
28.34,5.30266,4.30205,2.90038,46.6113
28.36,5.36484,4.31451,2.93496,48.2631
28.38,5.42861,4.3275,2.96995,49.956
28.4,5.11822,2.13345,2.66934,35.6869
28.42,5.17905,2.0844,2.70118,36.9933
28.44,5.24137,2.03673,2.7334,38.3246
28.46,5.30511,1.99067,2.76601,39.6818
28.48,5.37019,1.94654,2.79901,41.0659
28.5,5.43653,1.90433,2.83241,42.4775
28.52,5.50406,1.86398,2.86619,43.9171
28.54,5.57272,1.82565,2.90038,45.3856
28.56,5.64244,1.78942,2.93496,46.8836
28.58,5.71315,1.75576,2.96995,48.4123
28.6,4.83901,1.6148,2.66934,35.0698
28.62,4.90499,1.57134,2.70118,36.4123
28.64,4.97191,1.52924,2.7334,37.7789
28.66,5.0397,1.4888,2.76601,39.1706
28.68,5.10829,1.4503,2.79901,40.5883
28.7,5.17765,1.41367,2.83241,42.0326
28.72,5.2477,1.37922,2.86619,43.5044
28.74,5.31842,1.34699,2.90038,45.0044
28.76,5.38973,1.31726,2.93496,46.5334
28.78,5.46161,1.29031,2.96995,48.0924
28.8,4.43655,1.64204,2.66934,34.5282
28.82,4.50348,1.60698,2.70118,35.8874
28.84,4.57087,1.5725,2.7334,37.2719
28.86,4.63868,1.53856,2.76601,38.6825
28.88,4.70685,1.50487,2.79901,40.1197
28.9,4.77537,1.47162,2.83241,41.5844
28.92,4.84418,1.43871,2.86619,43.0775
28.94,4.91326,1.4064,2.90038,44.6
28.96,4.98257,1.37466,2.93496,46.1526
28.98,5.05209,1.34375,2.96995,47.7366
29,4.66636,1.38403,2.66934,34.3432
29.02,4.7308,1.38622,2.70118,35.6956
29.04,4.7955,1.39164,2.7334,37.0723
29.06,4.86043,1.40023,2.76601,38.474
29.08,4.92557,1.41198,2.79901,39.9016
29.1,4.99088,1.42689,2.83241,41.3561
29.12,5.05634,1.44486,2.86619,42.8384
29.14,5.12194,1.46561,2.90038,44.3485
29.16,5.18764,1.48915,2.93496,45.8876
29.18,5.25342,1.51532,2.96995,47.4565
29.2,5.08246,1.96691,2.66934,34.0725
29.22,5.14675,2.06192,2.70118,35.3623
29.24,5.21107,2.15833,2.7334,36.6742
29.26,5.2754,2.25603,2.76601,38.0088
29.28,5.33972,2.35481,2.79901,39.3669
29.3,5.40401,2.45449,2.83241,40.7495
29.32,5.46826,2.55506,2.86619,42.157
29.34,5.53243,2.65632,2.90038,43.5904
29.36,5.59652,2.75832,2.93496,45.0502
29.38,5.66051,2.86102,2.96995,46.5372
29.4,5.16818,2.35223,2.66934,33.5246
29.42,5.22823,2.43559,2.70118,34.8328
29.44,5.28813,2.51928,2.7334,36.1627
29.46,5.34786,2.60332,2.76601,37.515
29.48,5.40739,2.68768,2.79901,38.8905
29.5,5.46671,2.7721,2.83241,40.2901
29.52,5.52578,2.85678,2.86619,41.7142
29.54,5.58458,2.94159,2.90038,43.1638
29.56,5.64308,3.02662,2.93496,44.6393
29.58,5.70126,3.11174,2.96995,46.1415
29.6,5.25623,2.89012,2.66934,33.4213
29.62,5.31154,2.9484,2.70118,34.7745
29.64,5.36665,3.00676,2.7334,36.1543
29.66,5.42154,3.06518,2.76601,37.5613
29.68,5.47616,3.12366,2.79901,38.9965
29.7,5.5305,3.18215,2.83241,40.4605
29.72,5.58454,3.24064,2.86619,41.9541
29.74,5.63823,3.29906,2.90038,43.4781
29.76,5.69157,3.35748,2.93496,45.033
29.78,5.74452,3.41587,2.96995,46.6194
29.8,5.18932,3.69255,2.66934,33.7417
29.82,5.24059,3.76257,2.70118,35.2004
29.84,5.29167,3.83221,2.7334,36.6981
29.86,5.34252,3.90148,2.76601,38.2358
29.88,5.39314,3.97035,2.79901,39.8143
29.9,5.4435,4.03885,2.83241,41.4347
29.92,5.49359,4.10697,2.86619,43.0977
29.94,5.5434,4.17469,2.90038,44.8038
29.96,5.59291,4.24198,2.93496,46.5539
29.98,5.64211,4.30885,2.96995,48.3491
30,5.24216,4.62848,2.66934,34.6803
30.02,5.29205,4.7058,2.70118,36.2314
30.04,5.34183,4.78263,2.7334,37.8222
30.06,5.39147,4.85897,2.76601,39.4536
30.08,5.44098,4.93474,2.79901,41.1258
30.1,5.49035,5.00993,2.83241,42.8396
30.12,5.53957,5.08457,2.86619,44.5962
30.14,5.58863,5.15859,2.90038,46.3959
30.16,5.63754,5.232,2.93496,48.2391
30.18,5.6863,5.3048,2.96995,50.1269
30.2,5.19592,2.22815,2.66934,35.3683
30.22,5.23443,2.28474,2.70118,36.5205
30.24,5.27261,2.34143,2.7334,37.6891
30.26,5.31048,2.39802,2.76601,38.8751
30.28,5.34807,2.45463,2.79901,40.0791
30.3,5.38536,2.5112,2.83241,41.3019
30.32,5.42238,2.5677,2.86619,42.5444
30.34,5.45911,2.62419,2.90038,43.8069
30.36,5.49559,2.68066,2.93496,45.0901
30.38,5.53184,2.73719,2.96995,46.3951
30.4,5.20389,3.16408,2.66934,36.6569
30.42,5.24468,3.20965,2.70118,37.9462
30.44,5.28553,3.25524,2.7334,39.2586
30.46,5.32646,3.30054,2.76601,40.5952
30.48,5.36747,3.3455,2.79901,41.9566
30.5,5.4086,3.39019,2.83241,43.3437
30.52,5.44986,3.4348,2.86619,44.7569
30.54,5.49128,3.47941,2.90038,46.1969
30.56,5.53286,3.52381,2.93496,47.6645
30.58,5.57462,3.56799,2.96995,49.1603
30.6,4.76727,1.55141,2.66934,36.9564
30.62,4.80374,1.52304,2.70118,38.3221
30.64,4.84066,1.49488,2.7334,39.7242
30.66,4.87809,1.46703,2.76601,41.1638
30.68,4.91603,1.43952,2.79901,42.6418
30.7,4.95451,1.4122,2.83241,44.1594
30.72,4.99355,1.38539,2.86619,45.7172
30.74,5.03319,1.35901,2.90038,47.3166
30.76,5.07346,1.33315,2.93496,48.9581
30.78,5.11436,1.30807,2.96995,50.6423
30.8,5.44124,4.19289,2.66934,36.7498
30.82,5.49056,4.26668,2.70118,38.074
30.84,5.54059,4.34036,2.7334,39.4196
30.86,5.59132,4.4136,2.76601,40.7879
30.88,5.64278,4.48656,2.79901,42.1793
30.9,5.69498,4.55917,2.83241,43.5946
30.92,5.74795,4.63148,2.86619,45.0344
30.94,5.80168,4.70367,2.90038,46.499
30.96,5.8562,4.77557,2.93496,47.9895
30.98,5.91152,4.84692,2.96995,49.5068
31,4.97188,2.56957,2.66934,35.4479
31.02,5.03937,2.58601,2.70118,36.9427
31.04,5.10813,2.60304,2.7334,38.483
31.06,5.17814,2.62069,2.76601,40.0694
31.08,5.24941,2.63891,2.79901,41.7032
31.1,5.32192,2.65779,2.83241,43.385
31.12,5.39566,2.67726,2.86619,45.1156
31.14,5.47064,2.69722,2.90038,46.8964
31.16,5.54685,2.71786,2.93496,48.7274
31.18,5.62427,2.73896,2.96995,50.6105
31.2,5.26511,2.29855,2.66934,35.4689
31.22,5.34092,2.29179,2.70118,36.9763
31.24,5.41804,2.28487,2.7334,38.5175
31.26,5.49647,2.27781,2.76601,40.0934
31.28,5.57619,2.27077,2.79901,41.7048
31.3,5.6572,2.26355,2.83241,43.3528
31.32,5.73947,2.25642,2.86619,45.038
31.34,5.82298,2.24923,2.90038,46.7613
31.36,5.90772,2.24188,2.93496,48.524
31.38,5.99367,2.23449,2.96995,50.3266
31.4,4.78072,1.04407,2.66934,35.4008
31.42,4.85733,1.1234,2.70118,36.9451
31.44,4.93555,1.2055,2.7334,38.5422
31.46,5.01534,1.28988,2.76601,40.1937
31.48,5.09669,1.37612,2.79901,41.9012
31.5,5.17955,1.46411,2.83241,43.6668
31.52,5.2639,1.55331,2.86619,45.4914
31.54,5.34972,1.6435,2.90038,47.3765
31.56,5.43696,1.73449,2.93496,49.3232
31.58,5.52561,1.82608,2.96995,51.3329
31.6,5.26301,0.750538,2.66934,36.4567
31.62,5.35638,0.747278,2.70118,37.9892
31.64,5.45115,0.745327,2.7334,39.5557
31.66,5.54729,0.74472,2.76601,41.1574
31.68,5.64477,0.745382,2.79901,42.7957
31.7,5.74353,0.747393,2.83241,44.4708
31.72,5.84356,0.750645,2.86619,46.1843
31.74,5.94482,0.75516,2.90038,47.9368
31.76,6.04729,0.76093,2.93496,49.7295
31.78,6.15091,0.767891,2.96995,51.5635
31.8,5.03885,2.12474,2.66934,36.1607
31.82,5.1404,2.20549,2.70118,37.7661
31.84,5.24333,2.28644,2.7334,39.4172
31.86,5.3476,2.36766,2.76601,41.1156
31.88,5.45318,2.44922,2.79901,42.8629
31.9,5.56001,2.53098,2.83241,44.6602
31.92,5.66806,2.61283,2.86619,46.5087
31.94,5.77729,2.69474,2.90038,48.4096
31.96,5.88766,2.77692,2.93496,50.3651
31.98,5.99914,2.85912,2.96995,52.3757
32,5.67169,0.453844,2.66934,36.1265
32.02,5.77736,0.472739,2.70118,37.5345
32.04,5.88417,0.491492,2.7334,38.9675
32.06,5.99209,0.51025,2.76601,40.4264
32.08,6.10106,0.528944,2.79901,41.912
32.1,6.21105,0.547574,2.83241,43.4251
32.12,6.32203,0.56617,2.86619,44.9666
32.14,6.43396,0.584717,2.90038,46.5372
32.16,6.5468,0.603251,2.93496,48.1381
32.18,6.66053,0.621829,2.96995,49.7699
32.2,5.15552,3.17958,2.66934,35.6978
32.22,5.26604,3.27585,2.70118,37.2558
32.24,5.37774,3.3717,2.7334,38.8605
32.26,5.49056,3.46726,2.76601,40.5137
32.28,5.60445,3.56254,2.79901,42.2166
32.3,5.71937,3.65759,2.83241,43.9708
32.32,5.83529,3.75237,2.86619,45.7775
32.34,5.95216,3.84678,2.90038,47.6379
32.36,6.06995,3.9407,2.93496,49.5529
32.38,6.18862,4.03429,2.96995,51.5241
32.4,5.31594,4.12108,2.66934,36.1451
32.42,5.41383,4.19678,2.70118,37.4801
32.44,5.51287,4.27222,2.7334,38.8467
32.46,5.61302,4.34745,2.76601,40.2463
32.48,5.71422,4.4224,2.79901,41.6797
32.5,5.81644,4.49709,2.83241,43.1483
32.52,5.91962,4.57142,2.86619,44.653
32.54,6.02373,4.64527,2.90038,46.1946
32.56,6.12875,4.71866,2.93496,47.7748
32.58,6.23463,4.79182,2.96995,49.3949
32.6,5.39982,3.63622,2.66934,37.0446
32.62,5.49795,3.6745,2.70118,38.4412
32.64,5.59716,3.7125,2.7334,39.8678
32.66,5.69739,3.75005,2.76601,41.3251
32.68,5.79863,3.78709,2.79901,42.814
32.7,5.90082,3.82363,2.83241,44.3355
32.72,6.00393,3.8598,2.86619,45.8906
32.74,6.10794,3.89549,2.90038,47.4803
32.76,6.21278,3.93081,2.93496,49.1054
32.78,6.31844,3.96566,2.96995,50.7667
32.8,5.90009,2.71174,2.66934,37.303
32.82,5.99831,2.7099,2.70118,38.622
32.84,6.09741,2.70808,2.7334,39.9632
32.86,6.19737,2.70654,2.76601,41.3277
32.88,6.29814,2.70543,2.79901,42.7164
32.9,6.39969,2.7045,2.83241,44.1299
32.92,6.502,2.70391,2.86619,45.569
32.94,6.60504,2.70346,2.90038,47.0343
32.96,6.70875,2.70323,2.93496,48.5265
32.98,6.8131,2.70338,2.96995,50.0464
33,6.17759,1.60707,2.66934,36.7869
33.02,6.27801,1.58659,2.70118,38.0913
33.04,6.37922,1.56826,2.7334,39.4173
33.06,6.48117,1.55221,2.76601,40.7659
33.08,6.58383,1.53848,2.79901,42.1375
33.1,6.68718,1.52723,2.83241,43.5331
33.12,6.79118,1.51866,2.86619,44.9534
33.14,6.89581,1.51277,2.90038,46.3991
33.16,7.00104,1.50946,2.93496,47.8708
33.18,7.10684,1.50869,2.96995,49.369
33.2,5.133,2.28339,2.66934,35.851
33.22,5.23709,2.25315,2.70118,37.2148
33.24,5.3422,2.22347,2.7334,38.6071
33.26,5.4483,2.19445,2.76601,40.0288
33.28,5.55532,2.16606,2.79901,41.4805
33.3,5.66324,2.13819,2.83241,42.9628
33.32,5.772,2.11106,2.86619,44.4765
33.34,5.88158,2.08451,2.90038,46.0222
33.36,5.99193,2.05882,2.93496,47.6008
33.38,6.10301,2.03377,2.96995,49.2127
33.4,6.22438,0.925241,2.66934,35.0567
33.42,6.32916,1.01055,2.70118,36.3066
33.44,6.43464,1.09869,2.7334,37.5767
33.46,6.54079,1.18903,2.76601,38.8676
33.48,6.64758,1.28104,2.79901,40.1803
33.5,6.75498,1.37431,2.83241,41.5154
33.52,6.86297,1.46875,2.86619,42.8734
33.54,6.97153,1.56413,2.90038,44.2553
33.56,7.08062,1.66012,2.93496,45.6617
33.58,7.19024,1.75684,2.96995,47.0933
33.6,6.33953,0.855674,2.66934,34.5894
33.62,6.44179,0.90583,2.70118,35.8856
33.64,6.54474,0.958193,2.7334,37.204
33.66,6.64834,1.01241,2.76601,38.5453
33.68,6.75256,1.0682,2.79901,39.9105
33.7,6.8574,1.12531,2.83241,41.3002
33.72,6.96282,1.18356,2.86619,42.7151
33.74,7.0688,1.24276,2.90038,44.1563
33.76,7.17532,1.30282,2.93496,45.6242
33.78,7.28237,1.36364,2.96995,47.1194
33.8,6.81843,1.93933,2.66934,34.4941
33.82,6.91476,1.99095,2.70118,35.8222
33.84,7.0117,2.04297,2.7334,37.1782
33.86,7.10924,2.0953,2.76601,38.5629
33.88,7.20737,2.14791,2.79901,39.9773
33.9,7.30606,2.20081,2.83241,41.4222
33.92,7.40529,2.25401,2.86619,42.8986
33.94,7.50506,2.30742,2.90038,44.4072
33.96,7.60535,2.3612,2.93496,45.9493
33.98,7.70614,2.41519,2.96995,47.5255
34,7.21804,2.52567,2.66934,34.6709
34.02,7.3148,2.58306,2.70118,36.0241
34.04,7.41213,2.64078,2.7334,37.4024
34.06,7.51002,2.69885,2.76601,38.8068
34.08,7.60846,2.75721,2.79901,40.2382
34.1,7.70743,2.81581,2.83241,41.697
34.12,7.80692,2.87461,2.86619,43.1842
34.14,7.9069,2.93374,2.90038,44.7011
34.16,8.00738,2.99307,2.93496,46.2482
34.18,8.10833,3.05267,2.96995,47.8265
34.2,7.23332,2.36772,2.66934,34.5006
34.22,7.32869,2.41389,2.70118,35.8822
34.24,7.42466,2.46047,2.7334,37.2891
34.26,7.52121,2.50748,2.76601,38.7224
34.28,7.61832,2.55488,2.79901,40.183
34.3,7.716,2.60265,2.83241,41.6718
34.32,7.81421,2.65075,2.86619,43.1892
34.34,7.91296,2.69918,2.90038,44.7359
34.36,8.01222,2.74792,2.93496,46.3131
34.38,8.112,2.79699,2.96995,47.9218
34.4,6.68276,1.00382,2.66934,34.1381
34.42,6.77532,0.999653,2.70118,35.4767
34.44,6.86855,0.996925,2.7334,36.8434
34.46,6.96245,0.99564,2.76601,38.239
34.48,7.057,0.995819,2.79901,39.6643
34.5,7.15219,0.997494,2.83241,41.1199
34.52,7.24799,1.00066,2.86619,42.6069
34.54,7.34439,1.0053,2.90038,44.1259
34.56,7.44138,1.01132,2.93496,45.6784
34.58,7.53894,1.01882,2.96995,47.2645
34.6,7.038,1.63992,2.66934,34.4778
34.62,7.13343,1.69749,2.70118,35.817
34.64,7.22946,1.75573,2.7334,37.18
34.66,7.32608,1.81472,2.76601,38.5672
34.68,7.42328,1.87438,2.79901,39.9795
34.7,7.52105,1.93468,2.83241,41.4175
34.72,7.61937,1.99572,2.86619,42.8818
34.74,7.71822,2.05718,2.90038,44.3738
34.76,7.81761,2.11893,2.93496,45.8944
34.78,7.91751,2.18106,2.96995,47.4442
34.8,7.16102,2.29451,2.66934,34.2539
34.82,7.26069,2.37624,2.70118,35.563
34.84,7.36088,2.45775,2.7334,36.8953
34.86,7.46159,2.53935,2.76601,38.2512
34.88,7.5628,2.62104,2.79901,39.6314
34.9,7.66449,2.70277,2.83241,41.0369
34.92,7.76667,2.78445,2.86619,42.4685
34.94,7.8693,2.86607,2.90038,43.927
34.96,7.97239,2.94778,2.93496,45.4131
34.98,8.07593,3.02931,2.96995,46.9279
35,7.53875,3.50249,2.66934,34.0088
35.02,7.64278,3.59391,2.70118,35.304
35.04,7.74722,3.68542,2.7334,36.6215
35.06,7.85208,3.77676,2.76601,37.9625
35.08,7.95733,3.86819,2.79901,39.3273
35.1,8.06297,3.9595,2.83241,40.717
35.12,8.16899,4.05074,2.86619,42.1325
35.14,8.27537,4.14185,2.90038,43.5745
35.16,8.38213,4.23302,2.93496,45.0436
35.18,8.48921,4.32425,2.96995,46.5406
35.2,7.67536,2.96055,2.66934,33.7925
35.22,7.77716,3.01178,2.70118,35.1571
35.24,7.87929,3.06294,2.7334,36.5486
35.26,7.98173,3.1141,2.76601,37.9679
35.28,8.08449,3.16545,2.79901,39.4155
35.3,8.18754,3.2171,2.83241,40.892
35.32,8.29087,3.26881,2.86619,42.3986
35.34,8.39449,3.32042,2.90038,43.9366
35.36,8.49837,3.37206,2.93496,45.5064
35.38,8.60251,3.42384,2.96995,47.1088
35.4,6.89937,1.87004,2.66934,33.9945
35.42,6.99241,1.94976,2.70118,35.6243
35.44,7.08581,2.03104,2.7334,37.333
35.46,7.17962,2.11404,2.76601,39.1224
35.48,7.27381,2.19859,2.79901,40.9942
35.5,7.36838,2.28453,2.83241,42.9499
35.52,7.46332,2.37162,2.86619,44.9907
35.54,7.5586,2.45986,2.90038,47.1188
35.56,7.65422,2.5492,2.93496,49.336
35.58,7.75016,2.63946,2.96995,51.6434
35.6,6.46027,3.02827,2.66934,35.9571
35.62,6.54416,3.12706,2.70118,37.5172
35.64,6.62846,3.22962,2.7334,39.1506
35.66,6.71314,3.33564,2.76601,40.859
35.68,6.79821,3.44477,2.79901,42.644
35.7,6.88364,3.55656,2.83241,44.5074
35.72,6.96942,3.67086,2.86619,46.4508
35.74,7.05554,3.78734,2.90038,48.4757
35.76,7.14198,3.9059,2.93496,50.5844
35.78,7.22873,4.02632,2.96995,52.7782
35.8,7.05129,1.85374,2.66934,37.2118
35.82,7.13662,1.91064,2.70118,38.6334
35.84,7.22224,1.96803,2.7334,40.0845
35.86,7.30814,2.0259,2.76601,41.5662
35.88,7.39431,2.08415,2.79901,43.0793
35.9,7.48074,2.14283,2.83241,44.6249
35.92,7.56742,2.20181,2.86619,46.2038
35.94,7.65433,2.26113,2.90038,47.8171
35.96,7.74147,2.32073,2.93496,49.4655
35.98,7.82883,2.38069,2.96995,51.1507
36,7.00648,0.924424,2.66934,36.3271
36.02,7.09067,0.970545,2.70118,37.6772
36.04,7.17499,1.018,2.7334,39.051
36.06,7.25945,1.06664,2.76601,40.449
36.08,7.34403,1.11659,2.79901,41.8717
36.1,7.42872,1.16737,2.83241,43.3205
36.12,7.51352,1.21872,2.86619,44.7963
36.14,7.59839,1.27085,2.90038,46.2995
36.16,7.68335,1.32341,2.93496,47.8313
36.18,7.76837,1.37633,2.96995,49.3924
36.2,6.60919,1.67341,2.66934,35.1634
36.22,6.68783,1.68293,2.70118,36.5175
36.24,6.76644,1.69262,2.7334,37.8978
36.26,6.84501,1.70251,2.76601,39.3054
36.28,6.92351,1.71262,2.79901,40.7409
36.3,7.00194,1.7229,2.83241,42.2054
36.32,7.08027,1.73326,2.86619,43.6996
36.34,7.15849,1.74367,2.90038,45.2242
36.36,7.23657,1.75416,2.93496,46.78
36.38,7.31449,1.76469,2.96995,48.3677
36.4,7.36705,3.63712,2.66934,35.0118
36.42,7.4445,3.74537,2.70118,36.2668
36.44,7.5217,3.85422,2.7334,37.5446
36.46,7.59864,3.96349,2.76601,38.8458
36.48,7.67528,4.07319,2.79901,40.1713
36.5,7.7516,4.18311,2.83241,41.5217
36.52,7.82755,4.29338,2.86619,42.8977
36.54,7.90309,4.40378,2.90038,44.3
36.56,7.9782,4.51433,2.93496,45.7293
36.58,8.05282,4.62499,2.96995,47.1862
36.6,7.13048,2.65524,2.66934,34.0709
36.62,7.19773,2.71942,2.70118,35.3924
36.64,7.26446,2.78346,2.7334,36.7367
36.66,7.33062,2.84735,2.76601,38.1045
36.68,7.39616,2.91095,2.79901,39.4966
36.7,7.46104,2.97417,2.83241,40.9136
36.72,7.52522,3.03715,2.86619,42.3562
36.74,7.58865,3.09974,2.90038,43.8251
36.76,7.6513,3.16204,2.93496,45.3208
36.78,7.71312,3.22404,2.96995,46.844
36.8,6.78111,1.72198,2.66934,33.7317
36.82,6.83564,1.74146,2.70118,35.0995
36.84,6.88931,1.76077,2.7334,36.496
36.86,6.9421,1.77977,2.76601,37.9219
36.88,6.99397,1.79842,2.79901,39.3781
36.9,7.0449,1.81694,2.83241,40.8651
36.92,7.09486,1.83553,2.86619,42.3833
36.94,7.1438,1.85405,2.90038,43.9334
36.96,7.19168,1.87217,2.93496,45.5166
36.98,7.2385,1.89017,2.96995,47.1329
37,5.91079,0.958497,2.66934,33.9457
37.02,5.94618,1.03478,2.70118,35.4814
37.04,5.98047,1.11108,2.7334,37.0716
37.06,6.01364,1.18716,2.76601,38.717
37.08,6.04568,1.26305,2.79901,40.4185
37.1,6.07657,1.33886,2.83241,42.1776
37.12,6.10628,1.41469,2.86619,43.9955
37.14,6.13484,1.4903,2.90038,45.8727
37.16,6.16224,1.56561,2.93496,47.8098
37.18,6.18847,1.64082,2.96995,49.8084
37.2,5.90987,2.75122,2.66934,35.3229
37.22,5.9247,2.81303,2.70118,36.5503
37.24,5.93811,2.87449,2.7334,37.8034
37.26,5.95013,2.93572,2.76601,39.0832
37.28,5.96074,2.9966,2.79901,40.3905
37.3,5.96994,3.05713,2.83241,41.7266
37.32,5.97775,3.11736,2.86619,43.0923
37.34,5.98419,3.17717,2.90038,44.4886
37.36,5.98925,3.23678,2.93496,45.9169
37.38,5.99294,3.29602,2.96995,47.3776
37.4,5.48719,3.0065,2.66934,36.8327
37.42,5.48254,3.05143,2.70118,38.163
37.44,5.47654,3.09588,2.7334,39.5205
37.46,5.4692,3.13986,2.76601,40.906
37.48,5.46056,3.18354,2.79901,42.3206
37.5,5.45064,3.227,2.83241,43.7653
37.52,5.43946,3.27013,2.86619,45.241
37.54,5.42705,3.31312,2.90038,46.7486
37.56,5.41346,3.35589,2.93496,48.2891
37.58,5.39869,3.3983,2.96995,49.863
37.6,5.19274,2.79179,2.66934,37.3637
37.62,5.17734,2.81068,2.70118,38.6614
37.64,5.16098,2.83013,2.7334,39.9806
37.66,5.14369,2.85,2.76601,41.3218
37.68,5.12552,2.8703,2.79901,42.6856
37.7,5.10652,2.89102,2.83241,44.0728
37.72,5.08673,2.91216,2.86619,45.4839
37.74,5.06615,2.93377,2.90038,46.92
37.76,5.04487,2.95577,2.93496,48.3813
37.78,5.02292,2.97812,2.96995,49.8685
37.8,4.34684,2.02004,2.66934,36.3059
37.82,4.32216,2.05654,2.70118,37.6225
37.84,4.29728,2.09469,2.7334,38.9617
37.86,4.27226,2.13438,2.76601,40.3241
37.88,4.24716,2.17549,2.79901,41.7106
37.9,4.22205,2.21797,2.83241,43.1215
37.92,4.19704,2.26173,2.86619,44.5577
37.94,4.1722,2.30671,2.90038,46.0194
37.96,4.14758,2.35285,2.93496,47.5074
37.98,4.12326,2.40005,2.96995,49.0223
38,3.51272,1.63132,2.66934,34.9279
38.02,3.48411,1.65417,2.70118,36.2744
38.04,3.45644,1.67795,2.7334,37.6446
38.06,3.42981,1.7026,2.76601,39.0393
38.08,3.40433,1.72809,2.79901,40.4589
38.1,3.38017,1.7544,2.83241,41.9042
38.12,3.35745,1.78146,2.86619,43.3762
38.14,3.3363,1.80927,2.90038,44.8753
38.16,3.31685,1.83779,2.93496,46.4021
38.18,3.29923,1.86696,2.96995,47.9576
38.2,3.18708,2.21784,2.66934,34.1456
38.22,3.15886,2.23537,2.70118,35.5219
38.24,3.13252,2.25277,2.7334,36.9261
38.26,3.10824,2.26996,2.76601,38.3589
38.28,3.08618,2.28709,2.79901,39.8214
38.3,3.06648,2.3041,2.83241,41.3142
38.32,3.0493,2.32092,2.86619,42.8379
38.34,3.03478,2.33769,2.90038,44.3935
38.36,3.02307,2.35444,2.93496,45.9821
38.38,3.01431,2.3712,2.96995,47.6047
38.4,2.30464,2.38695,2.66934,34.2904
38.42,2.28505,2.40306,2.70118,35.7857
38.44,2.26989,2.4194,2.7334,37.3221
38.46,2.25938,2.43606,2.76601,38.9006
38.48,2.25375,2.45297,2.79901,40.522
38.5,2.25317,2.47005,2.83241,42.1872
38.52,2.25779,2.48745,2.86619,43.8973
38.54,2.26771,2.50514,2.90038,45.6535
38.56,2.28298,2.52297,2.93496,47.4561
38.58,2.30364,2.54117,2.96995,49.3066
38.6,2.33133,3.00501,2.66934,35.0011
38.62,2.33381,3.0302,2.70118,36.4517
38.64,2.34147,3.05516,2.7334,37.932
38.66,2.35437,3.07994,2.76601,39.443
38.68,2.37254,3.10448,2.79901,40.9855
38.7,2.39599,3.12864,2.83241,42.5599
38.72,2.42467,3.15255,2.86619,44.1673
38.74,2.45852,3.17631,2.90038,45.8089
38.76,2.49743,3.19982,2.93496,47.485
38.78,2.54128,3.22277,2.96995,49.1959
38.8,2.06259,2.40026,2.66934,35.4207
38.82,2.10883,2.39882,2.70118,36.8974
38.84,2.16097,2.39737,2.7334,38.4046
38.86,2.2187,2.39587,2.76601,39.9431
38.88,2.28174,2.39429,2.79901,41.5137
38.9,2.34977,2.39255,2.83241,43.1169
38.92,2.42248,2.39072,2.86619,44.7536
38.94,2.4996,2.38873,2.90038,46.4245
38.96,2.58081,2.38676,2.93496,48.1308
38.98,2.66587,2.38486,2.96995,49.8734
39,2.13996,2.10339,2.66934,35.3543
39.02,2.23231,2.09776,2.70118,36.8259
39.04,2.32857,2.09256,2.7334,38.3281
39.06,2.42839,2.08766,2.76601,39.8612
39.08,2.53147,2.0834,2.79901,41.4268
39.1,2.63754,2.07958,2.83241,43.0251
39.12,2.74636,2.076,2.86619,44.6565
39.14,2.85771,2.07305,2.90038,46.3224
39.16,2.9714,2.07056,2.93496,48.0232
39.18,3.08725,2.06836,2.96995,49.759
39.2,2.40328,2.67547,2.66934,35.1026
39.22,2.51617,2.69053,2.70118,36.5843
39.24,2.63156,2.70568,2.7334,38.0966
39.26,2.74925,2.721,2.76601,39.6404
39.28,2.86905,2.73648,2.79901,41.2165
39.3,2.99077,2.75223,2.83241,42.8259
39.32,3.11429,2.76813,2.86619,44.4692
39.34,3.23947,2.78406,2.90038,46.1468
39.36,3.36618,2.80018,2.93496,47.8599
39.38,3.49434,2.81627,2.96995,49.6086
39.4,3.2991,2.45118,2.66934,35.1685
39.42,3.43848,2.47248,2.70118,36.5901
39.44,3.57884,2.49538,2.7334,38.039
39.46,3.72012,2.51986,2.76601,39.5161
39.48,3.86228,2.54593,2.79901,41.0221
39.5,4.00527,2.57343,2.83241,42.5575
39.52,4.14904,2.60237,2.86619,44.1231
39.54,4.29354,2.63254,2.90038,45.7193
39.56,4.43875,2.66399,2.93496,47.3469
39.58,4.58462,2.69656,2.96995,49.0061
39.6,4.08315,3.5386,2.66934,34.8277
39.62,4.23307,3.59139,2.70118,36.2764
39.64,4.38356,3.64496,2.7334,37.7556
39.66,4.53459,3.69895,2.76601,39.2654
39.68,4.68614,3.75333,2.79901,40.8064
39.7,4.83817,3.80808,2.83241,42.3794
39.72,4.99066,3.86324,2.86619,43.9856
39.74,5.14359,3.91866,2.90038,45.6253
39.76,5.29693,3.97444,2.93496,47.2996
39.78,5.45064,4.03045,2.96995,49.0089
39.8,4.77194,4.51797,2.66934,34.8488
39.82,4.92625,4.58351,2.70118,36.3361
39.84,5.08094,4.64872,2.7334,37.8564
39.86,5.23598,4.71362,2.76601,39.4107
39.88,5.39137,4.77835,2.79901,41.0005
39.9,5.54707,4.84288,2.83241,42.6268
39.92,5.70305,4.90719,2.86619,44.2901
39.94,5.85931,4.97111,2.90038,45.9909
39.96,6.01581,5.03464,2.93496,47.7299
39.98,6.17254,5.09778,2.96995,49.5082
40,4.80463,4.99413,2.66934,35.2204
40.02,4.9547,5.02324,2.70118,36.6282
40.04,5.10503,5.05199,2.7334,38.0751
40.06,5.2556,5.08027,2.76601,39.5618
40.08,5.4064,5.10833,2.79901,41.0907
40.1,5.55741,5.13599,2.83241,42.6624
40.12,5.70861,5.1634,2.86619,44.2788
40.14,5.85998,5.19058,2.90038,45.9414
40.16,6.01151,5.21742,2.93496,47.6509
40.18,6.16317,5.24393,2.96995,49.4087
40.2,5.75812,3.26445,2.66934,36.4217
40.22,5.90778,3.25258,2.70118,37.7859
40.24,6.05756,3.24067,2.7334,39.1761
40.26,6.20745,3.22872,2.76601,40.5933
40.28,6.35744,3.21671,2.79901,42.0384
40.3,6.50751,3.20467,2.83241,43.5122
40.32,6.65764,3.19256,2.86619,45.0154
40.34,6.80783,3.18044,2.90038,46.5492
40.36,6.95806,3.16827,2.93496,48.1143
40.38,7.10832,3.15606,2.96995,49.712
40.4,5.75211,4.59933,2.66934,36.5645
40.42,5.89705,4.6188,2.70118,38.0698
40.44,6.04208,4.63832,2.7334,39.6195
40.46,6.18719,4.65783,2.76601,41.2147
40.48,6.33236,4.67741,2.79901,42.8572
40.5,6.47759,4.6972,2.83241,44.5486
40.52,6.62287,4.71704,2.86619,46.2897
40.54,6.76818,4.73701,2.90038,48.0821
40.56,6.91352,4.75701,2.93496,49.9267
40.58,7.05888,4.77712,2.96995,51.8248
40.6,6.24689,2.01533,2.66934,36.7163
40.62,6.38333,1.97049,2.70118,38.0368
40.64,6.51981,1.92745,2.7334,39.3883
40.66,6.65632,1.88636,2.76601,40.7718
40.68,6.79285,1.84737,2.79901,42.1886
40.7,6.92941,1.81074,2.83241,43.6402
40.72,7.06599,1.77652,2.86619,45.1274
40.74,7.20257,1.74495,2.90038,46.6517
40.76,7.33916,1.71622,2.93496,48.2143
40.78,7.47575,1.69051,2.96995,49.8164
40.8,6.86025,1.47773,2.66934,36.9937
40.82,6.99492,1.4421,2.70118,38.3615
40.84,7.12961,1.40794,2.7334,39.7551
40.86,7.26432,1.37517,2.76601,41.1756
40.88,7.39904,1.34391,2.79901,42.6242
40.9,7.53377,1.3142,2.83241,44.1017
40.92,7.6685,1.28646,2.86619,45.6085
40.94,7.80325,1.26074,2.90038,47.1454
40.96,7.938,1.23684,2.93496,48.714
40.98,8.07275,1.21498,2.96995,50.315
41,7.13396,1.12437,2.66934,36.3814
41.02,7.25774,1.19231,2.70118,37.7617
41.04,7.38159,1.26404,2.7334,39.1765
41.06,7.50552,1.33897,2.76601,40.6272
41.08,7.62951,1.41664,2.79901,42.1148
41.1,7.75358,1.49665,2.83241,43.6408
41.12,7.87772,1.57867,2.86619,45.2064
41.14,8.00193,1.66225,2.90038,46.8122
41.16,8.12621,1.74715,2.93496,48.4598
41.18,8.25057,1.83316,2.96995,50.1501
41.2,7.47253,2.98684,2.66934,36.3379
41.22,7.58691,3.10718,2.70118,37.7798
41.24,7.70143,3.22852,2.7334,39.2623
41.26,7.81608,3.35066,2.76601,40.7868
41.28,7.93088,3.47348,2.79901,42.3547
41.3,8.04581,3.59709,2.83241,43.9673
41.32,8.16088,3.72108,2.86619,45.6255
41.34,8.27608,3.84559,2.90038,47.3308
41.36,8.39141,3.9706,2.93496,49.0845
41.38,8.50686,4.09625,2.96995,50.8886
41.4,7.38808,3.88039,2.66934,36.4796
41.42,7.49249,3.99123,2.70118,38.0467
41.44,7.5971,4.10232,2.7334,39.6571
41.46,7.70192,4.21353,2.76601,41.3118
41.48,7.80692,4.32493,2.79901,43.0122
41.5,7.91212,4.43645,2.83241,44.7597
41.52,8.0175,4.54814,2.86619,46.5556
41.54,8.12306,4.65999,2.90038,48.4012
41.56,8.2288,4.77205,2.93496,50.2981
41.58,8.33471,4.88424,2.96995,52.2473
41.6,7.38194,1.93639,2.66934,36.1995
41.62,7.4828,1.95302,2.70118,37.6177
41.64,7.58386,1.97079,2.7334,39.0618
41.66,7.68512,1.98967,2.76601,40.5329
41.68,7.78657,2.00956,2.79901,42.0316
41.7,7.88821,2.03044,2.83241,43.5587
41.72,7.99003,2.05243,2.86619,45.1155
41.74,8.09202,2.07544,2.90038,46.7027
41.76,8.19418,2.09943,2.93496,48.3212
41.78,8.29651,2.12445,2.96995,49.9721
41.8,6.78618,1.81256,2.66934,35.029
41.82,6.87937,1.78173,2.70118,36.3776
41.84,6.97279,1.75105,2.7334,37.7527
41.86,7.06642,1.72044,2.76601,39.155
41.88,7.16026,1.68969,2.79901,40.5851
41.9,7.2543,1.659,2.83241,42.0441
41.92,7.34853,1.62828,2.86619,43.5328
41.94,7.44296,1.59783,2.90038,45.0526
41.96,7.53757,1.5674,2.93496,46.604
41.98,7.63235,1.53694,2.96995,48.1877
42,6.61101,1.91857,2.66934,34.7318
42.02,6.69708,1.9053,2.70118,36.1251
42.04,6.78337,1.89215,2.7334,37.5464
42.06,6.86989,1.87905,2.76601,38.9965
42.08,6.95661,1.86605,2.79901,40.4765
42.1,7.0431,1.85265,2.83241,41.9871
42.12,7.12892,1.83923,2.86619,43.5312
42.14,7.21404,1.82555,2.90038,45.1091
42.16,7.29844,1.81149,2.93496,46.7211
42.18,7.3821,1.79695,2.96995,48.3676
42.2,6.1208,2.57799,2.66934,34.6768
42.22,6.19317,2.58569,2.70118,36.1215
42.24,6.26482,2.59334,2.7334,37.5992
42.26,6.33575,2.60084,2.76601,39.1105
42.28,6.40594,2.6082,2.79901,40.6559
42.3,6.47539,2.61569,2.83241,42.2368
42.32,6.54408,2.62323,2.86619,43.8536
42.34,6.61307,2.63048,2.90038,45.507
42.36,6.68335,2.63796,2.93496,47.1993
42.38,6.75488,2.64529,2.96995,48.9308
42.4,6.53836,0.854422,2.66934,34.8359
42.42,6.60972,0.893862,2.70118,36.1439
42.44,6.68218,0.940391,2.7334,37.475
42.46,6.75567,0.993069,2.76601,38.8296
42.48,6.83015,1.05096,2.79901,40.2085
42.5,6.90557,1.11318,2.83241,41.6129
42.52,6.98186,1.179,2.86619,43.0433
42.54,7.059,1.24795,2.90038,44.5003
42.56,7.13693,1.31942,2.93496,45.9849
42.58,7.2156,1.39315,2.96995,47.4976
42.6,6.76839,2.17858,2.66934,34.1535
42.62,6.84564,2.28711,2.70118,35.4325
42.64,6.92353,2.39633,2.7334,36.7337
42.66,7.00201,2.50613,2.76601,38.0581
42.68,7.08105,2.61636,2.79901,39.4063
42.7,7.1606,2.72687,2.83241,40.7793
42.72,7.24063,2.83776,2.86619,42.1776
42.74,7.32112,2.94911,2.90038,43.6019
42.76,7.40204,3.06089,2.93496,45.0528
42.78,7.48335,3.17315,2.96995,46.5312
42.8,7.04541,3.2228,2.66934,33.5654
42.82,7.12398,3.33129,2.70118,34.8526
42.84,7.20288,3.44009,2.7334,36.1617
42.86,7.28207,3.54897,2.76601,37.4936
42.88,7.36155,3.65796,2.79901,38.849
42.9,7.44128,3.76726,2.83241,40.2286
42.92,7.52124,3.87663,2.86619,41.6333
42.94,7.60142,3.98613,2.90038,43.0637
42.96,7.68178,4.09569,2.93496,44.5208
42.98,7.76232,4.20549,2.96995,46.0051
43,6.67605,1.81841,2.66934,33.2598
43.02,6.74914,1.84847,2.70118,34.6026
43.04,6.82237,1.87833,2.7334,35.9747
43.06,6.89572,1.90824,2.76601,37.3767
43.08,6.96917,1.93825,2.79901,38.8093
43.1,7.04269,1.96799,2.83241,40.274
43.12,7.11628,1.99762,2.86619,41.7713
43.14,7.18993,2.02726,2.90038,43.3022
43.16,7.2636,2.05698,2.93496,44.8672
43.18,7.33729,2.08642,2.96995,46.4678
43.2,6.61554,1.71588,2.66934,33.7132
43.22,6.68424,1.73333,2.70118,35.1082
43.24,6.75289,1.75068,2.7334,36.5338
43.26,6.82149,1.76807,2.76601,37.9907
43.28,6.89001,1.78536,2.79901,39.4799
43.3,6.95844,1.80255,2.83241,41.0024
43.32,7.02677,1.81984,2.86619,42.5586
43.34,7.09497,1.83717,2.90038,44.1494
43.36,7.16304,1.85434,2.93496,45.7762
43.38,7.23095,1.87138,2.96995,47.4396
43.4,6.10871,0.201459,2.66934,34.3957
43.42,6.16841,0.259545,2.70118,35.8539
43.44,6.22783,0.317973,2.7334,37.357
43.46,6.28695,0.376546,2.76601,38.9061
43.48,6.34575,0.434982,2.79901,40.5018
43.5,6.40419,0.493389,2.83241,42.1451
43.52,6.46227,0.551649,2.86619,43.8368
43.54,6.51995,0.609828,2.90038,45.5783
43.56,6.5772,0.66782,2.93496,47.3696
43.58,6.63399,0.725775,2.96995,49.2124
43.6,5.80525,1.7624,2.66934,35.6843
43.62,5.85422,1.85508,2.70118,37.1838
43.64,5.90256,1.94759,2.7334,38.7266
43.66,5.95022,2.04009,2.76601,40.3145
43.68,5.9972,2.13252,2.79901,41.9482
43.7,6.04345,2.22476,2.83241,43.6287
43.72,6.08894,2.31685,2.86619,45.357
43.74,6.13366,2.40871,2.90038,47.1339
43.76,6.17755,2.50041,2.93496,48.9601
43.78,6.22061,2.59195,2.96995,50.8369
43.8,5.03748,2.06183,2.66934,36.3371
43.82,5.07214,2.12022,2.70118,37.9595
43.84,5.106,2.17844,2.7334,39.6284
43.86,5.13905,2.23645,2.76601,41.3448
43.88,5.17126,2.29422,2.79901,43.1097
43.9,5.20265,2.35196,2.83241,44.9246
43.92,5.23319,2.40959,2.86619,46.7904
43.94,5.26285,2.467,2.90038,48.7078
43.96,5.29162,2.52434,2.93496,50.6783
43.98,5.31948,2.58144,2.96995,52.7021
44,5.5836,2.42617,2.66934,36.0739
44.02,5.61499,2.53493,2.70118,37.3593
44.04,5.64564,2.64373,2.7334,38.6654
44.06,5.67552,2.75222,2.76601,39.9933
44.08,5.70464,2.86059,2.79901,41.3434
44.1,5.73299,2.96884,2.83241,42.7162
44.12,5.76056,3.07658,2.86619,44.113
44.14,5.78736,3.18394,2.90038,45.5342
44.16,5.81337,3.29088,2.93496,46.9803
44.18,5.83863,3.39748,2.96995,48.4518
44.2,4.738,1.36089,2.66934,34.3518
44.22,4.75793,1.38568,2.70118,35.742
44.24,4.7774,1.41073,2.7334,37.158
44.26,4.79641,1.43591,2.76601,38.6006
44.28,4.81499,1.46119,2.79901,40.0704
44.3,4.83319,1.48668,2.83241,41.5681
44.32,4.85101,1.51236,2.86619,43.0942
44.34,4.86848,1.53823,2.90038,44.6495
44.36,4.88563,1.56412,2.93496,46.2348
44.38,4.90251,1.59005,2.96995,47.8508
44.4,4.24423,0.857707,2.66934,34.1972
44.42,4.25617,0.859503,2.70118,35.6143
44.44,4.2681,0.861276,2.7334,37.0601
44.46,4.28009,0.862978,2.76601,38.5355
44.48,4.29217,0.864663,2.79901,40.0414
44.5,4.30438,0.866149,2.83241,41.5788
44.52,4.31676,0.867547,2.86619,43.1483
44.54,4.32939,0.868849,2.90038,44.7507
44.56,4.3423,0.870171,2.93496,46.3867
44.58,4.35555,0.871402,2.96995,48.0571
44.6,3.19728,2.69255,2.66934,34.6005
44.62,3.21416,2.7727,2.70118,36.1643
44.64,3.23244,2.85253,2.7334,37.777
44.66,3.25218,2.93181,2.76601,39.4392
44.68,3.27346,3.0108,2.79901,41.1524
44.7,3.29635,3.08951,2.83241,42.9179
44.72,3.32088,3.16794,2.86619,44.7366
44.74,3.34712,3.24607,2.90038,46.6097
44.76,3.37513,3.32394,2.93496,48.5383
44.78,3.40496,3.4015,2.96995,50.5232
44.8,3.33706,1.26656,2.66934,35.5016
44.82,3.36917,1.27834,2.70118,36.9279
44.84,3.40329,1.29028,2.7334,38.3789
44.86,3.43945,1.30224,2.76601,39.856
44.88,3.47768,1.3142,2.79901,41.3596
44.9,3.518,1.32619,2.83241,42.891
44.92,3.56043,1.33819,2.86619,44.4507
44.94,3.60498,1.35004,2.90038,46.0404
44.96,3.65165,1.36189,2.93496,47.66
44.98,3.70045,1.37375,2.96995,49.3105
