time,numerical_0,numerical_1,exact_0,exact_1
0.00000000,1.00000000,0.00000000,1.00000000,-0.00000000
0.01000000,0.99980001,-0.03999733,0.99980001,-0.03999733
0.02000000,0.99920011,-0.07997867,0.99920011,-0.07997867
0.03000000,0.99820054,-0.11992801,0.99820054,-0.11992801
0.04000000,0.99680171,-0.15982939,0.99680171,-0.15982939
0.05000000,0.99500417,-0.19966683,0.99500417,-0.19966683
0.06000000,0.99280864,-0.23942441,0.99280864,-0.23942441
0.07000000,0.99021600,-0.27908623,0.99021600,-0.27908623
0.08000000,0.98722728,-0.31863641,0.98722728,-0.31863641
0.09000000,0.98384369,-0.35805915,0.98384369,-0.35805915
0.10000000,0.98006658,-0.39733866,0.98006658,-0.39733866
0.11000000,0.97589745,-0.43645925,0.97589745,-0.43645925
0.12000000,0.97133797,-0.47540525,0.97133797,-0.47540525
0.13000000,0.96638998,-0.51416110,0.96638998,-0.51416110
0.14000000,0.96105544,-0.55271130,0.96105544,-0.55271130
0.15000000,0.95533649,-0.59104041,0.95533649,-0.59104041
0.16000000,0.94923542,-0.62913312,0.94923542,-0.62913312
0.17000000,0.94275467,-0.66697418,0.94275467,-0.66697418
0.18000000,0.93589682,-0.70454847,0.93589682,-0.70454847
0.19000000,0.92866464,-0.74184094,0.92866464,-0.74184094
0.20000000,0.92106099,-0.77883668,0.92106099,-0.77883668
0.21000000,0.91308894,-0.81552091,0.91308894,-0.81552091
0.22000000,0.90475166,-0.85187893,0.90475166,-0.85187893
0.23000000,0.89605250,-0.88789621,0.89605250,-0.88789621
0.24000000,0.88699492,-0.92355835,0.88699492,-0.92355835
0.25000000,0.87758256,-0.95885108,0.87758256,-0.95885108
0.26000000,0.86781918,-0.99376027,0.86781918,-0.99376028
0.27000000,0.85770868,-1.02827198,0.85770868,-1.02827198
0.28000000,0.84725511,-1.06237239,0.84725511,-1.06237240
0.29000000,0.83646265,-1.09604787,0.83646265,-1.09604787
0.30000000,0.82533562,-1.12928495,0.82533561,-1.12928495
0.31000000,0.81387846,-1.16207032,0.81387846,-1.16207032
0.32000000,0.80209576,-1.19439088,0.80209576,-1.19439088
0.33000000,0.78999223,-1.22623370,0.78999223,-1.22623370
0.34000000,0.77757272,-1.25758605,0.77757272,-1.25758605
0.35000000,0.76484219,-1.28843537,0.76484219,-1.28843537
0.36000000,0.75180573,-1.31876934,0.75180573,-1.31876934
0.37000000,0.73846856,-1.34857582,0.73846856,-1.34857582
0.38000000,0.72483601,-1.37784289,0.72483601,-1.37784289
0.39000000,0.71091354,-1.40655884,0.71091354,-1.40655884
0.40000000,0.69670671,-1.43471218,0.69670671,-1.43471218
0.41000000,0.68222121,-1.46229166,0.68222121,-1.46229166
0.42000000,0.66746283,-1.48928624,0.66746283,-1.48928624
0.43000000,0.65243747,-1.51568512,0.65243747,-1.51568513
0.44000000,0.63715115,-1.54147776,0.63715114,-1.54147776
0.45000000,0.62160997,-1.56665382,0.62160997,-1.56665382
0.46000000,0.60582016,-1.59120324,0.60582016,-1.59120324
0.47000000,0.58978803,-1.61511620,0.58978803,-1.61511620
0.48000000,0.57351999,-1.63838314,0.57351999,-1.63838314
0.49000000,0.55702255,-1.66099474,0.55702255,-1.66099474
0.50000000,0.54030231,-1.68294197,0.54030231,-1.68294197
0.51000000,0.52336595,-1.70421604,0.52336595,-1.70421604
0.52000000,0.50622026,-1.72480845,0.50622026,-1.72480845
0.53000000,0.48887208,-1.74471096,0.48887208,-1.74471096
0.54000000,0.47132837,-1.76391561,0.47132836,-1.76391561
0.55000000,0.45359612,-1.78241472,0.45359612,-1.78241472
0.56000000,0.43568245,-1.80020088,0.43568245,-1.80020088
0.57000000,0.41759451,-1.81726699,0.41759450,-1.81726699
0.58000000,0.39933953,-1.83360622,0.39933953,-1.83360622
0.59000000,0.38092483,-1.84921202,0.38092482,-1.84921202
0.60000000,0.36235776,-1.86407817,0.36235775,-1.86407817
0.61000000,0.34364575,-1.87819871,0.34364575,-1.87819871
0.62000000,0.32479629,-1.89156800,0.32479628,-1.89156800
0.63000000,0.30581691,-1.90418068,0.30581691,-1.90418068
0.64000000,0.28671521,-1.91603172,0.28671521,-1.91603172
0.65000000,0.26749883,-1.92711637,0.26749883,-1.92711637
0.66000000,0.24817545,-1.93743020,0.24817545,-1.93743020
0.67000000,0.22875281,-1.94696908,0.22875281,-1.94696908
0.68000000,0.20923867,-1.95572920,0.20923867,-1.95572920
0.69000000,0.18964083,-1.96370706,0.18964083,-1.96370706
0.70000000,0.16996714,-1.97089946,0.16996714,-1.97089946
0.71000000,0.15022547,-1.97730353,0.15022547,-1.97730353
0.72000000,0.13042371,-1.98291670,0.13042371,-1.98291670
0.73000000,0.11056978,-1.98773673,0.11056978,-1.98773673
0.74000000,0.09067163,-1.99176169,0.09067162,-1.99176169
0.75000000,0.07073720,-1.99498997,0.07073720,-1.99498997
0.76000000,0.05077449,-1.99742029,0.05077448,-1.99742029
0.77000000,0.03079146,-1.99905166,0.03079146,-1.99905166
0.78000000,0.01079612,-1.99988344,0.01079612,-1.99988344
0.79000000,-0.00920354,-1.99991529,-0.00920354,-1.99991529
0.80000000,-0.02919952,-1.99914721,-0.02919952,-1.99914721
0.81000000,-0.04918382,-1.99757949,-0.04918382,-1.99757949
0.82000000,-0.06914845,-1.99521276,-0.06914845,-1.99521276
0.83000000,-0.08908541,-1.99204798,-0.08908542,-1.99204798
0.84000000,-0.10898675,-1.98808640,-0.10898675,-1.98808640
0.85000000,-0.12884449,-1.98332962,-0.12884449,-1.98332962
0.86000000,-0.14865070,-1.97777953,-0.14865070,-1.97777953
0.87000000,-0.16839745,-1.97143836,-0.16839745,-1.97143836
0.88000000,-0.18807684,-1.96430864,-0.18807684,-1.96430863
0.89000000,-0.20768100,-1.95639321,-0.20768100,-1.95639321
0.90000000,-0.22720209,-1.94769526,-0.22720209,-1.94769526
0.91000000,-0.24663231,-1.93821826,-0.24663231,-1.93821826
0.92000000,-0.26596387,-1.92796599,-0.26596388,-1.92796599
0.93000000,-0.28518906,-1.91694257,-0.28518906,-1.91694257
0.94000000,-0.30430017,-1.90515239,-0.30430017,-1.90515239
0.95000000,-0.32328956,-1.89260018,-0.32328957,-1.89260018
0.96000000,-0.34214965,-1.87929095,-0.34214965,-1.87929095
0.97000000,-0.36087288,-1.86523003,-0.36087288,-1.86523003
0.98000000,-0.37945176,-1.85042304,-0.37945176,-1.85042304
0.99000000,-0.39787887,-1.83487591,-0.39787887,-1.83487591
1.00000000,-0.41614683,-1.81859486,-0.41614684,-1.81859485
1.01000000,-0.43424834,-1.80158639,-0.43424835,-1.80158638
1.02000000,-0.45217616,-1.78385730,-0.45217616,-1.78385730
1.03000000,-0.46992311,-1.76541470,-0.46992311,-1.76541470
1.04000000,-0.48748210,-1.74626596,-0.48748210,-1.74626596
1.05000000,-0.50484610,-1.72641874,-0.50484610,-1.72641873
1.06000000,-0.52200817,-1.70588097,-0.52200818,-1.70588096
1.07000000,-0.53896145,-1.68466087,-0.53896145,-1.68466086
1.08000000,-0.55569914,-1.66276692,-0.55569915,-1.66276692
1.09000000,-0.57221457,-1.64020790,-0.57221457,-1.64020790
1.10000000,-0.58850111,-1.61699281,-0.58850112,-1.61699281
1.11000000,-0.60455227,-1.59313095,-0.60455227,-1.59313094
1.12000000,-0.62036161,-1.56863185,-0.62036161,-1.56863185
1.13000000,-0.63592281,-1.54350533,-0.63592282,-1.54350532
1.14000000,-0.65122966,-1.51776142,-0.65122966,-1.51776142
1.15000000,-0.66627602,-1.49141043,-0.66627602,-1.49141042
1.16000000,-0.68105588,-1.46446289,-0.68105588,-1.46446289
1.17000000,-0.69556332,-1.43692959,-0.69556333,-1.43692959
1.18000000,-0.70979255,-1.40882154,-0.70979256,-1.40882153
1.19000000,-0.72373788,-1.38014997,-0.72373788,-1.38014997
1.20000000,-0.73739371,-1.35092637,-0.73739372,-1.35092636
1.21000000,-0.75075460,-1.32116241,-0.75075460,-1.32116240
1.22000000,-0.76381520,-1.29087000,-0.76381520,-1.29087000
1.23000000,-0.77657028,-1.26006127,-0.77657028,-1.26006126
1.24000000,-0.78901475,-1.22874852,-0.78901475,-1.22874852
1.25000000,-0.80114361,-1.19694429,-0.80114362,-1.19694429
1.26000000,-0.81295204,-1.16466130,-0.81295204,-1.16466130
1.27000000,-0.82443529,-1.13191247,-0.82443529,-1.13191246
1.28000000,-0.83558878,-1.09871088,-0.83558878,-1.09871087
1.29000000,-0.84640804,-1.06506982,-0.84640804,-1.06506982
1.30000000,-0.85688875,-1.03100275,-0.85688875,-1.03100274
1.31000000,-0.86702672,-0.99652329,-0.86702672,-0.99652328
1.32000000,-0.87681789,-0.96164524,-0.87681789,-0.96164523
1.33000000,-0.88625834,-0.92638254,-0.88625834,-0.92638253
1.34000000,-0.89534430,-0.89074930,-0.89534431,-0.89074929
1.35000000,-0.90407214,-0.85475977,-0.90407214,-0.85475976
1.36000000,-0.91243836,-0.81842835,-0.91243836,-0.81842834
1.37000000,-0.92043962,-0.78176956,-0.92043962,-0.78176956
1.38000000,-0.92807271,-0.74479809,-0.92807271,-0.74479808
1.39000000,-0.93533458,-0.70752870,-0.93533459,-0.70752869
1.40000000,-0.94222234,-0.66997631,-0.94222234,-0.66997630
1.41000000,-0.94873322,-0.63215594,-0.94873322,-0.63215593
1.42000000,-0.95486462,-0.59408271,-0.95486462,-0.59408270
1.43000000,-0.96061408,-0.55577186,-0.96061408,-0.55577185
1.44000000,-0.96597931,-0.51723871,-0.96597931,-0.51723870
1.45000000,-0.97095816,-0.47849867,-0.97095817,-0.47849866
1.46000000,-0.97554865,-0.43956723,-0.97554865,-0.43956722
1.47000000,-0.97974892,-0.40045998,-0.97974892,-0.40045997
1.48000000,-0.98355731,-0.36119254,-0.98355731,-0.36119254
1.49000000,-0.98697229,-0.32178064,-0.98697229,-0.32178063
1.50000000,-0.98999250,-0.28224002,-0.98999250,-0.28224002
1.51000000,-0.99261672,-0.24258652,-0.99261672,-0.24258651
1.52000000,-0.99484390,-0.20283598,-0.99484390,-0.20283597
1.53000000,-0.99667317,-0.16300431,-0.99667317,-0.16300430
1.54000000,-0.99810377,-0.12310744,-0.99810377,-0.12310743
1.55000000,-0.99913515,-0.08316133,-0.99913515,-0.08316132
1.56000000,-0.99976689,-0.04318196,-0.99976689,-0.04318195
1.57000000,-0.99999873,-0.00318531,-0.99999873,-0.00318531
1.58000000,-0.99983059,0.03681261,-0.99983059,0.03681261
1.59000000,-0.99926253,0.07679580,-0.99926253,0.07679581
1.60000000,-0.99829478,0.11674828,-0.99829478,0.11674829
1.61000000,-0.99692772,0.15665406,-0.99692772,0.15665407
1.62000000,-0.99516190,0.19649718,-0.99516190,0.19649719
1.63000000,-0.99299804,0.23626170,-0.99299804,0.23626171
1.64000000,-0.99043698,0.27593173,-0.99043698,0.27593173
1.65000000,-0.98747977,0.31549138,-0.98747977,0.31549139
1.66000000,-0.98412758,0.35492484,-0.98412758,0.35492485
1.67000000,-0.98038175,0.39421634,-0.98038175,0.39421635
1.68000000,-0.97624378,0.43335015,-0.97624378,0.43335016
1.69000000,-0.97171532,0.47231063,-0.97171532,0.47231064
1.70000000,-0.96679819,0.51108220,-0.96679819,0.51108220
1.71000000,-0.96149436,0.54964933,-0.96149436,0.54964934
1.72000000,-0.95580594,0.58799662,-0.95580594,0.58799662
1.73000000,-0.94973521,0.62610871,-0.94973521,0.62610872
1.74000000,-0.94328460,0.66397037,-0.94328460,0.66397038
1.75000000,-0.93645669,0.70156645,-0.93645669,0.70156646
1.76000000,-0.92925421,0.73888191,-0.92925421,0.73888192
1.77000000,-0.92168004,0.77590183,-0.92168003,0.77590184
1.78000000,-0.91373720,0.81261140,-0.91373720,0.81261140
1.79000000,-0.90542889,0.84899593,-0.90542889,0.84899594
1.80000000,-0.89675842,0.88504088,-0.89675842,0.88504089
1.81000000,-0.88772925,0.92073182,-0.88772925,0.92073183
1.82000000,-0.87834501,0.95605448,-0.87834501,0.95605449
1.83000000,-0.86860944,0.99099474,-0.86860944,0.99099475
1.84000000,-0.85852644,1.02553861,-0.85852643,1.02553861
1.85000000,-0.84810003,1.05967227,-0.84810003,1.05967228
1.86000000,-0.83733440,1.09338209,-0.83733440,1.09338209
1.87000000,-0.82623385,1.12665456,-0.82623385,1.12665457
1.88000000,-0.81480281,1.15947639,-0.81480281,1.15947640
1.89000000,-0.80304587,1.19183444,-0.80304587,1.19183445
1.90000000,-0.79096771,1.22371577,-0.79096771,1.22371578
1.91000000,-0.77857318,1.25510764,-0.77857318,1.25510765
1.92000000,-0.76586724,1.28599748,-0.76586723,1.28599748
1.93000000,-0.75285495,1.31637293,-0.75285495,1.31637294
1.94000000,-0.73954153,1.34622186,-0.73954153,1.34622186
1.95000000,-0.72593231,1.37553231,-0.72593230,1.37553232
1.96000000,-0.71203272,1.40429257,-0.71203272,1.40429258
1.97000000,-0.69784833,1.43249113,-0.69784833,1.43249114
1.98000000,-0.68338481,1.46011671,-0.68338480,1.46011672
1.99000000,-0.66864794,1.48715827,-0.66864794,1.48715828
2.00000000,-0.65364362,1.51360498,-0.65364362,1.51360499
2.01000000,-0.63837786,1.53944627,-0.63837786,1.53944628
2.02000000,-0.62285675,1.56467181,-0.62285675,1.56467181
2.03000000,-0.60708651,1.58927149,-0.60708651,1.58927150
2.04000000,-0.59107344,1.61323549,-0.59107344,1.61323550
2.05000000,-0.57482395,1.63655422,-0.57482395,1.63655422
2.06000000,-0.55834454,1.65921834,-0.55834453,1.65921835
2.07000000,-0.54164180,1.68121880,-0.54164179,1.68121881
2.08000000,-0.52472240,1.70254680,-0.52472240,1.70254680
2.09000000,-0.50759313,1.72319379,-0.50759313,1.72319380
2.10000000,-0.49026083,1.74315154,-0.49026082,1.74315154
2.11000000,-0.47273242,1.76241205,-0.47273242,1.76241205
2.12000000,-0.45501494,1.78096761,-0.45501493,1.78096762
2.13000000,-0.43711545,1.79881081,-0.43711544,1.79881082
2.14000000,-0.41904112,1.81593452,-0.41904111,1.81593452
2.15000000,-0.40079918,1.83233187,-0.40079917,1.83233187
2.16000000,-0.38239692,1.84799631,-0.38239692,1.84799632
2.17000000,-0.36384172,1.86292158,-0.36384171,1.86292159
2.18000000,-0.34514098,1.87710171,-0.34514097,1.87710171
2.19000000,-0.32630218,1.89053102,-0.32630218,1.89053102
2.20000000,-0.30733288,1.90320414,-0.30733287,1.90320415
2.21000000,-0.28824064,1.91511601,-0.28824063,1.91511601
2.22000000,-0.26903311,1.92626186,-0.26903310,1.92626186
2.23000000,-0.24971797,1.93663723,-0.24971796,1.93663723
2.24000000,-0.23030295,1.94623796,-0.23030294,1.94623797
2.25000000,-0.21079581,1.95506023,-0.21079580,1.95506024
2.26000000,-0.19120435,1.96310050,-0.19120434,1.96310051
2.27000000,-0.17153641,1.97035556,-0.17153641,1.97035556
2.28000000,-0.15179986,1.97682250,-0.15179986,1.97682250
2.29000000,-0.13200260,1.98249874,-0.13200259,1.98249874
2.30000000,-0.11215253,1.98738201,-0.11215253,1.98738201
2.31000000,-0.09225761,1.99147034,-0.09225760,1.99147035
2.32000000,-0.07232578,1.99476212,-0.07232578,1.99476212
2.33000000,-0.05236503,1.99725602,-0.05236502,1.99725602
2.34000000,-0.03238332,1.99895105,-0.03238332,1.99895105
2.35000000,-0.01238867,1.99984651,-0.01238866,1.99984652
2.36000000,0.00761094,1.99994207,0.00761095,1.99994207
2.37000000,0.02760751,1.99923768,0.02760751,1.99923768
2.38000000,0.04759303,1.99773362,0.04759303,1.99773362
2.39000000,0.06755951,1.99543049,0.06755952,1.99543049
2.40000000,0.08749898,1.99232922,0.08749898,1.99232922
2.41000000,0.10740344,1.98843104,0.10740345,1.98843104
2.42000000,0.12726495,1.98373752,0.12726495,1.98373751
2.43000000,0.14707555,1.97825052,0.14707555,1.97825052
2.44000000,0.16682732,1.97197226,0.16682733,1.97197225
2.45000000,0.18651236,1.96490523,0.18651237,1.96490523
2.46000000,0.20612280,1.95705226,0.20612281,1.95705226
2.47000000,0.22565080,1.94841650,0.22565081,1.94841650
2.48000000,0.24508854,1.93900140,0.24508854,1.93900140
2.49000000,0.26442824,1.92881073,0.26442825,1.92881072
2.50000000,0.28366218,1.91784855,0.28366219,1.91784855
2.51000000,0.30278266,1.90611927,0.30278266,1.90611926
2.52000000,0.32178202,1.89362756,0.32178203,1.89362755
2.53000000,0.34065268,1.88037842,0.34065269,1.88037842
2.54000000,0.35938708,1.86637716,0.35938709,1.86637715
2.55000000,0.37797774,1.85162937,0.37797774,1.85162936
2.56000000,0.39641720,1.83614095,0.39641721,1.83614095
2.57000000,0.41469811,1.81991811,0.41469811,1.81991810
2.58000000,0.43281314,1.80296732,0.43281314,1.80296731
2.59000000,0.45075505,1.78529536,0.45075506,1.78529536
2.60000000,0.46851667,1.76690932,0.46851667,1.76690931
2.61000000,0.48609088,1.74781653,0.48609089,1.74781652
2.62000000,0.50347067,1.72802464,0.50347067,1.72802463
2.63000000,0.52064907,1.70754156,0.52064907,1.70754156
2.64000000,0.53761922,1.68637549,0.53761923,1.68637548
2.65000000,0.55437433,1.66453489,0.55437434,1.66453488
2.66000000,0.57090770,1.64202850,0.57090770,1.64202849
2.67000000,0.58721271,1.61886532,0.58721272,1.61886531
2.68000000,0.60328285,1.59505462,0.60328285,1.59505461
2.69000000,0.61911168,1.57060591,0.61911168,1.57060590
2.70000000,0.63469287,1.54552898,0.63469288,1.54552898
2.71000000,0.65002020,1.51983387,0.65002020,1.51983386
2.72000000,0.66508752,1.49353084,0.66508753,1.49353083
2.73000000,0.67988882,1.46663041,0.67988883,1.46663040
2.74000000,0.69441817,1.43914336,0.69441818,1.43914335
2.75000000,0.70866977,1.41108066,0.70866977,1.41108065
2.76000000,0.72263791,1.38245355,0.72263791,1.38245354
2.77000000,0.73631700,1.35327348,0.73631700,1.35327347
2.78000000,0.74970157,1.32355212,0.74970158,1.32355211
2.79000000,0.76278627,1.29330136,0.76278628,1.29330134
2.80000000,0.77556587,1.26253329,0.77556588,1.26253328
2.81000000,0.78803526,1.23126022,0.78803526,1.23126021
2.82000000,0.80018944,1.19949467,0.80018944,1.19949466
2.83000000,0.81202355,1.16724933,0.81202356,1.16724932
2.84000000,0.82353287,1.13453712,0.82353287,1.13453710
2.85000000,0.83471278,1.10137110,0.83471278,1.10137109
2.86000000,0.84555882,1.06776455,0.84555882,1.06776453
2.87000000,0.85606665,1.03373090,0.85606665,1.03373089
2.88000000,0.86623206,0.99928378,0.86623206,0.99928377
2.89000000,0.87605099,0.96443696,0.87605099,0.96443694
2.90000000,0.88551951,0.92920437,0.88551952,0.92920436
2.91000000,0.89463384,0.89360012,0.89463384,0.89360010
2.92000000,0.90339032,0.85763844,0.90339033,0.85763842
2.93000000,0.91178546,0.82133371,0.91178547,0.82133370
2.94000000,0.91981590,0.78470046,0.91981591,0.78470045
2.95000000,0.92747843,0.74775334,0.92747843,0.74775333
2.96000000,0.93476997,0.71050713,0.93476998,0.71050712
2.97000000,0.94168762,0.67297673,0.94168763,0.67297672
2.98000000,0.94822861,0.63517715,0.94822861,0.63517713
2.99000000,0.95439032,0.59712350,0.95439032,0.59712348
3.00000000,0.96017028,0.55883101,0.96017029,0.55883100
3.01000000,0.96556619,0.52031500,0.96556620,0.52031498
3.02000000,0.97057589,0.48159087,0.97057589,0.48159085
3.03000000,0.97519737,0.44267410,0.97519737,0.44267409
3.04000000,0.97942878,0.40358028,0.97942878,0.40358026
3.05000000,0.98326844,0.36432502,0.98326844,0.36432501
3.06000000,0.98671480,0.32492405,0.98671480,0.32492403
3.07000000,0.98976648,0.28539310,0.98976649,0.28539309
3.08000000,0.99242228,0.24574801,0.99242228,0.24574799
3.09000000,0.99468112,0.20600461,0.99468112,0.20600460
3.10000000,0.99654210,0.16617882,0.99654210,0.16617881
3.11000000,0.99800447,0.12628656,0.99800447,0.12628654
3.12000000,0.99906766,0.08634379,0.99906766,0.08634377
3.13000000,0.99973123,0.04636648,0.99973123,0.04636646
3.14000000,0.99999493,0.00637062,0.99999493,0.00637060
3.15000000,0.99985864,-0.03362778,0.99985864,-0.03362780
3.16000000,0.99932242,-0.07361274,0.99932242,-0.07361275
3.17000000,0.99838648,-0.11356825,0.99838648,-0.11356826
3.18000000,0.99705120,-0.15347833,0.99705120,-0.15347835
3.19000000,0.99531712,-0.19332703,0.99531712,-0.19332704
3.20000000,0.99318492,-0.23309839,0.99318492,-0.23309841
3.21000000,0.99065546,-0.27277652,0.99065546,-0.27277654
3.22000000,0.98772975,-0.31234555,0.98772975,-0.31234556
3.23000000,0.98440897,-0.35178964,0.98440896,-0.35178965
3.24000000,0.98069443,-0.39109301,0.98069443,-0.39109303
3.25000000,0.97658763,-0.43023996,0.97658763,-0.43023998
3.26000000,0.97209020,-0.46921481,0.97209020,-0.46921483
3.27000000,0.96720396,-0.50800199,0.96720395,-0.50800201
3.28000000,0.96193084,-0.54658597,0.96193084,-0.54658599
3.29000000,0.95627297,-0.58495133,0.95627296,-0.58495134
3.30000000,0.95023259,-0.62308271,0.95023259,-0.62308273
3.31000000,0.94381214,-0.66096487,0.94381214,-0.66096488
3.32000000,0.93701418,-0.69858265,0.93701418,-0.69858266
3.33000000,0.92984142,-0.73592100,0.92984142,-0.73592102
3.34000000,0.92229674,-0.77296500,0.92229674,-0.77296502
3.35000000,0.91438315,-0.80969982,0.91438315,-0.80969984
3.36000000,0.90610382,-0.84611078,0.90610382,-0.84611079
3.37000000,0.89746206,-0.88218330,0.89746206,-0.88218331
3.38000000,0.88846133,-0.91790296,0.88846133,-0.91790297
3.39000000,0.87910523,-0.95325547,0.87910522,-0.95325548
3.40000000,0.86939749,-0.98822669,0.86939749,-0.98822670
3.41000000,0.85934201,-1.02280263,0.85934201,-1.02280264
3.42000000,0.84894281,-1.05696946,0.84894280,-1.05696948
3.43000000,0.83820403,-1.09071353,0.83820403,-1.09071354
3.44000000,0.82712999,-1.12402132,0.82712998,-1.12402133
3.45000000,0.81572511,-1.15687951,0.81572510,-1.15687953
3.46000000,0.80399394,-1.18927497,0.80399394,-1.18927499
3.47000000,0.79194119,-1.22119474,0.79194119,-1.22119476
3.48000000,0.77957168,-1.25262605,0.77957167,-1.25262606
3.49000000,0.76689034,-1.28355632,0.76689033,-1.28355633
3.50000000,0.75390226,-1.31397318,0.75390225,-1.31397320
3.51000000,0.74061263,-1.34386448,0.74061262,-1.34386449
3.52000000,0.72702676,-1.37321824,0.72702676,-1.37321826
3.53000000,0.71315010,-1.40202274,0.71315009,-1.40202275
3.54000000,0.69898818,-1.43026645,0.69898817,-1.43026646
3.55000000,0.68454667,-1.45793807,0.68454667,-1.45793808
3.56000000,0.66983136,-1.48502653,0.66983135,-1.48502654
3.57000000,0.65484812,-1.51152100,0.65484812,-1.51152102
3.58000000,0.63960296,-1.53741089,0.63960295,-1.53741090
3.59000000,0.62410195,-1.56268583,0.62410195,-1.56268584
3.60000000,0.60835132,-1.58733572,0.60835131,-1.58733573
3.61000000,0.59235736,-1.61135069,0.59235735,-1.61135070
3.62000000,0.57612646,-1.63472115,0.57612645,-1.63472116
3.63000000,0.55966511,-1.65743773,0.55966511,-1.65743774
3.64000000,0.54297991,-1.67949137,0.54297990,-1.67949138
3.65000000,0.52607753,-1.70087323,0.52607752,-1.70087324
3.66000000,0.50896472,-1.72157477,0.50896471,-1.72157478
3.67000000,0.49164833,-1.74158769,0.49164832,-1.74158770
3.68000000,0.47413528,-1.76090401,0.47413527,-1.76090402
3.69000000,0.45643259,-1.77951599,0.45643258,-1.77951600
3.70000000,0.43854734,-1.79741618,0.43854733,-1.79741619
3.71000000,0.42048667,-1.81459744,0.42048666,-1.81459744
3.72000000,0.40225781,-1.83105287,0.40225780,-1.83105288
3.73000000,0.38386805,-1.84677591,0.38386804,-1.84677592
3.74000000,0.36532475,-1.86176027,0.36532474,-1.86176028
3.75000000,0.34663533,-1.87599995,0.34663532,-1.87599995
3.76000000,0.32780725,-1.88948925,0.32780724,-1.88948925
3.77000000,0.30884806,-1.90222278,0.30884805,-1.90222278
3.78000000,0.28976533,-1.91419545,0.28976532,-1.91419545
3.79000000,0.27056670,-1.92540246,0.27056670,-1.92540247
3.80000000,0.25125985,-1.93583934,0.25125984,-1.93583934
3.81000000,0.23185250,-1.94550191,0.23185249,-1.94550191
3.82000000,0.21235241,-1.95438630,0.21235240,-1.95438631
3.83000000,0.19276738,-1.96248897,0.19276737,-1.96248897
3.84000000,0.17310525,-1.96980666,0.17310524,-1.96980667
3.85000000,0.15337387,-1.97633646,0.15337386,-1.97633647
3.86000000,0.13358115,-1.98207576,0.13358114,-1.98207576
3.87000000,0.11373500,-1.98702224,0.11373499,-1.98702225
3.88000000,0.09384336,-1.99117395,0.09384335,-1.99117395
3.89000000,0.07391418,-1.99452921,0.07391417,-1.99452921
3.90000000,0.05395543,-1.99708669,0.05395542,-1.99708669
3.91000000,0.03397510,-1.99884536,0.03397509,-1.99884536
3.92000000,0.01398119,-1.99980452,0.01398118,-1.99980452
3.93000000,-0.00601832,-1.99996378,-0.00601833,-1.99996378
3.94000000,-0.02601542,-1.99932308,-0.02601543,-1.99932308
3.95000000,-0.04600212,-1.99788268,-0.04600213,-1.99788268
3.96000000,-0.06597041,-1.99564316,-0.06597042,-1.99564316
3.97000000,-0.08591232,-1.99260540,-0.08591233,-1.99260540
3.98000000,-0.10581986,-1.98877063,-0.10581987,-1.98877063
3.99000000,-0.12568508,-1.98414038,-0.12568509,-1.98414038
4.00000000,-0.14550002,-1.97871650,-0.14550003,-1.97871649
4.01000000,-0.16525677,-1.97250115,-0.16525678,-1.97250115
4.02000000,-0.18494742,-1.96549684,-0.18494743,-1.96549683
4.03000000,-0.20456409,-1.95770635,-0.20456410,-1.95770634
4.04000000,-0.22409893,-1.94913280,-0.22409894,-1.94913280
4.05000000,-0.24354414,-1.93977963,-0.24354415,-1.93977962
4.06000000,-0.26289194,-1.92965057,-0.26289195,-1.92965056
4.07000000,-0.28213458,-1.91874967,-0.28213459,-1.91874967
4.08000000,-0.30126437,-1.90708131,-0.30126438,-1.90708130
4.09000000,-0.32027367,-1.89465013,-0.32027368,-1.89465012
4.10000000,-0.33915485,-1.88146112,-0.33915486,-1.88146111
4.11000000,-0.35790038,-1.86751955,-0.35790039,-1.86751954
4.12000000,-0.37650275,-1.85283100,-0.37650276,-1.85283099
4.13000000,-0.39495453,-1.83740134,-0.39495454,-1.83740133
4.14000000,-0.41324833,-1.82123674,-0.41324834,-1.82123673
4.15000000,-0.43137683,-1.80434368,-0.43137684,-1.80434367
4.16000000,-0.44933280,-1.78672890,-0.44933281,-1.78672889
4.17000000,-0.46710903,-1.76839945,-0.46710904,-1.76839944
4.18000000,-0.48469843,-1.74936267,-0.48469844,-1.74936266
4.19000000,-0.50209395,-1.72962616,-0.50209396,-1.72962615
4.20000000,-0.51928864,-1.70919783,-0.51928865,-1.70919782
4.21000000,-0.53627563,-1.68808584,-0.53627564,-1.68808583
4.22000000,-0.55304811,-1.66629864,-0.55304812,-1.66629863
4.23000000,-0.56959938,-1.64384494,-0.56959939,-1.64384493
4.24000000,-0.58592282,-1.62073372,-0.58592283,-1.62073371
4.25000000,-0.60201189,-1.59697424,-0.60201190,-1.59697423
4.26000000,-0.61786017,-1.57257598,-0.61786018,-1.57257597
4.27000000,-0.63346132,-1.54754872,-0.63346133,-1.54754871
4.28000000,-0.64880908,-1.52190246,-0.64880909,-1.52190244
4.29000000,-0.66389734,-1.49564745,-0.66389735,-1.49564744
4.30000000,-0.67872004,-1.46879421,-0.67872005,-1.46879420
4.31000000,-0.69327126,-1.44135347,-0.69327127,-1.44135345
4.32000000,-0.70754519,-1.41333621,-0.70754519,-1.41333619
4.33000000,-0.72153610,-1.38475363,-0.72153611,-1.38475361
4.34000000,-0.73523841,-1.35561717,-0.73523842,-1.35561715
4.35000000,-0.74864664,-1.32593848,-0.74864665,-1.32593846
4.36000000,-0.76175541,-1.29572943,-0.76175542,-1.29572941
4.37000000,-0.77455950,-1.26500211,-0.77455951,-1.26500209
4.38000000,-0.78705377,-1.23376880,-0.78705378,-1.23376878
4.39000000,-0.79923323,-1.20204200,-0.79923324,-1.20204198
4.40000000,-0.81109301,-1.16983440,-0.81109301,-1.16983439
4.41000000,-0.82262836,-1.13715889,-0.82262836,-1.13715887
4.42000000,-0.83383467,-1.10402852,-0.83383468,-1.10402850
4.43000000,-0.84470746,-1.07045656,-0.84470746,-1.07045654
4.44000000,-0.85524237,-1.03645643,-0.85524238,-1.03645641
4.45000000,-0.86543520,-1.00204173,-0.86543521,-1.00204171
4.46000000,-0.87528187,-0.96722623,-0.87528188,-0.96722621
4.47000000,-0.88477844,-0.93202385,-0.88477844,-0.93202383
4.48000000,-0.89392111,-0.89644868,-0.89392111,-0.89644865
4.49000000,-0.90270622,-0.86051493,-0.90270622,-0.86051491
4.50000000,-0.91113026,-0.82423699,-0.91113026,-0.82423697
4.51000000,-0.91918986,-0.78762937,-0.91918986,-0.78762935
4.52000000,-0.92688179,-0.75070671,-0.92688180,-0.75070668
4.53000000,-0.93420299,-0.71348377,-0.93420299,-0.71348375
4.54000000,-0.94115052,-0.67597545,-0.94115052,-0.67597543
4.55000000,-0.94772160,-0.63819675,-0.94772160,-0.63819672
4.56000000,-0.95391360,-0.60016278,-0.95391361,-0.60016275
4.57000000,-0.95972405,-0.56188875,-0.95972406,-0.56188872
4.58000000,-0.96515063,-0.52338997,-0.96515063,-0.52338995
4.59000000,-0.97019115,-0.48468184,-0.97019116,-0.48468182
4.60000000,-0.97484362,-0.44577985,-0.97484362,-0.44577983
4.61000000,-0.97910616,-0.40669955,-0.97910616,-0.40669953
4.62000000,-0.98297707,-0.36745658,-0.98297707,-0.36745656
4.63000000,-0.98645480,-0.32806663,-0.98645480,-0.32806661
4.64000000,-0.98953796,-0.28854546,-0.98953796,-0.28854543
4.65000000,-0.99222532,-0.24890887,-0.99222533,-0.24890885
4.66000000,-0.99451581,-0.20917272,-0.99451581,-0.20917270
4.67000000,-0.99640850,-0.16935291,-0.99640850,-0.16935289
4.68000000,-0.99790264,-0.12946536,-0.99790264,-0.12946533
4.69000000,-0.99899763,-0.08952602,-0.99899763,-0.08952600
4.70000000,-0.99969304,-0.04955088,-0.99969304,-0.04955085
4.71000000,-0.99998859,-0.00955591,-0.99998859,-0.00955589
4.72000000,-0.99988415,0.03044288,-0.99988415,0.03044290
4.73000000,-0.99937977,0.07042949,-0.99937977,0.07042951
4.74000000,-0.99847565,0.11038793,-0.99847565,0.11038795
4.75000000,-0.99717216,0.15030222,-0.99717216,0.15030224
4.76000000,-0.99546981,0.19015638,-0.99546981,0.19015641
4.77000000,-0.99336928,0.22993449,-0.99336928,0.22993452
4.78000000,-0.99087142,0.26962063,-0.99087142,0.26962065
4.79000000,-0.98797723,0.30919892,-0.98797723,0.30919895
4.80000000,-0.98468786,0.34865354,-0.98468786,0.34865356
4.81000000,-0.98100462,0.38796870,-0.98100462,0.38796872
4.82000000,-0.97692900,0.42712868,-0.97692900,0.42712870
4.83000000,-0.97246262,0.46611781,-0.97246262,0.46611783
4.84000000,-0.96760727,0.50492050,-0.96760726,0.50492052
4.85000000,-0.96236488,0.54352123,-0.96236488,0.54352125
4.86000000,-0.95673757,0.58190456,-0.95673756,0.58190458
4.87000000,-0.95072757,0.62005513,-0.95072756,0.62005516
4.88000000,-0.94433729,0.65795769,-0.94433729,0.65795772
4.89000000,-0.93756929,0.69559708,-0.93756929,0.69559710
4.90000000,-0.93042628,0.73295823,-0.93042627,0.73295826
4.91000000,-0.92291110,0.77002622,-0.92291110,0.77002624
4.92000000,-0.91502678,0.80678620,-0.91502677,0.80678622
4.93000000,-0.90677646,0.84322348,-0.90677645,0.84322350
4.94000000,-0.89816343,0.87932348,-0.89816343,0.87932350
4.95000000,-0.88919116,0.91507176,-0.88919115,0.91507179
4.96000000,-0.87986322,0.95045403,-0.87986321,0.95045405
4.97000000,-0.87018335,0.98545613,-0.87018334,0.98545615
4.98000000,-0.86015541,1.02006406,-0.86015540,1.02006408
4.99000000,-0.84978342,1.05426397,-0.84978342,1.05426400
5.00000000,-0.83907154,1.08804220,-0.83907153,1.08804222
5.01000000,-0.82802403,1.12138522,-0.82802402,1.12138524
5.02000000,-0.81664533,1.15427971,-0.81664532,1.15427973
5.03000000,-0.80493998,1.18671249,-0.80493997,1.18671251
5.04000000,-0.79291266,1.21867061,-0.79291265,1.21867063
5.05000000,-0.78056819,1.25014128,-0.78056818,1.25014130
5.06000000,-0.76791150,1.28111190,-0.76791149,1.28111192
5.07000000,-0.75494766,1.31157010,-0.75494765,1.31157012
5.08000000,-0.74168185,1.34150369,-0.74168184,1.34150371
5.09000000,-0.72811937,1.37090069,-0.72811936,1.37090071
5.10000000,-0.71426566,1.39974936,-0.71426565,1.39974938
5.11000000,-0.70012625,1.42803814,-0.70012624,1.42803816
5.12000000,-0.68570680,1.45575572,-0.68570679,1.45575574
5.13000000,-0.67101308,1.48289102,-0.67101307,1.48289104
5.14000000,-0.65605096,1.50943319,-0.65605095,1.50943321
5.15000000,-0.64082643,1.53537160,-0.64082642,1.53537162
5.16000000,-0.62534557,1.56069589,-0.62534556,1.56069590
5.17000000,-0.60961459,1.58539591,-0.60961458,1.58539593
5.18000000,-0.59363977,1.60946180,-0.59363976,1.60946182
5.19000000,-0.57742750,1.63288393,-0.57742749,1.63288394
5.20000000,-0.56098427,1.65565292,-0.56098426,1.65565294
5.21000000,-0.54431665,1.67775968,-0.54431664,1.67775969
5.22000000,-0.52743131,1.69919535,-0.52743130,1.69919537
5.23000000,-0.51033501,1.71995137,-0.51033500,1.71995138
5.24000000,-0.49303458,1.74001943,-0.49303457,1.74001944
5.25000000,-0.47553694,1.75939151,-0.47553693,1.75939152
5.26000000,-0.45784909,1.77805985,-0.45784908,1.77805986
5.27000000,-0.43997811,1.79601699,-0.43997810,1.79601700
5.28000000,-0.42193115,1.81325575,-0.42193114,1.81325576
5.29000000,-0.40371542,1.82976923,-0.40371540,1.82976925
5.30000000,-0.38533820,1.84555083,-0.38533819,1.84555084
5.31000000,-0.36680686,1.86059423,-0.36680685,1.86059425
5.32000000,-0.34812880,1.87489342,-0.34812879,1.87489343
5.33000000,-0.32931149,1.88844268,-0.32931148,1.88844269
5.34000000,-0.31036246,1.90123659,-0.31036245,1.90123660
5.35000000,-0.29128930,1.91327002,-0.29128928,1.91327003
5.36000000,-0.27209961,1.92453818,-0.27209960,1.92453819
5.37000000,-0.25280110,1.93503654,-0.25280108,1.93503655
5.38000000,-0.23340146,1.94476092,-0.23340145,1.94476092
5.39000000,-0.21390847,1.95370741,-0.21390846,1.95370742
5.40000000,-0.19432992,1.96187245,-0.19432991,1.96187246
5.41000000,-0.17467364,1.96925277,-0.17467363,1.96925278
5.42000000,-0.15494749,1.97584541,-0.15494748,1.97584542
5.43000000,-0.13515937,1.98164774,-0.13515935,1.98164775
5.44000000,-0.11531718,1.98665744,-0.11531716,1.98665745
5.45000000,-0.09542887,1.99087250,-0.09542885,1.99087251
5.46000000,-0.07550238,1.99429124,-0.07550237,1.99429124
5.47000000,-0.05554570,1.99691229,-0.05554569,1.99691229
5.48000000,-0.03556680,1.99873460,-0.03556678,1.99873460
5.49000000,-0.01557367,1.99975745,-0.01557366,1.99975745
5.50000000,0.00442568,1.99998041,0.00442570,1.99998041
5.51000000,0.02442327,1.99940341,0.02442328,1.99940341
5.52000000,0.04441109,1.99802668,0.04441110,1.99802668
5.53000000,0.06438114,1.99585076,0.06438115,1.99585076
5.54000000,0.08432544,1.99287653,0.08432545,1.99287653
5.55000000,0.10423601,1.98910518,0.10423603,1.98910518
5.56000000,0.12410489,1.98453821,0.12410491,1.98453821
5.57000000,0.14392413,1.97917745,0.14392414,1.97917745
5.58000000,0.16368580,1.97302505,0.16368582,1.97302504
5.59000000,0.18338200,1.96608346,0.18338202,1.96608345
5.60000000,0.20300485,1.95835546,0.20300486,1.95835546
5.61000000,0.22254650,1.94984415,0.22254651,1.94984415
5.62000000,0.24199913,1.94055293,0.24199915,1.94055292
5.63000000,0.26135497,1.93048551,0.26135498,1.93048551
5.64000000,0.28060627,1.91964593,0.28060628,1.91964592
5.65000000,0.29974533,1.90803851,0.29974534,1.90803850
5.66000000,0.31876449,1.89566790,0.31876451,1.89566789
5.67000000,0.33765616,1.88253905,0.33765617,1.88253904
5.68000000,0.35641277,1.86865721,0.35641278,1.86865720
5.69000000,0.37502681,1.85402793,0.37502683,1.85402792
5.70000000,0.39349085,1.83865706,0.39349087,1.83865705
5.71000000,0.41179750,1.82255076,0.41179752,1.82255075
5.72000000,0.42993944,1.80571546,0.42993945,1.80571545
5.73000000,0.44790940,1.78815790,0.44790942,1.78815788
5.74000000,0.46570021,1.76988510,0.46570022,1.76988508
5.75000000,0.48330475,1.75090436,0.48330476,1.75090435
5.76000000,0.50071596,1.73122329,0.50071598,1.73122328
5.77000000,0.51792690,1.71084976,0.51792692,1.71084974
5.78000000,0.53493068,1.68979190,0.53493069,1.68979189
5.79000000,0.55172049,1.66805816,0.55172050,1.66805814
5.80000000,0.56828962,1.64565721,0.56828963,1.64565719
5.81000000,0.58463144,1.62259802,0.58463145,1.62259800
5.82000000,0.60073941,1.59888981,0.60073943,1.59888979
5.83000000,0.61660710,1.57454207,0.61660711,1.57454205
5.84000000,0.63222816,1.54956453,0.63222817,1.54956451
5.85000000,0.64759633,1.52396719,0.64759634,1.52396717
5.86000000,0.66270547,1.49776028,0.66270548,1.49776026
5.87000000,0.67754954,1.47095428,0.67754955,1.47095426
5.88000000,0.69212259,1.44355993,0.69212260,1.44355991
5.89000000,0.70641881,1.41558817,0.70641882,1.41558815
5.90000000,0.72043247,1.38705019,0.72043248,1.38705017
5.91000000,0.73415796,1.35795741,0.73415797,1.35795739
5.92000000,0.74758981,1.32832147,0.74758982,1.32832145
5.93000000,0.76072262,1.29815422,0.76072263,1.29815419
5.94000000,0.77355116,1.26746772,0.77355117,1.26746769
5.95000000,0.78607029,1.23627425,0.78607030,1.23627422
5.96000000,0.79827500,1.20458629,0.79827501,1.20458626
5.97000000,0.81016041,1.17241651,0.81016042,1.17241648
5.98000000,0.82172176,1.13977778,0.82172177,1.13977775
5.99000000,0.83295444,1.10668315,0.83295445,1.10668312
6.00000000,0.84385395,1.07314586,0.84385396,1.07314584
6.01000000,0.85441593,1.03917933,0.85441594,1.03917931
6.02000000,0.86463615,1.00479715,0.86463616,1.00479712
6.03000000,0.87451053,0.97001305,0.87451054,0.97001302
6.04000000,0.88403512,0.93484097,0.88403513,0.93484094
6.05000000,0.89320610,0.89929496,0.89320611,0.89929493
6.06000000,0.90201982,0.86338924,0.90201983,0.86338921
6.07000000,0.91047274,0.82713818,0.91047274,0.82713815
6.08000000,0.91856148,0.79055628,0.91856149,0.79055625
6.09000000,0.92628281,0.75365816,0.92628282,0.75365813
6.10000000,0.93363364,0.71645859,0.93363364,0.71645856
6.11000000,0.94061103,0.67897245,0.94061103,0.67897242
6.12000000,0.94721218,0.64121473,0.94721219,0.64121470
6.13000000,0.95343447,0.60320053,0.95343447,0.60320050
6.14000000,0.95927539,0.56494506,0.95927539,0.56494503
6.15000000,0.96473261,0.52646361,0.96473262,0.52646358
6.16000000,0.96980396,0.48777159,0.96980396,0.48777156
6.17000000,0.97448739,0.44888447,0.97448740,0.44888444
6.18000000,0.97878105,0.40981780,0.97878105,0.40981777
6.19000000,0.98268320,0.37058721,0.98268321,0.37058717
6.20000000,0.98619230,0.33120838,0.98619230,0.33120835
6.21000000,0.98930693,0.29169708,0.98930693,0.29169705
6.22000000,0.99202585,0.25206911,0.99202585,0.25206907
6.23000000,0.99434798,0.21234030,0.99434798,0.21234027
6.24000000,0.99627237,0.17252657,0.99627238,0.17252654
6.25000000,0.99779828,0.13264383,0.99779828,0.13264379
6.26000000,0.99892507,0.09270803,0.99892508,0.09270800
6.27000000,0.99965231,0.05273515,0.99965232,0.05273512
6.28000000,0.99997971,0.01274118,0.99997971,0.01274114
6.29000000,0.99990712,-0.02725789,0.99990712,-0.02725793
6.30000000,0.99943459,-0.06724606,0.99943459,-0.06724609
6.31000000,0.99856229,-0.10720733,0.99856229,-0.10720736
6.32000000,0.99729058,-0.14712572,0.99729058,-0.14712575
6.33000000,0.99561997,-0.18698526,0.99561997,-0.18698529
6.34000000,0.99355113,-0.22677001,0.99355112,-0.22677004
6.35000000,0.99108487,-0.26646405,0.99108487,-0.26646408
6.36000000,0.98822220,-0.30605151,0.98822220,-0.30605154
6.37000000,0.98496425,-0.34551655,0.98496425,-0.34551659
6.38000000,0.98131233,-0.38484340,0.98131233,-0.38484343
6.39000000,0.97726790,-0.42401631,0.97726789,-0.42401634
6.40000000,0.97283257,-0.46301962,0.97283257,-0.46301965
6.41000000,0.96800812,-0.50183772,0.96800812,-0.50183776
6.42000000,0.96279648,-0.54045510,0.96279648,-0.54045514
6.43000000,0.95719974,-0.57885631,0.95719974,-0.57885634
6.44000000,0.95122013,-0.61702598,0.95122012,-0.61702601
6.45000000,0.94486004,-0.65494885,0.94486004,-0.65494888
6.46000000,0.93812203,-0.69260974,0.93812202,-0.69260977
6.47000000,0.93100877,-0.72999360,0.93100877,-0.72999364
6.48000000,0.92352313,-0.76708548,0.92352312,-0.76708551
6.49000000,0.91566809,-0.80387053,0.91566808,-0.80387056
6.50000000,0.90744679,-0.84033404,0.90744678,-0.84033407
6.51000000,0.89886252,-0.87646143,0.89886252,-0.87646146
6.52000000,0.88991873,-0.91223825,0.88991872,-0.91223828
6.53000000,0.88061898,-0.94765018,0.88061897,-0.94765022
6.54000000,0.87096699,-0.98268307,0.87096698,-0.98268310
6.55000000,0.86096663,-1.01732290,0.86096662,-1.01732293
6.56000000,0.85062189,-1.05155581,0.85062188,-1.05155584
6.57000000,0.83993691,-1.08536811,0.83993690,-1.08536814
6.58000000,0.82891597,-1.11874628,0.82891596,-1.11874631
6.59000000,0.81756348,-1.15167697,0.81756347,-1.15167700
6.60000000,0.80588397,-1.18414700,0.80588396,-1.18414703
6.61000000,0.79388212,-1.21614339,0.79388211,-1.21614342
6.62000000,0.78156272,-1.24765334,0.78156271,-1.24765336
6.63000000,0.76893071,-1.27866424,0.76893070,-1.27866427
6.64000000,0.75599114,-1.30916369,0.75599113,-1.30916372
6.65000000,0.74274918,-1.33913950,0.74274917,-1.33913952
6.66000000,0.72921014,-1.36857967,0.72921013,-1.36857969
6.67000000,0.71537942,-1.39747242,0.71537940,-1.39747245
6.68000000,0.70126255,-1.42580620,0.70126254,-1.42580623
6.69000000,0.68686519,-1.45356968,0.68686518,-1.45356971
6.70000000,0.67219310,-1.48075176,0.67219308,-1.48075178
6.71000000,0.65725213,-1.50734155,0.65725212,-1.50734157
6.72000000,0.64204828,-1.53332842,0.64204826,-1.53332844
6.73000000,0.62658761,-1.55870198,0.62658759,-1.55870201
6.74000000,0.61087631,-1.58345209,0.61087630,-1.58345211
6.75000000,0.59492068,-1.60756883,0.59492066,-1.60756885
6.76000000,0.57872708,-1.63104257,0.57872707,-1.63104259
6.77000000,0.56230200,-1.65386391,0.56230199,-1.65386393
6.78000000,0.54565201,-1.67602373,0.54565199,-1.67602375
6.79000000,0.52878376,-1.69751316,0.52878375,-1.69751318
6.80000000,0.51170401,-1.71832361,0.51170399,-1.71832363
6.81000000,0.49441958,-1.73844675,0.49441956,-1.73844677
6.82000000,0.47693739,-1.75787454,0.47693737,-1.75787456
6.83000000,0.45926443,-1.77659920,0.45926442,-1.77659922
6.84000000,0.44140778,-1.79461325,0.44140776,-1.79461326
6.85000000,0.42337456,-1.81190947,0.42337454,-1.81190948
6.86000000,0.40517200,-1.82848095,0.40517199,-1.82848097
6.87000000,0.38680738,-1.84432107,0.38680736,-1.84432108
6.88000000,0.36828804,-1.85942348,0.36828802,-1.85942349
6.89000000,0.34962139,-1.87378215,0.34962137,-1.87378216
6.90000000,0.33081490,-1.88739133,0.33081488,-1.88739134
6.91000000,0.31187608,-1.90024557,0.31187606,-1.90024559
6.92000000,0.29281252,-1.91233975,0.29281250,-1.91233976
6.93000000,0.27363183,-1.92366901,0.27363182,-1.92366902
6.94000000,0.25434170,-1.93422884,0.25434168,-1.93422885
6.95000000,0.23494984,-1.94401499,0.23494982,-1.94401500
6.96000000,0.21546399,-1.95302357,0.21546398,-1.95302358
6.97000000,0.19589197,-1.96125096,0.19589195,-1.96125097
6.98000000,0.17624159,-1.96869388,0.17624157,-1.96869389
6.99000000,0.15652072,-1.97534935,0.15652070,-1.97534936
7.00000000,0.13673724,-1.98121471,0.13673722,-1.98121471
7.01000000,0.11689906,-1.98628760,0.11689905,-1.98628761
7.02000000,0.09701413,-1.99056601,0.09701411,-1.99056601
7.03000000,0.07709040,-1.99404821,0.07709038,-1.99404822
7.04000000,0.05713583,-1.99673283,0.05713581,-1.99673283
7.05000000,0.03715840,-1.99861878,0.03715838,-1.99861878
7.06000000,0.01716612,-1.99970530,0.01716610,-1.99970530
7.07000000,-0.00283304,-1.99999197,-0.00283306,-1.99999197
7.08000000,-0.02283106,-1.99947867,-0.02283107,-1.99947867
7.09000000,-0.04281994,-1.99816561,-0.04281996,-1.99816561
7.10000000,-0.06279170,-1.99605331,-0.06279172,-1.99605331
7.11000000,-0.08273835,-1.99314261,-0.08273837,-1.99314261
7.12000000,-0.10265190,-1.98943468,-0.10265192,-1.98943468
7.13000000,-0.12252439,-1.98493100,-0.12252441,-1.98493100
7.14000000,-0.14234787,-1.97963338,-0.14234789,-1.97963338
7.15000000,-0.16211442,-1.97354393,-0.16211444,-1.97354393
7.16000000,-0.18181612,-1.96666509,-0.18181614,-1.96666509
7.17000000,-0.20144510,-1.95899961,-0.20144512,-1.95899961
7.18000000,-0.22099350,-1.95055056,-0.22099352,-1.95055055
7.19000000,-0.24045351,-1.94132131,-0.24045353,-1.94132130
7.20000000,-0.25981734,-1.93131556,-0.25981736,-1.93131555
7.21000000,-0.27907724,-1.92053731,-0.27907726,-1.92053730
7.22000000,-0.29822552,-1.90899087,-0.29822554,-1.90899086
7.23000000,-0.31725452,-1.89668086,-0.31725453,-1.89668085
7.24000000,-0.33615661,-1.88361220,-0.33615663,-1.88361219
7.25000000,-0.35492425,-1.86979012,-0.35492427,-1.86979011
7.26000000,-0.37354992,-1.85522016,-0.37354994,-1.85522014
7.27000000,-0.39202618,-1.83990812,-0.39202620,-1.83990811
7.28000000,-0.41034563,-1.82386015,-0.41034565,-1.82386014
7.29000000,-0.42850095,-1.80708266,-0.42850097,-1.80708264
7.30000000,-0.44648487,-1.78958236,-0.44648489,-1.78958234
7.31000000,-0.46429021,-1.77136625,-0.46429023,-1.77136623
7.32000000,-0.48190984,-1.75244162,-0.48190985,-1.75244160
7.33000000,-0.49933671,-1.73281604,-0.49933672,-1.73281602
7.34000000,-0.51656385,-1.71249735,-0.51656386,-1.71249733
7.35000000,-0.53358437,-1.69149368,-0.53358439,-1.69149366
7.36000000,-0.55039147,-1.66981344,-0.55039148,-1.66981342
7.37000000,-0.56697841,-1.64746530,-0.56697843,-1.64746528
7.38000000,-0.58333858,-1.62445819,-0.58333859,-1.62445817
7.39000000,-0.59946541,-1.60080133,-0.59946543,-1.60080130
7.40000000,-0.61535247,-1.57650416,-0.61535248,-1.57650413
7.41000000,-0.63099339,-1.55157641,-0.63099341,-1.55157639
7.42000000,-0.64638193,-1.52602805,-0.64638194,-1.52602803
7.43000000,-0.66151192,-1.49986930,-0.66151193,-1.49986928
7.44000000,-0.67637731,-1.47311063,-0.67637733,-1.47311060
7.45000000,-0.69097217,-1.44576273,-0.69097218,-1.44576270
7.46000000,-0.70529064,-1.41783654,-0.70529065,-1.41783651
7.47000000,-0.71932701,-1.38934324,-0.71932702,-1.38934321
7.48000000,-0.73307565,-1.36029421,-0.73307567,-1.36029419
7.49000000,-0.74653108,-1.33070109,-0.74653109,-1.33070106
7.50000000,-0.75968790,-1.30057571,-0.75968791,-1.30057568
7.51000000,-0.77254086,-1.26993011,-0.77254087,-1.26993008
7.52000000,-0.78508481,-1.23877656,-0.78508482,-1.23877653
7.53000000,-0.79731474,-1.20712752,-0.79731475,-1.20712748
7.54000000,-0.80922575,-1.17499564,-0.80922576,-1.17499560
7.55000000,-0.82081308,-1.14239377,-0.82081309,-1.14239374
7.56000000,-0.83207210,-1.10933497,-0.83207211,-1.10933493
7.57000000,-0.84299830,-1.07583244,-0.84299831,-1.07583241
7.58000000,-0.85358732,-1.04189960,-0.85358733,-1.04189956
7.59000000,-0.86383491,-1.00755001,-0.86383492,-1.00754997
7.60000000,-0.87373697,-0.97279741,-0.87373698,-0.97279738
7.61000000,-0.88328956,-0.93765571,-0.88328957,-0.93765568
7.62000000,-0.89248884,-0.90213896,-0.89248885,-0.90213892
7.63000000,-0.90133113,-0.86626136,-0.90133114,-0.86626133
7.64000000,-0.90981291,-0.83003728,-0.90981292,-0.83003724
7.65000000,-0.91793077,-0.79348118,-0.91793078,-0.79348115
7.66000000,-0.92568147,-0.75660771,-0.92568148,-0.75660767
7.67000000,-0.93306192,-0.71943160,-0.93306193,-0.71943156
7.68000000,-0.94006915,-0.68196773,-0.94006915,-0.68196769
7.69000000,-0.94670036,-0.64423108,-0.94670037,-0.64423105
7.70000000,-0.95295291,-0.60623675,-0.95295292,-0.60623671
7.71000000,-0.95882429,-0.56799993,-0.95882430,-0.56799989
7.72000000,-0.96431215,-0.52953592,-0.96431216,-0.52953588
7.73000000,-0.96941430,-0.49086010,-0.96941431,-0.49086006
7.74000000,-0.97412870,-0.45198795,-0.97412870,-0.45198791
7.75000000,-0.97845346,-0.41293500,-0.97845346,-0.41293496
7.76000000,-0.98238685,-0.37371689,-0.98238685,-0.37371685
7.77000000,-0.98592730,-0.33434930,-0.98592730,-0.33434925
7.78000000,-0.98907339,-0.29484797,-0.98907339,-0.29484792
7.79000000,-0.99182386,-0.25522870,-0.99182387,-0.25522866
7.80000000,-0.99417762,-0.21550735,-0.99417763,-0.21550730
7.81000000,-0.99613372,-0.17569979,-0.99613373,-0.17569975
7.82000000,-0.99769138,-0.13582196,-0.99769139,-0.13582192
7.83000000,-0.99884998,-0.09588980,-0.99884998,-0.09588976
7.84000000,-0.99960905,-0.05591929,-0.99960905,-0.05591925
7.85000000,-0.99996829,-0.01592641,-0.99996829,-0.01592637
7.86000000,-0.99992756,0.02407284,-0.99992756,0.02407288
7.87000000,-0.99948687,0.06406246,-0.99948687,0.06406250
7.88000000,-0.99864640,0.10402646,-0.99864639,0.10402650
7.89000000,-0.99740648,0.14394885,-0.99740648,0.14394889
7.90000000,-0.99576761,0.18381366,-0.99576761,0.18381370
7.91000000,-0.99373045,0.22360495,-0.99373045,0.22360499
7.92000000,-0.99129581,0.26330679,-0.99129581,0.26330684
7.93000000,-0.98846466,0.30290332,-0.98846466,0.30290337
7.94000000,-0.98523815,0.34237870,-0.98523814,0.34237874
7.95000000,-0.98161755,0.38171712,-0.98161754,0.38171716
7.96000000,-0.97760431,0.42090286,-0.97760431,0.42090291
7.97000000,-0.97320005,0.45992025,-0.97320005,0.45992029
7.98000000,-0.96840652,0.49875368,-0.96840652,0.49875372
7.99000000,-0.96322564,0.53738761,-0.96322564,0.53738765
8.00000000,-0.95765949,0.57580659,-0.95765948,0.57580663
8.01000000,-0.95171028,0.61399526,-0.95171027,0.61399530
8.02000000,-0.94538040,0.65193834,-0.94538039,0.65193838
8.03000000,-0.93867238,0.68962065,-0.93867237,0.68962069
8.04000000,-0.93158891,0.72702712,-0.93158890,0.72702716
8.05000000,-0.92413281,0.76414279,-0.92413280,0.76414283
8.06000000,-0.91630707,0.80095282,-0.91630706,0.80095286
8.07000000,-0.90811482,0.83744247,-0.90811481,0.83744251
8.08000000,-0.89955934,0.87359716,-0.89955933,0.87359720
8.09000000,-0.89064404,0.90940242,-0.89064403,0.90940246
8.10000000,-0.88137250,0.94484393,-0.88137249,0.94484397
8.11000000,-0.87174842,0.97990752,-0.87174841,0.97990756
8.12000000,-0.86177566,1.01457916,-0.86177565,1.01457920
8.13000000,-0.85145819,1.04884498,-0.85145818,1.04884502
8.14000000,-0.84080016,1.08269127,-0.84080014,1.08269131
8.15000000,-0.82980581,1.11610451,-0.82980580,1.11610454
8.16000000,-0.81847955,1.14907131,-0.81847954,1.14907135
8.17000000,-0.80682592,1.18157851,-0.80682590,1.18157854
8.18000000,-0.79484956,1.21361308,-0.79484955,1.21361312
8.19000000,-0.78255527,1.24516223,-0.78255526,1.24516227
8.20000000,-0.76994797,1.27621333,-0.76994796,1.27621336
8.21000000,-0.75703271,1.30675396,-0.75703269,1.30675400
8.22000000,-0.74381464,1.33677191,-0.74381462,1.33677194
8.23000000,-0.73029905,1.36625517,-0.73029904,1.36625520
8.24000000,-0.71649136,1.39519194,-0.71649134,1.39519197
8.25000000,-0.70239707,1.42357065,-0.70239706,1.42357068
8.26000000,-0.68802184,1.45137996,-0.68802182,1.45137999
8.27000000,-0.67337141,1.47860873,-0.67337139,1.47860876
8.28000000,-0.65845164,1.50524608,-0.65845162,1.50524611
8.29000000,-0.64326849,1.53128135,-0.64326848,1.53128138
8.30000000,-0.62782805,1.55670413,-0.62782804,1.55670416
8.31000000,-0.61213649,1.58150425,-0.61213647,1.58150427
8.32000000,-0.59620008,1.60567178,-0.59620006,1.60567181
8.33000000,-0.58002519,1.62919707,-0.58002517,1.62919710
8.34000000,-0.56361831,1.65207070,-0.56361829,1.65207073
8.35000000,-0.54698598,1.67428353,-0.54698596,1.67428356
8.36000000,-0.53013487,1.69582667,-0.53013485,1.69582669
8.37000000,-0.51307171,1.71669149,-0.51307169,1.71669152
8.38000000,-0.49580333,1.73686967,-0.49580331,1.73686969
8.39000000,-0.47833663,1.75635312,-0.47833661,1.75635314
8.40000000,-0.46067861,1.77513405,-0.46067859,1.77513407
8.41000000,-0.44283632,1.79320495,-0.44283630,1.79320497
8.42000000,-0.42481690,1.81055859,-0.42481688,1.81055861
8.43000000,-0.40662756,1.82718803,-0.40662754,1.82718805
8.44000000,-0.38827557,1.84308663,-0.38827555,1.84308664
8.45000000,-0.36976828,1.85824801,-0.36976826,1.85824803
8.46000000,-0.35111309,1.87266612,-0.35111307,1.87266613
8.47000000,-0.33231746,1.88633518,-0.33231744,1.88633520
8.48000000,-0.31338890,1.89924974,-0.31338888,1.89924976
8.49000000,-0.29433500,1.91140462,-0.29433498,1.91140464
8.50000000,-0.27516336,1.92279497,-0.27516334,1.92279498
8.51000000,-0.25588166,1.93341623,-0.25588164,1.93341624
8.52000000,-0.23649761,1.94326414,-0.23649759,1.94326415
8.53000000,-0.21701897,1.95233477,-0.21701895,1.95233478
8.54000000,-0.19745352,1.96062450,-0.19745350,1.96062451
8.55000000,-0.17780909,1.96813000,-0.17780907,1.96813001
8.56000000,-0.15809354,1.97484828,-0.15809352,1.97484829
8.57000000,-0.13831476,1.98077664,-0.13831474,1.98077665
8.58000000,-0.11848065,1.98591272,-0.11848063,1.98591273
8.59000000,-0.09859915,1.99025446,-0.09859913,1.99025447
8.60000000,-0.07867822,1.99380013,-0.07867819,1.99380013
8.61000000,-0.05872581,1.99654830,-0.05872579,1.99654830
8.62000000,-0.03874991,1.99849788,-0.03874989,1.99849788
8.63000000,-0.01875852,1.99964809,-0.01875849,1.99964809
8.64000000,0.00124038,1.99999846,0.00124040,1.99999846
8.65000000,0.02123879,1.99954886,0.02123881,1.99954886
8.66000000,0.04122869,1.99829947,0.04122872,1.99829947
8.67000000,0.06120211,1.99625079,0.06120213,1.99625078
8.68000000,0.08115105,1.99340363,0.08115107,1.99340363
8.69000000,0.10106752,1.98975914,0.10106755,1.98975913
8.70000000,0.12094358,1.98531877,0.12094360,1.98531876
8.71000000,0.14077125,1.98008429,0.14077128,1.98008429
8.72000000,0.16054262,1.97405782,0.16054265,1.97405781
8.73000000,0.18024978,1.96724174,0.18024980,1.96724173
8.74000000,0.19988483,1.95963880,0.19988486,1.95963879
8.75000000,0.21943994,1.95125202,0.21943996,1.95125201
8.76000000,0.23890727,1.94208477,0.23890730,1.94208476
8.77000000,0.25827905,1.93214071,0.25827907,1.93214070
8.78000000,0.27754751,1.92142382,0.27754753,1.92142381
8.79000000,0.29670496,1.90993839,0.29670498,1.90993838
8.80000000,0.31574373,1.89768901,0.31574375,1.89768900
8.81000000,0.33465621,1.88468058,0.33465623,1.88468056
8.82000000,0.35343483,1.87091830,0.35343485,1.87091828
8.83000000,0.37207208,1.85640768,0.37207210,1.85640766
8.84000000,0.39056051,1.84115452,0.39056053,1.84115450
8.85000000,0.40889272,1.82516492,0.40889274,1.82516490
8.86000000,0.42706137,1.80844528,0.42706140,1.80844526
8.87000000,0.44505921,1.79100229,0.44505923,1.79100227
8.88000000,0.46287903,1.77284292,0.46287905,1.77284289
8.89000000,0.48051371,1.75397443,0.48051373,1.75397441
8.90000000,0.49795618,1.73440438,0.49795620,1.73440436
8.91000000,0.51519948,1.71414059,0.51519950,1.71414057
8.92000000,0.53223671,1.69319117,0.53223673,1.69319115
8.93000000,0.54906105,1.67156450,0.54906107,1.67156447
8.94000000,0.56566577,1.64926922,0.56566579,1.64926919
8.95000000,0.58204423,1.62631425,0.58204425,1.62631422
8.96000000,0.59818989,1.60270878,0.59818991,1.60270875
8.97000000,0.61409627,1.57846225,0.61409629,1.57846222
8.98000000,0.62975703,1.55358435,0.62975705,1.55358433
8.99000000,0.64516589,1.52808505,0.64516591,1.52808502
9.00000000,0.66031669,1.50197452,0.66031671,1.50197449
9.01000000,0.67520337,1.47526323,0.67520339,1.47526320
9.02000000,0.68981999,1.44796186,0.68982001,1.44796182
9.03000000,0.70416068,1.42008131,0.70416070,1.42008128
9.04000000,0.71821972,1.39163276,0.71821974,1.39163272
9.05000000,0.73199148,1.36262757,0.73199150,1.36262753
9.06000000,0.74547045,1.33307734,0.74547047,1.33307731
9.07000000,0.75865125,1.30299391,0.75865127,1.30299387
9.08000000,0.77152860,1.27238929,0.77152861,1.27238925
9.09000000,0.78409734,1.24127573,0.78409736,1.24127569
9.10000000,0.79635246,1.20966568,0.79635247,1.20966564
9.11000000,0.80828904,1.17757178,0.80828906,1.17757174
9.12000000,0.81990232,1.14500687,0.81990234,1.14500683
9.13000000,0.83118765,1.11198397,0.83118767,1.11198393
9.14000000,0.84214052,1.07851629,0.84214053,1.07851625
9.15000000,0.85275654,1.04461722,0.85275655,1.04461718
9.16000000,0.86303147,1.01030032,0.86303148,1.01030027
9.17000000,0.87296120,0.97557931,0.87296121,0.97557926
9.18000000,0.88254175,0.94046808,0.88254177,0.94046803
9.19000000,0.89176931,0.90498067,0.89176932,0.90498063
9.20000000,0.90064016,0.86913129,0.90064017,0.86913124
9.21000000,0.90915077,0.83293426,0.90915078,0.83293422
9.22000000,0.91729774,0.79640407,0.91729775,0.79640403
9.23000000,0.92507779,0.75955534,0.92507780,0.75955529
9.24000000,0.93248783,0.72240279,0.93248784,0.72240274
9.25000000,0.93952488,0.68496128,0.93952489,0.68496124
9.26000000,0.94618614,0.64724581,0.94618615,0.64724576
9.27000000,0.95246894,0.60927144,0.95246895,0.60927139
9.28000000,0.95837076,0.57105337,0.95837077,0.57105332
9.29000000,0.96388924,0.53260689,0.96388925,0.53260684
9.30000000,0.96902219,0.49394737,0.96902219,0.49394732
9.31000000,0.97376753,0.45509028,0.97376754,0.45509023
9.32000000,0.97812339,0.41605116,0.97812339,0.41605111
9.33000000,0.98208800,0.37684563,0.98208801,0.37684558
9.34000000,0.98565980,0.33748936,0.98565980,0.33748931
9.35000000,0.98883734,0.29799810,0.98883734,0.29799805
9.36000000,0.99161936,0.25838765,0.99161936,0.25838760
9.37000000,0.99400475,0.21867384,0.99400475,0.21867379
9.38000000,0.99599255,0.17887257,0.99599255,0.17887252
9.39000000,0.99758196,0.13899975,0.99758196,0.13899970
9.40000000,0.99877235,0.09907133,0.99877236,0.09907128
9.41000000,0.99956325,0.05910329,0.99956326,0.05910324
9.42000000,0.99995434,0.01911160,0.99995434,0.01911155
9.43000000,0.99994546,-0.02088773,0.99994546,-0.02088778
9.44000000,0.99953662,-0.06087870,0.99953661,-0.06087875
9.45000000,0.99872797,-0.10084533,0.99872797,-0.10084538
9.46000000,0.99751984,-0.14077161,0.99751984,-0.14077166
9.47000000,0.99591272,-0.18064159,0.99591272,-0.18064164
9.48000000,0.99390725,-0.22043932,0.99390725,-0.22043937
9.49000000,0.99150423,-0.26014887,0.99150423,-0.26014892
9.50000000,0.98870462,-0.29975437,0.98870462,-0.29975442
9.51000000,0.98550954,-0.33923997,0.98550954,-0.33924002
9.52000000,0.98192027,-0.37858988,0.98192027,-0.37858993
9.53000000,0.97793825,-0.41778835,0.97793825,-0.41778840
9.54000000,0.97356506,-0.45681972,0.97356506,-0.45681977
9.55000000,0.96880247,-0.49566837,0.96880246,-0.49566842
9.56000000,0.96365236,-0.53431875,0.96365235,-0.53431880
9.57000000,0.95811680,-0.57275542,0.95811680,-0.57275546
9.58000000,0.95219801,-0.61096299,0.95219801,-0.61096303
9.59000000,0.94589836,-0.64892618,0.94589835,-0.64892623
9.60000000,0.93922036,-0.68662981,0.93922035,-0.68662986
9.61000000,0.93216668,-0.72405880,0.93216667,-0.72405885
9.62000000,0.92474014,-0.76119817,0.92474014,-0.76119822
9.63000000,0.91694373,-0.79803308,0.91694372,-0.79803312
9.64000000,0.90878055,-0.83454878,0.90878054,-0.83454883
9.65000000,0.90025387,-0.87073067,0.90025385,-0.87073072
9.66000000,0.89136709,-0.90656429,0.89136708,-0.90656433
9.67000000,0.88212379,-0.94203529,0.88212378,-0.94203533
9.68000000,0.87252764,-0.97712949,0.87252763,-0.97712953
9.69000000,0.86258250,-1.01183285,0.86258249,-1.01183289
9.70000000,0.85229234,-1.04613149,0.85229232,-1.04613153
9.71000000,0.84166127,-1.08001169,0.84166125,-1.08001173
9.72000000,0.83069354,-1.11345990,0.83069353,-1.11345994
9.73000000,0.81939355,-1.14646274,0.81939354,-1.14646278
9.74000000,0.80776582,-1.17900701,0.80776580,-1.17900705
9.75000000,0.79581499,-1.21107970,0.79581497,-1.21107974
9.76000000,0.78354584,-1.24266797,0.78354582,-1.24266801
9.77000000,0.77096328,-1.27375919,0.77096327,-1.27375923
9.78000000,0.75807235,-1.30434092,0.75807234,-1.30434096
9.79000000,0.74487820,-1.33440093,0.74487819,-1.33440097
9.80000000,0.73138611,-1.36392720,0.73138610,-1.36392724
9.81000000,0.71760148,-1.39290792,0.71760146,-1.39290796
9.82000000,0.70352981,-1.42133149,0.70352979,-1.42133153
9.83000000,0.68917674,-1.44918655,0.68917672,-1.44918659
9.84000000,0.67454801,-1.47646196,0.67454799,-1.47646199
9.85000000,0.65964947,-1.50314680,0.65964945,-1.50314683
9.86000000,0.64448708,-1.52923040,0.64448706,-1.52923043
9.87000000,0.62906690,-1.55470232,0.62906688,-1.55470236
9.88000000,0.61339511,-1.57955239,0.61339509,-1.57955243
9.89000000,0.59747796,-1.60377066,0.59747794,-1.60377069
9.90000000,0.58132183,-1.62734744,0.58132181,-1.62734748
9.91000000,0.56493318,-1.65027331,0.56493316,-1.65027334
9.92000000,0.54831857,-1.67253909,0.54831855,-1.67253912
9.93000000,0.53148463,-1.69413587,0.53148461,-1.69413590
9.94000000,0.51443811,-1.71505502,0.51443809,-1.71505505
9.95000000,0.49718582,-1.73528817,0.49718579,-1.73528820
9.96000000,0.47973466,-1.75482723,0.47973464,-1.75482726
9.97000000,0.46209161,-1.77366439,0.46209159,-1.77366441
9.98000000,0.44426374,-1.79179210,0.44426371,-1.79179212
9.99000000,0.42625816,-1.80920312,0.42625814,-1.80920314
10.00000000,0.40808209,-1.82589048,0.40808206,-1.82589050
