t,x,y,v,theta,cte,steer_deg,accel
0,2.5,2.5,7.83446,0.216363,0,2.44086,0
0.02,2.65299,2.53383,7.83446,0.218837,0.156689,30.023,0
0.04,2.80535,2.5704,7.83446,0.252374,0.193266,30.023,-0.598549
0.06,2.95627,2.61203,7.82249,0.285885,0.0386358,30.023,-0.574798
0.08,3.1055,2.65862,7.81099,0.319345,0.121438,30.023,-0.55184
0.1,3.25287,2.7101,7.79996,0.352757,0.234011,30.023,-1.69078
0.12,3.39802,2.7663,7.76614,0.386074,0.0975071,30.023,-1.62355
0.14,3.54062,2.82703,7.73367,0.419248,0.115457,30.023,-1.5587
0.16,3.68055,2.89219,7.7025,0.452287,0.256149,30.023,-1.49644
0.18,3.81771,2.96164,7.67257,0.485194,0.186421,30.023,-2.92719
0.2,3.95174,3.03514,7.61402,0.517912,0.179619,30.023,-2.81066
0.22,4.08232,3.11237,7.55781,0.550385,0.278622,30.023,-2.6984
0.24,4.2094,3.1932,7.50384,0.582622,0.299967,30.023,-4.0011
0.26,4.33272,3.27731,7.42382,0.614571,0.290104,30.023,-3.84166
0.28,4.45203,3.36438,7.34699,0.646186,0.353454,30.023,-3.68821
0.3,4.56736,3.45422,7.27322,0.677477,0.430056,30.023,-4.34963
0.32,4.6786,3.54659,7.18623,0.708425,0.420915,30.023,-4.17611
0.34,4.78567,3.6412,7.10271,0.739008,0.462849,30.023,-4.0093
0.36,4.88862,3.73791,7.02252,0.769241,0.542726,30.023,-3.84916
0.38,4.98751,3.83655,6.94554,0.799137,0.559157,30.023,-3.57227
0.4,5.0824,3.93702,6.87409,0.828715,0.587674,30.023,-3.42956
0.42,5.17336,4.03918,6.8055,0.857994,0.647928,30.023,-3.29257
0.44,5.26044,4.14293,6.73965,0.886985,0.698345,30.023,-2.11558
0.46,5.34382,4.24829,6.69734,0.915744,0.717103,30.023,-2.0308
0.48,5.42365,4.35534,6.65672,0.944326,0.762707,30.023,-1.94969
0.5,5.49994,4.46397,6.61773,0.972737,0.830273,30.023,-1.87181
0.52,5.57269,4.57408,6.58029,1.00099,0.859718,30.023,-0.487887
0.54,5.64207,4.68579,6.57054,1.02913,0.894484,30.023,-0.468056
0.56,5.70818,4.79925,6.56117,1.05724,0.949585,30.023,-0.449361
0.58,5.771,4.91435,6.55219,1.08531,1.02161,30.023,-0.431412
0.6,5.83048,5.03102,6.54356,1.11333,1.05995,30.023,0.227743
0.62,5.88665,5.14927,6.54811,1.14135,1.10649,30.023,0.218814
0.64,5.93951,5.26913,6.55249,1.16939,1.16915,30.023,0.210074
0.66,5.98903,5.3905,6.55669,1.19745,1.24548,30.023,0.201684
0.68,6.03516,5.5133,6.56073,1.22553,1.31426,20.3192,-0.499572
0.7,6.07842,5.63707,6.55073,1.24351,1.37079,20.3192,-0.479799
0.72,6.11939,5.76141,6.54114,1.26146,1.43896,-30.023,-0.460635
0.74,6.16093,5.88536,6.53193,1.23348,1.51476,-30.023,-0.442237
0.76,6.20585,6.00793,6.52308,1.20554,1.59477,-30.023,-0.424573
0.78,6.25411,6.12904,6.51459,1.17764,1.66582,-30.023,-2.12472
0.8,6.30552,6.24829,6.47209,1.14984,1.71988,-30.023,-2.04031
0.82,6.35987,6.36532,6.43129,1.12222,1.77825,-30.023,-1.95881
0.84,6.41706,6.48009,6.39211,1.09478,1.84038,-30.023,-1.88057
0.86,6.47701,6.59257,6.3545,1.0675,1.90577,-30.023,-1.80546
0.88,6.53963,6.70275,6.31839,1.04037,1.97396,-30.023,-1.73335
0.9,6.60484,6.81058,6.28372,1.0134,2.02266,-30.023,-3.54556
0.92,6.67236,6.91573,6.21281,0.986653,2.06888,-30.023,-3.40444
0.94,6.74186,7.0179,6.14472,0.960204,2.11788,-30.023,-3.26846
0.96,6.81325,7.11713,6.07936,0.93404,2.16933,-30.023,-3.13791
0.98,6.88643,7.21344,6.0166,0.908151,2.22292,-30.023,-3.01257
1,6.96128,7.30688,5.95635,0.882525,2.27836,-30.023,-2.89224
1.02,7.03774,7.39747,5.8985,0.857152,2.32999,-30.023,-3.94487
1.04,7.11555,7.48509,5.8196,0.832072,2.36644,-30.023,-3.78761
1.06,7.19446,7.56961,5.74385,0.807322,2.40477,-30.023,-3.63632
1.08,7.27439,7.6511,5.67112,0.782891,2.44479,-30.023,-3.49108
1.1,7.35525,7.72964,5.6013,0.758764,2.48631,-30.023,-3.35164
1.12,7.43696,7.80528,5.53427,0.73493,2.52917,-30.023,-3.21777
1.14,7.51946,7.8781,5.46992,0.711378,2.57319,-30.023,-3.08924
1.16,7.60268,7.94816,5.40813,0.688095,2.61824,-30.023,-2.96585
1.18,7.68655,8.01551,5.34881,0.665072,2.66418,-30.023,-2.84739
1.2,7.77102,8.08021,5.29187,0.642298,2.694,-30.023,-2.84935
1.22,7.85601,8.14232,5.23488,0.619767,2.72431,-30.023,-2.73557
1.24,7.94146,8.20186,5.18017,0.597476,2.75573,-30.023,-2.62631
1.26,8.02731,8.25891,5.12764,0.575414,2.78816,-30.023,-2.52141
1.28,8.11353,8.3135,5.07721,0.553572,2.8215,-30.023,-2.4207
1.3,8.20006,8.3657,5.0288,0.531942,2.85569,-30.023,-2.32401
1.32,8.28688,8.41555,4.98232,0.510515,2.89065,-30.023,-2.23118
1.34,8.37394,8.46309,4.93769,0.489283,2.9263,-30.023,-2.14207
1.36,8.4612,8.50839,4.89485,0.468238,2.96257,-30.023,-2.05651
1.38,8.54865,8.55148,4.85372,0.447373,2.99397,-30.023,-1.0201
1.4,8.63642,8.59247,4.83332,0.42664,3.01666,-30.023,-0.979102
1.42,8.72464,8.63149,4.81374,0.405992,3.04023,-30.023,-0.939994
1.44,8.8133,8.66852,4.79494,0.385427,3.06464,-30.023,-0.902448
1.46,8.90236,8.7036,4.77689,0.36494,3.08986,-30.023,-0.866403
1.48,8.99179,8.73672,4.75956,0.344529,3.11584,-30.023,-0.831797
1.5,9.08155,8.7679,4.74293,0.324191,3.14255,-30.023,-0.798573
1.52,9.17161,8.79716,4.72695,0.303922,3.16995,-30.023,-0.766676
1.54,9.26195,8.82449,4.71162,0.283721,3.19801,-30.023,-0.736053
1.56,9.35254,8.84992,4.6969,0.263583,3.22525,-30.023,1.05735
1.58,9.44368,8.87353,4.71805,0.243432,3.24064,-30.023,1.01558
1.6,9.53568,8.89539,4.73836,0.223193,3.25689,-30.023,0.975012
1.62,9.62849,8.91547,4.75786,0.202868,3.27399,-30.023,0.936068
1.64,9.72207,8.93373,4.77658,0.182461,3.29193,-30.023,0.898679
1.66,9.81636,8.95013,4.79455,0.161976,3.31069,-30.023,0.862784
1.68,9.91132,8.96464,4.81181,0.141415,3.33025,-30.023,0.828322
1.7,10.0069,8.97725,4.82838,0.120782,3.35061,-30.023,0.795237
1.72,10.103,8.98791,4.84428,0.10008,3.37115,-30.023,2.814
1.74,10.2001,8.99663,4.90056,0.0792225,3.37865,-30.023,2.70214
1.76,10.2984,9.00339,4.9546,0.0581293,3.38701,-30.023,2.59421
1.78,10.3979,9.00812,5.00649,0.0368094,3.39625,-30.023,2.49059
1.8,10.4985,9.01074,5.0563,0.0152719,3.40638,-30.023,2.39111
1.82,10.6001,9.01119,5.10412,-0.00647462,3.4174,-30.023,2.2956
1.84,10.7026,9.0094,5.15003,-0.0284218,3.42932,-30.023,2.20391
1.86,10.806,9.00531,5.19411,-0.0505615,3.43425,-30.023,3
1.88,10.9103,8.99887,5.25411,-0.072924,3.43234,-30.023,3
1.9,11.0156,8.98998,5.31411,-0.0955433,3.43128,-30.023,3
1.92,11.1218,8.97856,5.37411,-0.11842,3.43107,-30.023,3
1.94,11.229,8.96455,5.43411,-0.141553,3.43177,-30.023,3
1.96,11.337,8.94787,5.49411,-0.164942,3.42717,-24.3825,3
1.98,11.4458,8.92872,5.55411,-0.183489,3.41334,-24.3825,3
2,11.5554,8.90732,5.61411,-0.202237,3.40087,-24.3825,3
2.02,11.6658,8.8836,5.67411,-0.221187,3.38985,-24.3825,3
2.04,11.7768,8.8575,5.73411,-0.240338,3.37262,-20.4908,3
2.06,11.8886,8.82917,5.79411,-0.256294,3.34749,-20.4908,3
2.08,12.001,8.79874,5.85411,-0.272416,3.32412,-20.4908,3
2.1,12.1141,8.76615,5.91411,-0.288705,3.30175,-21.1658,3
2.12,12.2278,8.73133,5.97411,-0.305753,3.26445,-21.1658,3
2.14,12.342,8.6942,6.03411,-0.322973,3.22881,-21.1658,3
2.16,12.4566,8.65471,6.09411,-0.340365,3.19495,-21.1658,3
2.18,12.5717,8.61281,6.15411,-0.357929,3.15387,-23.8114,3
2.2,12.6871,8.56831,6.21411,-0.378144,3.10518,-23.8114,3
2.22,12.8027,8.52103,6.27411,-0.398555,3.05794,-23.8114,3
2.24,12.9184,8.4709,6.33411,-0.419162,3.0123,-23.8114,3
2.26,13.0341,8.41789,6.39411,-0.439965,2.95474,-26.7479,3
2.28,13.1497,8.36178,6.45411,-0.463948,2.89279,-26.7479,3
2.3,13.2649,8.30235,6.51411,-0.488155,2.83198,-26.7479,2.88344
2.32,13.3798,8.23958,6.57178,-0.512582,2.77254,-26.7479,2.76827
2.34,13.494,8.17344,6.62715,-0.53722,2.70197,-29.7741,2.72599
2.36,13.6073,8.10372,6.68167,-0.56542,2.62448,-29.7741,2.61713
2.38,13.7196,8.03025,6.73401,-0.593847,2.54781,-29.7741,2.5126
2.4,13.8305,7.95301,6.78426,-0.62249,2.47224,-29.7741,2.41224
2.42,13.94,7.87203,6.83251,-0.651343,2.39524,-30.023,2.33161
2.44,14.0478,7.78732,6.87914,-0.68069,2.29996,-30.023,2.23849
2.46,14.1538,7.69888,6.92391,-0.710233,2.20544,-30.023,2.14908
2.48,14.2577,7.60676,6.96689,-0.739964,2.11199,-30.023,2.06324
2.5,14.3595,7.511,7.00815,-0.769875,2.02001,-30.023,1.98083
2.52,14.4589,7.41166,7.04777,-0.799959,1.92805,-30.023,1.90171
2.54,14.5559,7.3088,7.0858,-0.830209,1.81437,-30.023,1.82575
2.56,14.6501,7.20249,7.12232,-0.860619,1.7015,-30.023,1.75283
2.58,14.7415,7.09281,7.15738,-0.891182,1.58993,-30.023,1.68281
2.6,14.83,6.97984,7.19103,-0.921892,1.48023,-30.023,1.6156
2.62,14.9153,6.86367,7.22334,-0.952744,1.37316,-30.023,1.55107
2.64,14.9974,6.7444,7.25437,-0.983731,1.26101,-30.023,1.48911
2.66,15.076,6.62212,7.28415,-1.01485,1.12764,-30.023,1.42964
2.68,15.1511,6.49695,7.31274,-1.04609,0.995032,-30.023,1.37253
2.7,15.2225,6.369,7.34019,-1.07745,0.863969,-30.023,1.31771
2.72,15.2901,6.2384,7.36655,-1.10893,0.735772,27.6837,1.26508
2.74,15.3577,6.10724,7.39185,-1.08025,0.61553,27.6837,1.21455
2.76,15.4294,5.97764,7.41614,-1.05148,0.512833,27.6837,1.16604
2.78,15.505,5.84975,7.43946,-1.02261,0.413327,29.0486,1.11946
2.8,15.5845,5.72379,7.46185,-0.991957,0.264342,29.0486,1.07475
2.82,15.6682,5.59996,7.48334,-0.961213,0.11491,29.0486,1.03182
2.84,15.7559,5.47842,7.50398,-0.930382,0.0356179,29.0486,0.990608
2.86,15.8475,5.35933,7.52379,-0.899469,0.185617,-30.023,0.951041
2.88,15.9393,5.23987,7.54281,-0.931716,0.336246,-30.023,0.913054
2.9,16.0275,5.1172,7.56107,-0.964043,0.433882,-29.6163,0.876585
2.92,16.1118,4.99147,7.57861,-0.995918,0.522556,30.023,0.841572
2.94,16.1963,4.86548,7.59544,-0.963441,0.635632,30.023,0.807958
2.96,16.2852,4.74205,7.6116,-0.930893,0.760004,30.023,0.775686
2.98,16.3781,4.62131,7.62711,-0.898277,0.890994,30.023,0.744703
3,16.4752,4.50344,7.642,-0.865596,1.02607,30.023,0.714958
3.02,16.5762,4.3886,7.6563,-0.832853,1.11989,30.023,0.686401
3.04,16.6812,4.27691,7.67003,-0.80005,1.22171,-28.2497,0.658985
3.06,16.7864,4.16515,7.68321,-0.830604,1.3335,-28.2497,0.632664
3.08,16.8884,4.05004,7.69586,-0.861209,1.45591,-28.2497,0.607394
3.1,16.987,3.93166,7.70801,-0.891863,1.58534,30.023,0.583133
3.12,17.0858,3.81321,7.71967,-0.858843,1.69103,30.023,0.559841
3.14,17.1887,3.69793,7.73087,-0.825774,1.80047,30.023,0.53748
3.16,17.2954,3.58595,7.74162,-0.792658,1.91295,30.023,0.516012
3.18,17.406,3.47743,7.75194,-0.759497,2.02787,30.023,0.495401
3.2,17.5203,3.37249,7.76185,-0.726292,2.14116,30.023,0.475614
3.22,17.6381,3.27129,7.77136,-0.693046,2.23387,-27.8529,0.456617
3.24,17.7562,3.17012,7.78049,-0.723483,2.33321,-27.8529,0.438378
3.26,17.8713,3.06529,7.78926,-0.753955,2.44192,-27.8529,0.420869
3.28,17.9833,2.95688,7.79768,-0.78446,2.55875,30.023,0.404058
3.3,18.0955,2.84851,7.80576,-0.751064,2.66766,30.023,0.387919
3.32,18.2115,2.74385,7.81352,-0.717634,2.76902,30.023,0.372425
3.34,18.3309,2.64303,7.82097,-0.684171,2.87158,30.023,0.357549
3.36,18.4539,2.54617,7.82812,-0.650677,2.97513,30.023,0.343268
3.38,18.58,2.4534,7.83498,-0.617153,3.07287,27.6758,0.329557
3.4,18.7093,2.36464,7.84157,-0.586702,3.15817,-30.023,0.316394
3.42,18.8384,2.2756,7.8479,-0.620282,3.24907,-30.023,0.303756
3.44,18.9646,2.1822,7.85398,-0.653889,3.349,-30.023,0.291624
3.46,19.0877,2.08454,7.85981,-0.687522,3.44715,-30.023,0.279976
3.48,19.2076,1.98272,7.86541,-0.721178,3.54627,25.1657,0.268793
3.5,19.3272,1.88045,7.87079,-0.693796,3.64991,25.1657,0.258057
3.52,19.4496,1.78142,7.87595,-0.666394,3.75421,25.1657,0.247749
3.54,19.5748,1.68573,7.8809,-0.638975,3.8445,22.8077,0.237854
3.56,19.7025,1.59327,7.88566,-0.614419,3.93407,22.8077,0.228353
3.58,19.8325,1.50392,7.89023,-0.589849,4.02477,22.8077,0.219232
3.6,19.9647,1.41774,7.89461,-0.565264,4.10442,21.8992,0.16621
3.62,20.0991,1.33472,7.89793,-0.541752,4.18094,-30.023,0.15956
3.64,20.233,1.25098,7.90113,-0.575567,4.26266,-30.023,0.153187
3.66,20.3641,1.16273,7.90419,-0.609395,4.3375,-30.023,-0.138003
3.68,20.4922,1.07008,7.90143,-0.643224,4.42091,-30.023,-0.132565
3.7,20.617,0.973199,7.89878,-0.677041,4.51263,24.7937,-0.12727
3.72,20.7414,0.87592,7.89623,-0.650019,4.5955,30.023,-0.919503
3.74,20.8686,0.782593,7.87784,-0.616257,4.67631,30.023,-0.882985
3.76,20.9985,0.693809,7.86018,-0.582573,4.75629,30.023,-0.847717
3.78,21.1311,0.609633,7.84323,-0.548962,4.83541,30.023,-0.813857
3.8,21.2661,0.530123,7.82695,-0.515423,4.89987,30.023,-2.26804
3.82,21.4032,0.45547,7.78159,-0.482016,4.96257,30.023,-2.17784
3.84,21.5418,0.385823,7.73803,-0.448799,5.02426,30.023,-2.09085
3.86,21.682,0.321165,7.69622,-0.415765,5.08493,30.023,-2.00734
3.88,21.8234,0.261477,7.65607,-0.382906,5.14116,30.023,-3.83147
3.9,21.9656,0.206869,7.57944,-0.350297,5.18557,30.023,-3.67893
3.92,22.1081,0.157396,7.50586,-0.31801,5.22889,30.023,-3.53199
3.94,22.2508,0.112955,7.43522,-0.286031,5.27114,30.023,-3.39091
3.96,22.3934,0.0734466,7.3674,-0.254349,5.31232,30.023,-3.25547
3.98,22.536,0.0387701,7.30229,-0.222951,5.35244,30.023,-3.12544
4,22.6783,0.00882833,7.23979,-0.191827,5.38512,30.023,-4.80945
4.02,22.8199,-0.0164164,7.1436,-0.161042,5.41014,30.023,-4.61782
4.04,22.9603,-0.0370456,7.05124,-0.13066,5.43419,30.023,-4.43337
4.06,23.0995,-0.0532177,6.96257,-0.100666,5.4573,30.023,-4.2563
4.08,23.2374,-0.0650851,6.87745,-0.0710443,5.47949,30.023,-4.08629
4.1,23.3739,-0.072794,6.79572,-0.0417794,5.50079,30.023,-3.92307
4.12,23.509,-0.076485,6.71726,-0.0128574,5.52121,30.023,-3.76638
4.14,23.6426,-0.0762927,6.64193,0.0157355,5.53817,30.023,-4.80246
4.16,23.7744,-0.0723571,6.54588,0.0439616,5.54528,30.023,-4.61095
4.18,23.9041,-0.0648383,6.45366,0.0717848,5.55171,30.023,-4.42677
4.2,24.0319,-0.0538915,6.36513,0.099221,5.55749,30.023,-4.24996
4.22,24.1575,-0.0396642,6.28013,0.126286,5.56264,30.023,-4.08021
4.24,24.2811,-0.0222961,6.19852,0.152994,5.56718,30.023,-3.91723
4.26,24.4026,-0.00191989,6.12018,0.17936,5.57114,30.023,-3.76077
4.28,24.522,0.0213385,6.04496,0.205397,5.57453,30.023,-3.61056
4.3,24.6393,0.0473597,5.97275,0.231119,5.57738,30.023,-3.46634
4.32,24.7545,0.0760303,5.90343,0.256538,5.5797,30.023,-3.32789
4.34,24.8677,0.107243,5.83687,0.281666,5.57316,30.023,-3.62621
4.36,24.9787,0.140869,5.76434,0.306496,5.56437,30.023,-3.48148
4.38,25.0875,0.17678,5.69472,0.331022,5.55522,30.023,-3.34243
4.4,25.1942,0.214873,5.62787,0.355256,5.54575,30.023,-3.20892
4.42,25.2986,0.255054,5.56369,0.379209,5.53594,30.023,-3.08075
4.44,25.4009,0.297231,5.50207,0.402894,5.52584,30.023,-2.9577
4.46,25.5011,0.34132,5.44292,0.426319,5.51543,30.023,-2.83956
4.48,25.5992,0.387239,5.38613,0.449497,5.50474,30.023,-2.72614
4.5,25.6952,0.434912,5.33161,0.472436,5.49378,30.023,-2.61725
4.52,25.7891,0.484266,5.27926,0.495147,5.48256,30.023,-2.51272
4.54,25.881,0.535233,5.22901,0.517638,5.47108,30.023,-2.41235
4.56,25.9709,0.587747,5.18076,0.539918,5.4518,30.023,-2.08584
4.58,26.0588,0.64177,5.13904,0.562006,5.43069,30.023,-2.00247
4.6,26.1448,0.697272,5.09899,0.583918,5.4094,30.023,-1.92248
4.62,26.229,0.754198,5.06054,0.605663,5.38794,30.023,-1.84569
4.64,26.3112,0.812499,5.02363,0.627246,5.36631,30.023,-1.77197
4.66,26.3917,0.872124,4.98819,0.648675,5.34452,30.023,-1.7012
4.68,26.4702,0.933027,4.95417,0.669955,5.32258,30.023,-1.63325
4.7,26.547,0.995163,4.9215,0.691092,5.30049,30.023,-1.56801
4.72,26.6219,1.05849,4.89014,0.712092,5.27826,30.023,-1.50538
4.74,26.6951,1.12296,4.86003,0.73296,5.25589,30.023,-1.44525
4.76,26.7664,1.18855,4.83113,0.753702,5.2334,30.023,-1.38753
4.78,26.836,1.2552,4.80338,0.774323,5.20527,30.023,-0.638618
4.8,26.9039,1.32298,4.7906,0.794857,5.1737,30.023,-0.612929
4.82,26.9702,1.39197,4.77835,0.815338,5.14193,30.023,-0.588447
4.84,27.0349,1.46211,4.76658,0.835767,5.10999,30.023,-0.564943
4.86,27.0981,1.53339,4.75528,0.856147,5.07786,30.023,-0.542378
4.88,27.1596,1.60577,4.74443,0.876479,5.04557,30.023,-0.520714
4.9,27.2195,1.67922,4.73402,0.896766,5.01312,30.023,-0.499916
4.92,27.2778,1.75371,4.72402,0.917009,4.98051,30.023,-0.479948
4.94,27.3344,1.82921,4.71442,0.93721,4.94775,30.023,-0.460778
4.96,27.3894,1.90568,4.7052,0.957371,4.91486,30.023,-0.442373
4.98,27.4428,1.98309,4.69636,0.977494,4.88183,30.023,-0.424704
5,27.4944,2.06142,4.68786,0.997579,4.84177,30.023,0.642424
5.02,27.5446,2.14081,4.70071,1.01767,4.79943,30.023,0.617039
5.04,27.5932,2.2214,4.71305,1.03782,4.75676,-8.34276,0.592394
5.06,27.6414,2.30256,4.7249,1.0327,4.71484,-8.34276,0.568732
5.08,27.6901,2.38368,4.73627,1.02756,4.67479,-8.34276,0.546016
5.1,27.7393,2.46474,4.74719,1.02241,4.63668,-8.34276,0.524207
5.12,27.7891,2.54572,4.75768,1.01724,4.60059,-8.34276,0.503269
5.14,27.8393,2.62662,4.76774,1.01207,4.56658,-8.34276,0.483167
5.16,27.8901,2.70742,4.77741,1.00689,4.53472,-8.34276,0.463868
5.18,27.9415,2.78812,4.78668,1.00169,4.50508,-8.34276,0.44534
5.2,27.9933,2.86871,4.79559,0.996487,4.46847,-12.8053,1.75184
5.22,28.0459,2.94931,4.83063,0.988383,4.43299,-12.8053,1.68222
5.24,28.0996,3.03006,4.86427,0.980222,4.39983,-12.8053,1.61503
5.26,28.1543,3.11091,4.89657,0.972005,4.36913,-12.8053,1.55052
5.28,28.21,3.19183,4.92758,0.963735,4.34101,-12.8053,1.48859
5.3,28.2667,3.27278,4.95736,0.955414,4.31558,-12.8053,1.42913
5.32,28.3245,3.35374,4.98594,0.947043,4.29296,-12.8053,1.37205
5.34,28.3832,3.43465,5.01338,0.938625,4.27324,-12.8053,1.31724
5.36,28.443,3.5155,5.03972,0.930163,4.24872,-16.7839,2.73138
5.38,28.504,3.59641,5.09435,0.918842,4.22309,-16.7839,2.62266
5.4,28.5666,3.67746,5.1468,0.907402,4.20066,-16.7839,2.51791
5.42,28.6308,3.75859,5.19716,0.895847,4.1816,-16.7839,2.41734
5.44,28.6965,3.83973,5.24551,0.884182,4.16608,-16.7839,2.32078
5.46,28.7638,3.92083,5.29193,0.87241,4.15424,-16.7839,2.22809
5.48,28.8326,4.00183,5.33649,0.860538,4.14624,-16.7839,2.13909
5.5,28.9029,4.08265,5.37927,0.848567,4.13226,-20.2893,3
5.52,28.975,4.1633,5.43927,0.833754,4.11892,-20.2893,3
5.54,29.0492,4.24374,5.49927,0.818776,4.10991,-20.2893,3
5.56,29.1253,4.32393,5.55927,0.803634,4.10541,-20.2893,3
5.58,29.2035,4.4038,5.61927,0.788328,4.10559,-20.2893,2.9368
5.6,29.2838,4.4833,5.678,0.772859,4.1106,-20.2893,2.8195
5.62,29.3661,4.56234,5.73439,0.757233,4.10838,-23.2803,3
5.64,29.4506,4.64076,5.79439,0.738861,4.10926,-23.2803,3
5.66,29.5375,4.7184,5.85439,0.720298,4.11558,-23.2803,3
5.68,29.6266,4.79519,5.91439,0.701544,4.12748,-23.2803,3
5.7,29.7182,4.87106,5.97439,0.682598,4.14508,-23.2803,3
5.72,29.8121,4.94592,6.03439,0.663461,4.15803,-25.9103,3
5.74,29.9084,5.01956,6.09439,0.641639,4.17302,-25.9103,3
5.76,30.0074,5.09179,6.15439,0.6196,4.1943,-25.9103,3
5.78,30.1088,5.16249,6.21439,0.597346,4.22197,-25.9103,3
5.8,30.2129,5.23156,6.27439,0.574875,4.25464,-28.5268,3
5.82,30.3196,5.29877,6.33439,0.549491,4.28115,-28.5268,3
5.84,30.429,5.36385,6.39439,0.523866,4.31462,-28.5268,3
5.86,30.541,5.42668,6.45439,0.497999,4.35506,-28.5268,3
5.88,30.6558,5.48713,6.51439,0.47189,4.40244,-28.5268,2.92419
5.9,30.7731,5.54508,6.57288,0.445543,4.44485,-30.023,2.83026
5.92,30.893,5.60028,6.62948,0.417286,4.4927,-30.023,2.71722
5.94,31.0155,5.6525,6.68383,0.388791,4.54777,-30.023,2.60868
5.96,31.1404,5.70158,6.736,0.360068,4.60991,-30.023,2.50449
5.98,31.2676,5.74738,6.78609,0.331127,4.66664,-30.023,2.29321
6,31.397,5.78977,6.83196,0.30198,4.73009,-30.023,2.20158
6.02,31.5285,5.82862,6.87599,0.27264,4.80046,-30.023,2.11365
6.04,31.6618,5.8638,6.91826,0.243116,4.87343,23.4163,1.76153
6.06,31.7961,5.89868,6.95349,0.265367,4.94225,23.4163,1.6911
6.08,31.9302,5.93675,6.98731,0.287727,5.01166,23.4163,1.62356
6.1,32.0641,5.978,7.01978,0.310195,5.08018,21.0395,1.19414
6.12,32.1975,6.02227,7.04367,0.33023,5.13861,21.0395,1.14634
6.14,32.3306,6.06936,7.06659,0.350332,5.19785,21.0395,1.10056
6.16,32.463,6.11928,7.0886,0.370498,5.2529,19.2056,0.809763
6.18,32.5948,6.17188,7.1048,0.38881,5.30126,19.2056,0.777355
6.2,32.726,6.22701,7.12035,0.407163,5.35007,19.4646,0.812355
6.22,32.8563,6.28469,7.13659,0.425825,5.38749,-30.023,0.779925
6.24,32.9874,6.34171,7.15219,0.395243,5.42929,-30.023,0.748774
6.26,33.1203,6.39481,7.16717,0.364595,5.46748,-30.023,0.917146
6.28,33.2552,6.44392,7.18551,0.333875,5.51155,-30.023,0.880565
6.3,33.3918,6.48897,7.20312,0.303079,5.56322,-30.023,0.734948
6.32,33.5301,6.52988,7.21782,0.272214,5.6095,-30.023,0.705564
6.34,33.6699,6.56658,7.23193,0.241287,5.66333,-30.023,0.677382
6.36,33.811,6.59899,7.24548,0.210301,5.72448,29.3366,0.650326
6.38,33.9523,6.6314,7.25849,0.240491,5.78768,30.023,-0.282429
6.4,34.0927,6.66815,7.25284,0.27155,5.83869,30.023,-0.271386
6.42,34.2318,6.7092,7.24741,0.302585,5.88861,30.023,-0.260547
6.44,34.3694,6.75452,7.2422,0.333597,5.93742,30.023,-0.25014
6.46,34.5054,6.80404,7.2372,0.364588,5.9851,30.023,-0.240149
6.48,34.6398,6.85772,7.23239,0.395557,6.028,30.023,-1.88817
6.5,34.7721,6.91535,7.19463,0.426436,6.06113,30.023,-1.81319
6.52,34.9018,6.97672,7.15837,0.457156,6.09302,30.023,-1.74076
6.54,35.029,7.04171,7.12355,0.487723,6.12367,30.023,-1.67123
6.56,35.1535,7.11022,7.09013,0.518145,6.15311,30.023,-1.60448
6.58,35.2753,7.18214,7.05804,0.548427,6.18133,30.023,-1.54039
6.6,35.3944,7.25737,7.02723,0.578574,6.20156,30.023,-3.49955
6.62,35.5103,7.33558,6.95724,0.608505,6.21578,30.023,-3.3603
6.64,35.6228,7.41641,6.89003,0.638142,6.22883,30.023,-3.22608
6.66,35.7317,7.49972,6.82551,0.667498,6.24074,30.023,-3.09723
6.68,35.8372,7.58538,6.76357,0.696583,6.25153,30.023,-2.97352
6.7,35.9392,7.67327,6.7041,0.725408,6.26124,30.023,-2.85475
6.72,36.0379,7.76326,6.647,0.753984,6.26988,30.023,-2.74072
6.74,36.1331,7.85524,6.59219,0.78232,6.2719,30.023,-4.4342
6.76,36.2246,7.94885,6.5035,0.810349,6.26803,30.023,-4.25756
6.78,36.3124,8.04369,6.41835,0.838005,6.26329,30.023,-4.0875
6.8,36.3964,8.13965,6.3366,0.865305,6.25772,30.023,-3.92424
6.82,36.4768,8.23662,6.25812,0.892262,6.25136,30.023,-3.76749
6.84,36.5536,8.3345,6.18277,0.918889,6.24422,30.023,-3.61701
6.86,36.6269,8.43319,6.11043,0.9452,6.23636,30.023,-3.47254
6.88,36.6967,8.53261,6.04098,0.971208,6.22778,30.023,-3.33384
6.9,36.7633,8.63266,5.9743,0.996925,6.21851,30.023,-3.20068
6.92,36.8265,8.73328,5.91028,1.02236,6.20513,30.023,-4.33789
6.94,36.8864,8.83417,5.82353,1.04748,6.18553,30.023,-4.16495
6.96,36.943,8.93503,5.74023,1.07223,6.16549,30.023,-3.9986
6.98,36.9962,9.03582,5.66026,1.09663,6.14503,30.023,-3.83888
7,37.0464,9.13646,5.58348,1.12069,6.12418,30.023,-3.68555
7.02,37.0934,9.2369,5.50977,1.14443,6.10295,30.023,-3.53834
7.04,37.1375,9.33711,5.439,1.16787,6.08137,30.023,-3.39701
7.06,37.1788,9.43704,5.37106,1.19101,6.05945,30.023,-3.26133
7.08,37.2172,9.53664,5.30583,1.21386,6.03721,30.023,-3.13106
7.1,37.253,9.63589,5.24321,1.23644,6.01467,30.023,-3.006
7.12,37.2861,9.73475,5.18309,1.25875,5.99184,30.023,-2.88594
7.14,37.3166,9.8332,5.12537,1.28081,5.96873,30.023,-2.77066
7.16,37.3447,9.93121,5.06996,1.30264,5.94536,30.023,-2.66
7.18,37.3704,10.0287,5.01676,1.32422,5.91452,30.023,-3.1347
7.2,37.3937,10.1257,4.95407,1.34557,5.88309,30.023,-3.00965
7.22,37.4147,10.2219,4.89387,1.36664,5.85156,30.023,-2.88944
7.24,37.4334,10.3174,4.83608,1.38747,5.81994,30.023,-2.77403
7.26,37.45,10.4121,4.7806,1.40805,5.78823,30.023,-2.66323
7.28,37.4644,10.5061,4.72734,1.4284,5.75645,30.023,-2.55685
7.3,37.4768,10.5993,4.6762,1.44853,5.72459,30.023,-2.45472
7.32,37.4873,10.6917,4.62711,1.46844,5.69266,30.023,-2.35668
7.34,37.4958,10.7834,4.57997,1.48815,5.66067,30.023,-2.26255
7.36,37.5024,10.8743,4.53472,1.50765,5.62862,30.023,-2.17218
7.38,37.5072,10.9645,4.49128,1.52697,5.59651,30.023,-2.08541
7.4,37.5103,11.0538,4.44957,1.54611,5.56436,30.023,-2.00212
7.42,37.5116,11.1424,4.40953,1.56507,5.53216,30.023,-1.92215
7.44,37.5113,11.2302,4.37109,1.58386,5.49991,30.023,-1.84537
7.46,37.5094,11.3172,4.33418,1.6025,5.46762,30.023,-1.77167
7.48,37.5058,11.4035,4.29875,1.62097,5.43529,30.023,-1.7009
7.5,37.5008,11.489,4.26473,1.6393,5.40292,30.023,-1.63296
7.52,37.4942,11.5737,4.23207,1.65749,5.36414,30.023,-1.39632
7.54,37.4861,11.6576,4.20414,1.67554,5.32509,30.023,-1.3405
7.56,37.4766,11.7409,4.17733,1.69348,5.28599,30.023,-1.28696
7.58,37.4657,11.8235,4.15159,1.71131,5.24685,30.023,-1.23556
7.6,37.4533,11.9054,4.12688,1.72903,5.20767,30.023,-1.1862
7.62,37.4397,11.9865,4.10316,1.74664,5.16845,30.023,-1.13882
7.64,37.4246,12.0669,4.08038,1.76416,5.12919,30.023,-1.09334
7.66,37.4083,12.1467,4.05851,1.78158,5.08989,30.023,-1.04967
7.68,37.3907,12.2257,4.03752,1.79891,5.05056,30.023,-1.00774
7.7,37.3718,12.304,4.01737,1.81615,5.0112,30.023,-0.96749
7.72,37.3517,12.3816,3.99802,1.8333,4.9718,30.023,-0.928846
7.74,37.3303,12.4584,3.97944,1.85037,4.93237,30.023,-0.891746
7.76,37.3077,12.5346,3.9616,1.86737,4.89291,30.023,-0.856127
7.78,37.284,12.61,3.94448,1.88429,4.85343,30.023,-0.821932
7.8,37.2591,12.6847,3.92804,1.90114,4.81392,30.023,-0.789102
7.82,37.233,12.7586,3.91226,1.91792,4.7744,30.023,-0.757583
7.84,37.2059,12.8318,3.89711,1.93464,4.73485,30.023,-0.727324
7.86,37.1776,12.9043,3.88256,1.95129,4.69528,30.023,-0.698273
7.88,37.1482,12.976,3.8686,1.96788,4.6557,30.023,-0.670382
7.9,37.1177,13.047,3.85519,1.98441,4.61352,30.023,0.376783
7.92,37.0861,13.1174,3.86273,2.00093,4.56722,30.023,0.362001
7.94,37.0533,13.1874,3.86997,2.01748,4.52066,30.023,0.347542
7.96,37.0193,13.257,3.87692,2.03406,4.47383,30.023,0.33366
7.98,36.984,13.3261,3.88359,2.05067,4.42674,30.023,0.320333
8,36.9475,13.3948,3.89,2.06731,4.3794,30.023,0.307538
8.02,36.9099,13.463,3.89615,2.08397,4.33184,30.023,0.295255
8.04,36.871,13.5306,3.90205,2.10066,4.28404,30.023,0.283462
8.06,36.831,13.5976,3.90772,2.11738,4.23604,30.023,0.272139
8.08,36.7898,13.6641,3.91316,2.13412,4.18783,30.023,0.26127
8.1,36.7474,13.73,3.91839,2.15088,4.13942,30.023,0.250834
8.12,36.7039,13.7952,3.92341,2.16766,4.09084,30.023,0.240815
8.14,36.6592,13.8597,3.92822,2.18447,4.04209,30.023,0.231196
8.16,36.6134,13.9236,3.93285,2.20129,3.99318,30.023,0.221962
8.18,36.5665,13.9868,3.93729,2.21814,3.94413,30.023,0.213096
8.2,36.5184,14.0493,3.94155,2.235,3.89495,6.9262,0.204585
8.22,36.4697,14.1113,3.94564,2.23855,3.84606,6.9262,0.196413
8.24,36.4207,14.1732,3.94957,2.2421,3.79531,-4.42727,1.98533
8.26,36.3714,14.2354,3.98927,2.23983,3.74004,-4.42727,1.9065
8.28,36.3217,14.2983,4.0274,2.23753,3.68526,-4.42727,1.83035
8.3,36.2718,14.362,4.06401,2.23521,3.63106,-4.42727,1.75724
8.32,36.2215,14.4263,4.09916,2.23287,3.57755,-4.42727,1.68705
8.34,36.171,14.4913,4.1329,2.23051,3.52483,-4.42727,1.61967
8.36,36.1202,14.5569,4.16529,2.22813,3.47301,-4.42727,1.55498
8.38,36.0692,14.6232,4.19639,2.22573,3.42219,-4.42727,1.49287
8.4,36.018,14.69,4.22625,2.22331,3.37249,-4.42727,1.43324
8.42,35.9666,14.7575,4.25491,2.22088,3.32402,-4.42727,1.37599
8.44,35.915,14.8255,4.28243,2.21843,3.27689,-4.42727,1.32103
8.46,35.8632,14.8941,4.30885,2.21597,3.23123,-4.42727,1.26827
8.48,35.8113,14.9632,4.33422,2.21349,3.1865,-15.8506,3
8.5,35.7594,15.0333,4.39422,2.20431,3.13254,-15.8506,3
8.52,35.7073,15.1049,4.45422,2.19501,3.08006,-15.8506,3
8.54,35.6552,15.1779,4.51422,2.18558,3.02927,-15.8506,3
8.56,35.6032,15.2524,4.57422,2.17602,2.9804,-15.8506,2.88061
8.58,35.5512,15.3284,4.63183,2.16634,2.93371,-15.8506,2.76555
8.6,35.4993,15.4058,4.68714,2.15654,2.88947,-15.8506,2.65509
8.62,35.4475,15.4846,4.74024,2.14662,2.84796,-15.8506,2.54904
8.64,35.396,15.5648,4.79122,2.1366,2.80946,-15.8506,2.44722
8.66,35.3448,15.6463,4.84017,2.12647,2.76285,-26.4209,3
8.68,35.2942,15.7295,4.90017,2.10855,2.7147,-26.4209,3
8.7,35.2444,15.8147,4.96017,2.0904,2.6703,-26.4209,3
8.72,35.1957,15.9018,5.02017,2.07204,2.63004,-26.4209,3
8.74,35.148,15.9908,5.08017,2.05345,2.59431,-26.4209,3
8.76,35.1014,16.0818,5.14017,2.03464,2.56354,-26.4209,3
8.78,35.056,16.1747,5.20017,2.01561,2.52576,-30.023,3
8.8,35.0121,16.2696,5.26017,1.99323,2.48541,-30.023,3
8.82,34.9698,16.3666,5.32017,1.97058,2.45072,-30.023,3
8.84,34.9293,16.4656,5.38017,1.94768,2.4222,-30.023,3
8.86,34.8906,16.5667,5.44017,1.92452,2.40032,-30.023,3
8.88,34.8539,16.6697,5.50017,1.9011,2.36304,-30.023,3
8.9,34.8193,16.7748,5.56017,1.87743,2.33188,-30.023,3
8.92,34.7868,16.8818,5.62017,1.8535,2.30796,-30.023,3
8.94,34.7566,16.9906,5.68017,1.82932,2.28929,-30.023,3
8.96,34.7288,17.1014,5.74017,1.80487,2.25623,-30.023,3
8.98,34.7034,17.214,5.80017,1.78017,2.23105,-30.023,3
9,34.6806,17.3283,5.86017,1.75522,2.21431,-30.023,3
9.02,34.6604,17.4444,5.92017,1.73,2.19871,-30.023,3
9.04,34.6431,17.5621,5.98017,1.70453,2.17318,-30.023,3
9.06,34.6286,17.6814,6.04017,1.6788,2.15683,-30.023,3
9.08,34.6171,17.8023,6.10017,1.65282,2.15017,-30.023,3
9.1,34.6086,17.9246,6.16017,1.62658,2.14032,-30.023,3
9.12,34.6034,18.0483,6.22017,1.60008,2.12542,-30.023,3
9.14,34.6014,18.1733,6.28017,1.57333,2.12096,-30.023,3
9.16,34.6028,18.2995,6.34017,1.54632,2.1273,-30.023,3
9.18,34.6076,18.4268,6.40017,1.51905,2.12693,-27.7283,3
9.2,34.6159,18.5551,6.46017,1.49401,2.12568,-27.7283,3
9.22,34.6275,18.6844,6.52017,1.46874,2.13556,-27.7283,2.91614
9.24,34.6425,18.8145,6.57849,1.44324,2.15669,-27.7283,2.79966
9.26,34.661,18.9453,6.63448,1.41752,2.16975,-24.3551,2.72708
9.28,34.6828,19.0768,6.68903,1.39518,2.18352,-24.3551,2.61816
9.3,34.7077,19.2087,6.74139,1.37266,2.20843,-24.3551,2.51359
9.32,34.7359,19.3411,6.79166,1.34997,2.24434,-24.3551,2.41319
9.34,34.7672,19.4737,6.83992,1.32712,2.27546,-24.0927,2.3168
9.36,34.8019,19.6066,6.88626,1.30438,2.30419,-24.0927,2.22426
9.38,34.8398,19.7394,6.93075,1.2815,2.34389,-24.0927,2.13542
9.4,34.881,19.8722,6.97345,1.25847,2.3942,-24.0927,2.05013
9.42,34.9255,20.0048,7.01446,1.23531,2.44565,-27.5235,1.85015
9.44,34.9736,20.137,7.05146,1.20816,2.48989,-27.5235,1.77622
9.46,35.0255,20.2685,7.08698,1.18087,2.54497,-27.5235,1.70527
9.48,35.0813,20.3992,7.12109,1.15345,2.61031,-27.5235,1.63716
9.5,35.141,20.5288,7.15383,1.1259,2.67843,-30.023,1.14595
9.52,35.2046,20.6572,7.17675,1.09523,2.73956,-30.023,1.10007
9.54,35.2724,20.784,7.19875,1.06446,2.81073,-30.023,1.05613
9.56,35.3443,20.909,7.21988,1.0336,2.89121,-30.023,1.01395
9.58,35.4202,21.0321,7.24015,1.00265,2.97179,-30.023,0.0202295
9.6,35.5,21.1529,7.24056,0.971659,3.04931,22.2944,0.0191718
9.62,35.5803,21.2734,7.24094,0.993651,3.13215,22.2944,0.0184058
9.64,35.658,21.3956,7.24131,1.01564,3.21684,22.2944,0.0176707
9.66,35.733,21.5195,7.24166,1.03764,3.28665,17.0434,-1.33052
9.68,35.8054,21.6446,7.21505,1.05405,3.35654,17.0434,-1.27773
9.7,35.8756,21.7704,7.1895,1.07041,3.42799,12.2862,-2.608
9.72,35.9436,21.8965,7.13734,1.08196,3.48427,12.2862,-2.50419
9.74,36.0096,22.0225,7.08726,1.09344,3.54353,12.2862,-2.40417
9.76,36.0738,22.1483,7.03917,1.10483,3.59008,9.53675,-3.25459
9.78,36.1362,22.2738,6.97408,1.11355,3.63581,9.38851,-3.49493
9.8,36.197,22.3986,6.90418,1.12205,3.66822,9.38851,-3.35543
9.82,36.2561,22.5226,6.83707,1.13046,3.69882,10.6293,-3.10064
9.84,36.3135,22.646,6.77506,1.13992,3.72017,10.6293,-2.97676
9.86,36.3693,22.7689,6.71552,1.1493,3.73797,12.2255,-2.46126
9.88,36.4234,22.8913,6.6663,1.16004,3.7482,12.2255,-2.36284
9.9,36.4758,23.0134,6.61904,1.1707,3.75624,13.9824,-1.77866
9.92,36.5265,23.1353,6.58347,1.18288,3.75504,13.9824,-1.70748
9.94,36.5754,23.2571,6.54932,1.19499,3.75685,-30.023,-1.63928
9.96,36.625,23.378,6.51653,1.16702,3.74662,-30.023,-1.17261
9.98,36.6778,23.4969,6.49308,1.13918,3.74439,-30.023,-1.12567
10,36.7337,23.6139,6.47057,1.11143,3.74277,-30.023,-0.945743
10.02,36.7926,23.7289,6.45165,1.08378,3.73868,-30.023,-0.907933
10.04,36.8544,23.8419,6.43349,1.0562,3.7426,-30.023,-0.871668
10.06,36.9192,23.9529,6.41606,1.0287,3.74296,-30.023,-1.07208
10.08,36.9868,24.0617,6.39462,1.00128,3.74451,-30.023,-1.02932
10.1,37.0571,24.1683,6.37403,0.973947,3.7539,-30.023,-0.988206
10.12,37.1301,24.2726,6.35427,0.946705,3.75465,-30.023,-1.53221
10.14,37.2055,24.3744,6.32363,0.91957,3.76136,-30.023,-1.47116
10.16,37.2834,24.4737,6.2942,0.892564,3.76866,-30.023,-2.21957
10.18,37.3634,24.5704,6.24981,0.865716,3.77266,10.7209,-2.13113
10.2,37.4437,24.6656,6.20719,0.874451,3.77823,7.00546,-2.93367
10.22,37.5227,24.7606,6.14851,0.880074,3.77329,7.00546,-2.81673
10.24,37.6004,24.8552,6.09218,0.885645,3.76381,2.52564,-3.56268
10.26,37.677,24.949,6.02093,0.887624,3.68926,8.04832,-1.48208
10.28,37.7525,25.0424,5.99129,0.893915,3.59632,8.04832,-1.42238
10.3,37.8271,25.1359,5.96284,0.900175,3.49973,17.7592,0.68682
10.32,37.9006,25.2299,5.97657,0.914338,3.39897,17.7592,0.659924
10.34,37.973,25.3252,5.98977,0.928533,3.29828,17.7592,0.633566
10.36,38.0441,25.4218,6.00244,0.942758,3.19773,17.7592,0.60826
10.38,38.114,25.5195,6.01461,0.957013,3.09739,17.7592,0.583965
10.4,38.1827,25.6184,6.02629,0.971296,2.99733,17.7592,0.56064
10.42,38.25,25.7185,6.0375,0.985607,2.89072,26.9707,2.26853
10.44,38.3158,25.8203,6.08287,1.00845,2.78012,26.9707,2.17837
10.46,38.3797,25.9243,6.12644,1.03146,2.66846,26.9707,2.09136
10.48,38.4416,26.0305,6.16827,1.05463,2.55578,26.9707,2.00783
10.5,38.5015,26.1389,6.20842,1.07796,2.44216,-30.023,1.92763
10.52,38.5618,26.2478,6.24698,1.0513,2.32895,-30.023,1.85064
10.54,38.6255,26.3557,6.28399,1.02448,2.21782,-30.023,1.77672
10.56,38.6924,26.4625,6.31952,0.997507,2.10939,-30.023,1.70575
10.58,38.7626,26.5681,6.35364,0.970383,2.00436,-30.023,1.63762
10.6,38.836,26.6722,6.38639,0.943115,1.89175,-25.3981,2.62513
10.62,38.9125,26.7751,6.43889,0.920562,1.77596,30.023,2.52055
10.64,38.9893,26.8791,6.4893,0.948232,1.66093,30.023,2.41988
10.66,39.0638,26.986,6.5377,0.976114,1.54552,30.023,2.32322
10.68,39.1358,27.0957,6.58417,1.0042,1.43,30.023,2.23043
10.7,39.2051,27.2082,6.62877,1.03248,1.31469,-25.3981,2.14134
10.72,39.2746,27.3216,6.6716,1.00909,1.20195,-25.3981,2.05581
10.74,39.3472,27.434,6.71272,0.985554,1.09505,-25.3981,1.9737
10.76,39.4229,27.5453,6.75219,0.961876,0.991135,-21.4677,2.31284
10.78,39.5015,27.6557,6.79845,0.94214,0.862222,-21.4677,2.22057
10.8,39.5829,27.7652,6.84286,0.922271,0.73592,-21.4677,2.13188
10.82,39.6669,27.8738,6.8855,0.902275,0.614571,-21.4677,2.04673
10.84,39.7536,27.9813,6.92643,0.882158,0.502619,30.023,1.96497
10.86,39.8402,28.0899,6.96573,0.911892,0.406057,30.023,1.88649
10.88,39.9241,28.2016,7.00346,0.94179,0.336024,30.023,1.81114
10.9,40.005,28.3164,7.03968,0.971847,0.28419,30.023,1.84221
10.92,40.0828,28.4342,7.07653,1.00206,0.168481,-21.4506,1.76866
10.94,40.1605,28.5529,7.1119,0.981412,0.126744,-21.4506,1.69802
10.96,40.2409,28.6706,7.14586,0.960664,0.208583,-21.4506,1.63019
10.98,40.3242,28.7871,7.17847,0.939819,0.333568,-21.4506,1.56508
11,40.4103,28.9024,7.20977,0.91888,0.468886,-21.4506,1.50257
11.02,40.4992,29.0163,7.23982,0.897853,0.608054,-21.4506,1.44255
11.04,40.5908,29.1288,7.26867,0.87674,0.692697,-23.0437,1.40751
11.06,40.6852,29.2397,7.29682,0.853792,0.787458,-23.0437,1.3513
11.08,40.7826,29.3488,7.32385,0.830758,0.894288,-23.0437,1.29732
11.1,40.8828,29.456,7.34979,0.80764,1.00951,30.023,1.2455
11.12,40.9829,29.564,7.3747,0.839155,1.13281,30.023,1.19576
11.14,41.0798,29.6755,7.39862,0.870775,1.22803,30.023,1.17725
11.16,41.1735,29.7903,7.42216,0.902496,1.33319,30.023,1.13024
11.18,41.2637,29.9085,7.44477,0.934316,1.44916,-24.8428,1.08509
11.2,41.3539,30.0272,7.46647,0.908747,1.57128,-24.8428,1.04175
11.22,41.4473,30.144,7.4873,0.883106,1.69609,-24.8428,1.00014
11.24,41.544,30.2586,7.50731,0.857394,1.79811,-26.7448,0.977869
11.26,41.6439,30.3709,7.52686,0.829335,1.90173,-26.7448,0.938815
11.28,41.7473,30.4806,7.54564,0.801203,2.00868,-26.7448,0.901317
11.3,41.8539,30.5876,7.56367,0.773003,2.11843,-26.7448,0.865316
11.32,41.9638,30.6918,7.58097,0.744738,2.21946,30.023,0.836843
11.34,42.0737,30.7965,7.59771,0.777225,2.31286,30.023,0.803419
11.36,42.1804,30.9049,7.61378,0.809782,2.41602,30.023,0.771328
11.38,42.2837,31.017,7.6292,0.842407,2.52773,-28.7461,0.74052
11.4,42.3871,31.1294,7.64401,0.811378,2.64271,-30.023,0.710942
11.42,42.4943,31.2386,7.65823,0.778626,2.73963,-30.023,0.682545
11.44,42.6052,31.3445,7.67188,0.745815,2.83796,-30.023,0.655283
11.46,42.7197,31.4468,7.68499,0.712946,2.93745,-30.023,0.629109
11.48,42.8377,31.5455,7.69757,0.680023,3.03791,-30.023,0.603981
11.5,42.959,31.6404,7.70965,0.647047,3.12392,26.9649,0.560392
11.52,43.0808,31.7352,7.72086,0.676122,3.21059,26.9649,0.538003
11.54,43.1999,31.8336,7.73162,0.705239,3.30587,26.9649,0.516514
11.56,43.3162,31.9356,7.74195,0.734395,3.40899,26.9649,0.495883
11.58,43.4297,32.0411,7.75187,0.76359,3.51159,-30.023,0.414491
11.6,43.5435,32.1465,7.76016,0.730389,3.60929,-30.023,0.39792
11.62,43.6609,32.2482,7.76812,0.697154,3.70711,-30.023,0.382026
11.64,43.7817,32.3459,7.77576,0.663885,3.80495,-30.023,0.366767
11.66,43.9058,32.4398,7.78309,0.630584,3.9027,-30.023,0.352117
11.68,44.0331,32.5295,7.79013,0.597252,3.98684,-30.023,0.234348
11.7,44.1634,32.615,7.79482,0.563896,4.06842,-30.023,0.22496
11.72,44.2966,32.6961,7.79932,0.530519,4.14996,-30.023,0.215975
11.74,44.4324,32.7728,7.80364,0.497124,4.23137,22.7922,0.207348
11.76,44.5687,32.8489,7.80779,0.52142,4.31104,21.0515,0.111638
11.78,44.7033,32.9282,7.81002,0.543684,4.38773,21.0515,0.107156
11.8,44.8361,33.0105,7.81216,0.565954,4.47151,-30.023,0.102876
11.82,44.9693,33.092,7.81422,0.532508,4.55841,-30.023,0.0987668
11.84,45.1053,33.1691,7.8162,0.499054,4.6447,-30.023,0.0948218
11.86,45.2438,33.2416,7.81809,0.465592,4.72289,-30.023,-0.0142763
11.88,45.3847,33.3095,7.81781,0.432126,4.79325,-30.023,-0.0137336
11.9,45.5277,33.3726,7.81753,0.398662,4.86302,-30.023,-0.0131851
11.92,45.6728,33.4309,7.81727,0.365198,4.93213,-30.023,-0.0126584
11.94,45.8197,33.4842,7.81702,0.331736,5.00053,-30.023,-0.0121528
11.96,45.9684,33.5327,7.81677,0.298275,5.05893,24.8263,-0.374966
11.98,46.1171,33.5806,7.80927,0.325049,5.11545,24.8263,-0.360085
12,46.2644,33.6324,7.80207,0.351797,5.17981,24.8263,-0.345702
12.02,46.41,33.6881,7.79516,0.378522,5.25167,-30.023,-0.331894
12.04,46.5558,33.7433,7.78852,0.345168,5.29727,-27.7109,-0.399895
12.06,46.7031,33.7937,7.78052,0.31488,5.20935,-27.7109,-0.383944
12.08,46.8517,33.8396,7.77284,0.284623,5.12078,-27.7109,-0.368608
12.1,47.0014,33.881,7.76547,0.254395,5.02748,-30.023,0.266315
12.12,47.1524,33.9176,7.7708,0.221142,4.92427,-30.023,0.255841
12.14,47.3046,33.9492,7.77591,0.187868,4.81985,-30.023,0.245622
12.16,47.4579,33.9757,7.78083,0.154571,4.71428,-30.023,0.235811
12.18,47.6121,33.9971,7.78554,0.121254,4.60761,-30.023,0.226392
12.2,47.767,34.0133,7.79007,0.0879175,4.49974,-30.023,0.335435
12.22,47.9225,34.0244,7.79678,0.0545567,4.37818,-30.023,0.322068
12.24,48.0783,34.0303,7.80322,0.0211678,4.25542,-30.023,0.309204
12.26,48.2345,34.031,7.8094,-0.0122482,4.13152,-30.023,0.296853
12.28,48.3906,34.0265,7.81534,-0.0456901,4.00653,-30.023,0.284996
12.3,48.5467,34.0168,7.82104,-0.0791569,3.88048,-30.023,0.273613
12.32,48.7024,34.0018,7.82651,-0.112648,3.75345,-30.023,0.262684
12.34,48.8577,33.9816,7.83177,-0.146161,3.62537,-30.023,-0.0845896
12.36,49.0122,33.9562,7.83008,-0.179683,3.48463,-30.023,-0.0812991
12.38,49.1658,33.9256,7.82845,-0.213197,3.34297,-30.023,-0.0780519
12.4,49.3182,33.8899,7.82689,-0.246704,3.20042,-30.023,-0.0749344
12.42,49.4693,33.8492,7.82539,-0.280205,3.05704,-30.023,-0.0719413
12.44,49.619,33.8034,7.82395,-0.313699,2.91286,-30.023,-0.0690678
12.46,49.767,33.7526,7.82257,-0.347188,2.76794,-30.023,-0.0663091
12.48,49.9132,33.6969,7.82124,-0.380671,2.62231,27.0249,-0.0636606
12.5,50.0592,33.641,7.81997,-0.351122,2.4779,27.0249,-0.0611178
12.52,50.2068,33.5894,7.81875,-0.321578,2.33707,27.0249,-0.0586766
12.54,50.3559,33.5421,7.81757,-0.292038,2.19035,30.023,-0.957803
12.56,50.5062,33.4997,7.79842,-0.258615,2.04255,30.023,-0.919782
12.58,50.6574,33.4624,7.78002,-0.225272,1.8984,30.023,-0.883044
12.6,50.8094,33.4302,7.76236,-0.192007,1.75884,30.023,-0.847774
12.62,50.9621,33.4031,7.74541,-0.158815,1.62511,30.023,-0.813912
12.64,51.1153,33.3812,7.72913,-0.125695,1.49879,30.023,-0.781402
12.66,51.2688,33.3643,7.7135,-0.0926428,1.38192,30.023,-0.750191
12.68,51.4225,33.3526,7.6985,-0.0596562,1.24908,30.023,-2.27779
12.7,51.5758,33.346,7.65294,-0.0267993,1.11566,30.023,-2.18722
12.72,51.7285,33.3444,7.6092,0.00586651,0.991828,30.023,-2.09986
12.74,51.8802,33.3477,7.5672,0.0383488,0.881253,30.023,-2.01599
12.76,52.0309,33.356,7.52688,0.0706549,0.78908,30.023,-1.93546
12.78,52.1805,33.369,7.48817,0.102792,0.670799,30.023,-3.79254
12.8,52.3284,33.3866,7.41232,0.134684,0.543898,30.023,-3.64156
12.82,52.4743,33.4087,7.33949,0.166257,0.435863,30.023,-3.49611
12.84,52.6179,33.4352,7.26957,0.197525,0.362093,30.023,-3.35647
12.86,52.7594,33.4658,7.20244,0.2285,0.324591,30.023,-5
12.88,52.8982,33.5003,7.10244,0.259117,0.181642,30.023,-4.82411
12.9,53.034,33.5385,7.00595,0.289313,0.0424821,30.023,-4.63142
12.92,53.1668,33.5802,6.91333,0.319105,0.100836,30.023,-4.44643
12.94,53.2966,33.6252,6.8244,0.348508,0.237756,30.023,-4.26883
12.96,53.4234,33.6734,6.73902,0.377538,0.309437,30.023,-5
12.98,53.547,33.7244,6.63902,0.406171,0.338483,30.023,-5
13,53.6673,33.7782,6.53902,0.434376,0.407149,30.023,-4.8949
13.02,53.7843,33.8345,6.44112,0.462158,0.497846,30.023,-4.69938
13.04,53.898,33.893,6.34713,0.489529,0.599477,30.023,-4.51168
13.06,54.0084,33.9538,6.2569,0.516505,0.69745,30.023,-4.71258
13.08,54.1156,34.0166,6.16265,0.543087,0.749134,30.023,-4.52444
13.1,54.2195,34.0812,6.07216,0.569274,0.81287,30.023,-4.34373
13.12,54.3202,34.1474,5.98529,0.59508,0.885412,30.023,-4.17023
13.14,54.4177,34.2153,5.90188,0.620523,0.964214,30.023,-4.00366
13.16,54.5123,34.2847,5.82181,0.645615,1.04737,30.023,-3.84375
13.18,54.6038,34.3554,5.74493,0.670371,1.13351,30.023,-3.69022
13.2,54.6924,34.4274,5.67113,0.694805,1.19946,30.023,-2.98238
13.22,54.7781,34.5007,5.61148,0.718954,1.25682,30.023,-2.86311
13.24,54.8613,34.5752,5.55422,0.742852,1.31848,30.023,-2.74875
13.26,54.9418,34.651,5.49924,0.76651,1.38364,30.023,-2.63896
13.28,55.0198,34.7278,5.44646,0.789937,1.45163,30.023,-2.53355
13.3,55.0952,34.8057,5.39579,0.813143,1.52188,30.023,-2.43236
13.32,55.1681,34.8846,5.34715,0.836136,1.59393,30.023,-2.3352
13.34,55.2386,34.9644,5.30044,0.858925,1.66411,30.023,-0.816453
13.36,55.3068,35.0453,5.28411,0.88158,1.71457,30.023,-0.783469
13.38,55.373,35.1275,5.26844,0.904166,1.76773,30.023,-0.752175
13.4,55.4371,35.2109,5.2534,0.926686,1.82331,30.023,-0.722132
13.42,55.4992,35.2955,5.23896,0.949143,1.88103,30.023,-0.693288
13.44,55.5591,35.3813,5.22509,0.971539,1.94065,30.023,-0.665597
13.46,55.617,35.4681,5.21178,0.993877,2.00196,30.023,-0.639011
13.48,55.6728,35.556,5.199,1.01616,2.06474,30.023,-0.613488
13.5,55.7266,35.6449,5.18673,1.03839,2.11669,30.023,1.4442
13.52,55.7784,35.7351,5.21561,1.06065,2.16177,30.023,1.38705
13.54,55.8284,35.8269,5.24336,1.08304,2.20906,30.023,1.33165
13.56,55.8766,35.9203,5.26999,1.10554,2.25843,30.023,1.27846
13.58,55.923,36.0153,5.29556,1.12815,2.30976,30.023,1.22739
13.6,55.9673,36.1117,5.32011,1.15087,2.36291,30.023,1.17837
13.62,56.0097,36.2096,5.34367,1.1737,2.41779,30.023,1.1313
13.64,56.05,36.3088,5.3663,1.19662,2.4593,30.023,3
13.66,56.0883,36.4097,5.4263,1.21972,2.49771,30.023,2.92482
13.68,56.1246,36.5126,5.4848,1.24307,2.5383,30.023,2.808
13.7,56.1588,36.6174,5.54096,1.26667,2.581,30.023,2.69584
13.72,56.1909,36.724,5.59487,1.29051,2.62573,30.023,2.58816
13.74,56.2207,36.8324,5.64664,1.31457,2.67212,29.68,3
13.76,56.2482,36.9426,5.70664,1.33853,2.70026,29.68,3
13.78,56.2732,37.0545,5.76664,1.36275,2.73054,29.68,3
13.8,56.2958,37.1683,5.82664,1.38722,2.76296,29.68,3
13.82,56.3157,37.2837,5.88664,1.41195,2.79749,29.68,3
13.84,56.333,37.4007,5.94664,1.43692,2.82545,23.4759,3
13.86,56.3478,37.5193,6.00664,1.45615,2.84338,23.4759,3
13.88,56.3605,37.6394,6.06664,1.47557,2.86415,23.4759,3
13.9,56.3709,37.7609,6.12664,1.49519,2.88777,23.4759,3
13.92,56.3789,37.8838,6.18664,1.51499,2.89824,21.53,3
13.94,56.3847,38.008,6.24664,1.53316,2.90622,21.53,3
13.96,56.3883,38.1334,6.30664,1.5515,2.91735,21.53,3
13.98,56.3896,38.2602,6.36664,1.57002,2.92316,22.9948,3
14,56.3884,38.3881,6.42664,1.59013,2.91869,22.9948,3
14.02,56.3846,38.5172,6.48664,1.61042,2.91726,22.9948,3
14.04,56.3781,38.6473,6.54664,1.63091,2.91862,25.5064,2.89258
14.06,56.3687,38.7785,6.60449,1.65415,2.90083,25.5064,2.77705
14.08,56.3561,38.9105,6.66003,1.67759,2.88577,25.5064,2.66612
14.1,56.3403,39.0433,6.71335,1.70122,2.87355,25.5064,2.55963
14.12,56.3211,39.1767,6.76454,1.72504,2.85137,28.1665,2.46403
14.14,56.2985,39.3106,6.81382,1.75196,2.82155,28.1665,2.36561
14.16,56.272,39.4448,6.86114,1.77908,2.79422,28.1665,2.27112
14.18,56.2417,39.5791,6.90656,1.80639,2.76955,28.1665,2.18041
14.2,56.2075,39.7134,6.95017,1.83387,2.72435,30.023,2.09663
14.22,56.1693,39.8474,6.9921,1.86371,2.68059,30.023,2.01289
14.24,56.1268,39.9811,7.03236,1.89372,2.63921,30.023,1.93249
14.26,56.08,40.1141,7.07101,1.92391,2.59605,30.023,1.8553
14.28,56.0289,40.2464,7.10811,1.95426,2.53444,30.023,1.7812
14.3,55.9736,40.3777,7.14374,1.98476,2.47513,30.023,1.71005
14.32,55.914,40.5079,7.17794,2.01541,2.41844,30.023,1.64175
14.34,55.8501,40.6369,7.21077,2.04621,2.36063,30.023,1.57618
14.36,55.782,40.7643,7.2423,2.07714,2.28251,30.023,1.51322
14.38,55.7096,40.8902,7.27256,2.10821,2.20685,30.023,1.45278
14.4,55.6331,41.0142,7.30162,2.1394,2.13408,30.023,1.39475
14.42,55.5524,41.1362,7.32951,2.17072,2.06467,30.023,1.33904
14.44,55.4676,41.2561,7.35629,2.20215,1.9697,30.023,1.28556
14.46,55.3787,41.3737,7.382,2.2337,1.87653,30.023,1.23421
14.48,55.2859,41.4888,7.40669,2.26535,1.78653,30.023,1.18491
14.5,55.1891,41.6012,7.43039,2.2971,1.7004,30.023,1.13758
14.52,55.0885,41.7109,7.45314,2.32896,1.59919,30.023,1.09215
14.54,54.9842,41.8177,7.47498,2.36091,1.48664,30.023,1.04852
14.56,54.8762,41.9213,7.49595,2.39295,1.37734,30.023,1.00664
14.58,54.7646,42.0217,7.51608,2.42508,1.27236,30.023,0.966435
14.6,54.6495,42.1187,7.53541,2.4573,1.17313,30.023,0.927834
14.62,54.531,42.2122,7.55397,2.48959,1.05009,28.6897,0.890774
14.64,54.4094,42.3021,7.57178,2.52025,0.917575,28.6897,0.855195
14.66,54.2848,42.3885,7.58889,2.55098,0.788813,28.6897,0.821036
14.68,54.1573,42.4711,7.60531,2.58178,0.666364,28.6897,0.788242
14.7,54.0271,42.55,7.62107,2.61264,0.55484,28.6897,0.756758
14.72,53.8942,42.6249,7.63621,2.64356,0.462655,-30.023,0.726531
14.74,53.7611,42.7001,7.65074,2.61084,0.326818,-30.023,0.697512
14.76,53.6303,42.7798,7.66469,2.57806,0.174415,-30.023,0.669652
14.78,53.502,42.8639,7.67808,2.54523,0.0268425,-30.023,0.642904
14.8,53.3763,42.9523,7.69094,2.51233,0.134127,-30.023,0.617225
14.82,53.2533,43.0449,7.70329,2.47938,0.287133,-30.023,0.592572
14.84,53.1333,43.1417,7.71514,2.44638,0.440725,-30.023,0.568903
14.86,53.0164,43.2425,7.72651,2.41333,0.503678,26.8243,0.54618
14.88,52.8995,43.3438,7.73744,2.44229,0.600564,26.8243,0.524365
14.9,52.7796,43.4417,7.74793,2.4713,0.720765,26.8243,0.50342
14.92,52.6567,43.5363,7.75799,2.50034,0.854538,-30.023,0.483312
14.94,52.5338,43.6312,7.76766,2.46711,0.99456,-30.023,0.464008
14.96,52.4141,43.7303,7.77694,2.43384,1.105,-30.023,0.445474
14.98,52.2975,43.8334,7.78585,2.40053,1.21169,-30.023,0.427681
15,52.1843,43.9405,7.7944,2.36718,1.32487,-30.023,0.410599
15.02,52.0747,44.0514,7.80262,2.3338,1.44293,-30.023,0.394198
15.04,51.9687,44.166,7.8105,2.30038,1.5647,28.1975,0.378453
15.06,51.8627,44.2809,7.81807,2.33141,1.66153,30.023,0.324858
15.08,51.753,44.3924,7.82457,2.36489,1.76823,30.023,0.311873
15.1,51.6395,44.5002,7.8308,2.3984,1.88542,-29.0353,0.299416
15.12,51.5259,44.6081,7.83679,2.36619,2.00814,-29.0353,0.287456
15.14,51.4157,44.7196,7.84254,2.33395,2.12296,-25.9073,0.167555
15.16,51.3089,44.8345,7.84589,2.30573,2.22431,-25.9073,0.160834
15.18,51.2053,44.9524,7.84911,2.27749,2.32867,-25.9073,0.15441
15.2,51.1051,45.0732,7.8522,2.24925,2.43559,-25.9073,0.148243
15.22,51.0082,45.1969,7.85516,2.22099,2.53589,30.023,-0.0360391
15.24,50.911,45.3203,7.85444,2.25461,2.62733,30.023,-0.0346463
15.26,50.8098,45.4404,7.85375,2.28823,2.72876,30.023,-0.0332625
15.28,50.7045,45.557,7.85308,2.32185,2.83901,-22.919,-0.0319339
15.3,50.5988,45.6731,7.85244,2.29726,2.93955,-20.4354,-0.163524
15.32,50.4958,45.7916,7.84917,2.27559,3.03664,-20.4354,-0.157027
15.34,50.3954,45.9122,7.84603,2.25393,3.13598,-20.4354,-0.150755
15.36,50.2977,46.035,7.84302,2.23228,3.22938,-20.6698,-0.29335
15.38,50.2027,46.1598,7.83715,2.21037,3.31295,-20.6698,-0.281672
15.4,50.1106,46.2865,7.83152,2.18848,3.39882,-20.6698,-0.270421
15.42,50.0213,46.4151,7.82611,2.1666,3.4775,-25.9432,-0.689621
15.44,49.9354,46.5458,7.81232,2.13842,3.5472,-25.9432,-0.662188
15.46,49.8533,46.6786,7.79907,2.11029,3.61833,30.023,-0.635739
15.48,49.771,46.8109,7.78636,2.14365,3.69184,-30.023,-1.76195
15.5,49.689,46.9429,7.75112,2.11039,3.75387,-30.023,-1.69187
15.52,49.6118,47.0769,7.71728,2.07728,3.81628,-30.023,-1.6243
15.54,49.5393,47.2128,7.6848,2.04432,3.87897,-30.023,-1.55942
15.56,49.4716,47.3504,7.65361,2.01149,3.94099,-30.023,-3.34681
15.58,49.4088,47.4893,7.58667,1.97887,3.98531,-30.023,-3.21361
15.6,49.3511,47.6289,7.5224,1.94653,4.02981,-30.023,-3.08526
15.62,49.2984,47.7691,7.46069,1.91446,4.07445,-30.023,-2.96202
15.64,49.2505,47.9098,7.40145,1.88265,4.11914,-30.023,-2.84371
15.66,49.2075,48.0509,7.34458,1.85109,4.1632,-30.023,-4.81818
15.68,49.1693,48.1917,7.24822,1.81986,4.19064,-30.023,-4.62628
15.7,49.136,48.3318,7.15569,1.78903,4.21815,-30.023,-4.44149
15.72,49.1073,48.4711,7.06686,1.75859,4.24569,-30.023,-4.26409
15.74,49.0832,48.6095,6.98158,1.72852,4.27321,-30.023,-4.09377
15.76,49.0634,48.7469,6.8997,1.69881,4.30071,-30.023,-3.93026
15.78,49.0479,48.8832,6.8211,1.66945,4.32814,-30.023,-3.77328
15.8,49.0365,49.0184,6.74563,1.64041,4.34479,-30.023,-5
15.82,49.0291,49.1521,6.64563,1.61175,4.35704,-30.023,-5
15.84,49.0256,49.284,6.54563,1.58351,4.36937,-30.023,-4.82391
15.86,49.0257,49.4139,6.44915,1.5557,4.38174,-30.023,-4.63123
15.88,49.0294,49.5419,6.35653,1.52829,4.39415,-30.023,-4.44625
15.9,49.0365,49.668,6.2676,1.50127,4.40659,-30.023,-4.26866
15.92,49.0468,49.792,6.18223,1.47463,4.41903,-30.023,-4.09816
15.94,49.0602,49.9141,6.10027,1.44834,4.43148,-30.023,-3.93447
15.96,49.0765,50.0342,6.02158,1.42239,4.43903,-30.023,-4.45858
15.98,49.0957,50.1522,5.93241,1.39681,4.43857,-30.023,-4.28068
16,49.1176,50.268,5.84679,1.3716,4.43826,-30.023,-4.1097
16.02,49.142,50.3815,5.7646,1.34674,4.43811,-30.023,-3.94555
16.04,49.1688,50.4928,5.68569,1.32224,4.43812,-30.023,-3.78795
16.06,49.1979,50.6019,5.60993,1.29806,4.43827,-30.023,-3.63665
16.08,49.2292,50.7089,5.5372,1.2742,4.43856,-30.023,-3.4914
16.1,49.2626,50.8138,5.46737,1.25065,4.43898,-30.023,-3.35194
16.12,49.298,50.9165,5.40033,1.22739,4.43953,-30.023,-3.21806
16.14,49.3353,51.0172,5.33597,1.20441,4.4402,-30.023,-3.08952
16.16,49.3744,51.1158,5.27418,1.1817,4.44099,-30.023,-2.96612
16.18,49.4153,51.2124,5.21486,1.15925,4.43692,-30.023,-2.39513
16.2,49.4579,51.3071,5.16695,1.13703,4.42681,-30.023,-2.29934
16.22,49.5021,51.4,5.12097,1.11501,4.41691,-30.023,-2.2075
16.24,49.548,51.491,5.07682,1.09318,4.40721,-30.023,-2.11933
16.26,49.5955,51.5803,5.03443,1.07154,4.39772,-30.023,-2.03468
16.28,49.6444,51.6678,4.99374,1.05008,4.38843,-30.023,-1.95341
16.3,49.6948,51.7536,4.95467,1.02879,4.37934,-30.023,-1.87538
16.32,49.7466,51.8376,4.91716,1.00766,4.37045,-30.023,-1.80048
16.34,49.7998,51.9199,4.88115,0.986687,4.36176,-30.023,-1.72856
16.36,49.8543,52.0005,4.84658,0.965866,4.35327,-30.023,-1.65952
16.38,49.91,52.0794,4.81339,0.945191,4.34497,-30.023,-1.59323
16.4,49.967,52.1566,4.78152,0.924655,4.33624,-30.023,-0.0573795
16.42,50.0254,52.2323,4.78038,0.904189,4.31771,-30.023,-0.0547021
16.44,50.0853,52.3069,4.77928,0.883729,4.2993,-30.023,-0.0525168
16.46,50.1466,52.3801,4.77823,0.863272,4.28102,-30.023,-0.0504191
16.48,50.2095,52.4521,4.77722,0.842821,4.26288,-30.023,-0.0484053
16.5,50.2738,52.5228,4.77626,0.822373,4.2449,-30.023,-0.0464719
16.52,50.3395,52.5921,4.77533,0.80193,4.22707,-30.023,-0.0446157
16.54,50.4066,52.66,4.77443,0.78149,4.20941,-30.023,-0.0428336
16.56,50.475,52.7266,4.77358,0.761055,4.19193,-30.023,-0.0411228
16.58,50.5448,52.7917,4.77275,0.740622,4.17464,-30.023,-0.0394802
16.6,50.6159,52.8554,4.77197,0.720194,4.1546,-30.023,1.9117
16.62,50.6886,52.9179,4.8102,0.699685,4.12644,13.0488,1.83585
16.64,50.7622,52.9804,4.84692,0.707974,4.09957,13.0488,1.76252
16.66,50.8359,53.0439,4.88217,0.716326,4.07542,13.0488,1.69213
16.68,50.9095,53.1086,4.91601,0.724736,4.05411,13.0488,1.62454
16.7,50.9831,53.1743,4.9485,0.733204,4.03577,13.0488,1.55965
16.72,51.0565,53.241,4.97969,0.741726,4.02051,13.0488,1.49735
16.74,51.1299,53.3088,5.00964,0.750301,4.00842,13.0488,1.43755
16.76,51.2031,53.3777,5.03839,0.758926,3.99189,25.0648,2.79402
16.78,51.276,53.448,5.09427,0.776478,3.97402,25.0648,2.68279
16.8,51.3484,53.5205,5.14793,0.794219,3.96029,25.0648,2.57563
16.82,51.4203,53.5949,5.19944,0.812142,3.95092,25.0648,2.47276
16.84,51.4915,53.6714,5.2489,0.830241,3.94606,25.0648,2.37399
16.86,51.5619,53.7499,5.29637,0.848507,3.94588,25.0648,2.27917
16.88,51.6315,53.8303,5.34196,0.866934,3.93681,30.023,2.25493
16.9,51.7,53.9129,5.38706,0.889898,3.93256,30.023,2.16488
16.92,51.7671,53.9977,5.43035,0.91305,3.93374,30.023,2.07841
16.94,51.8327,54.0848,5.47192,0.936385,3.94035,30.023,0.866407
16.96,51.8967,54.1738,5.48925,0.959845,3.93839,30.023,0.831505
16.98,51.9587,54.2646,5.50588,0.983378,3.94207,30.023,0.798292
17,52.0187,54.3571,5.52185,1.00698,3.94371,30.023,-0.535374
17.02,52.0766,54.4511,5.51114,1.0306,3.93657,30.023,-0.874421
17.04,52.132,54.5461,5.49365,1.05415,3.91868,30.023,0.0422669
17.06,52.1852,54.6423,5.4945,1.07767,3.9029,30.023,0.0408095
17.08,52.2361,54.7397,5.49531,1.10119,3.88138,30.023,1.56545
17.1,52.2848,54.8385,5.52662,1.12478,3.86276,30.023,1.50332
17.12,52.3314,54.9391,5.55669,1.1485,3.84974,30.023,1.44328
17.14,52.3759,55.0413,5.58555,1.17235,3.83212,30.023,2.53447
17.16,52.4182,55.1452,5.63624,1.19637,3.81609,30.023,2.43354
17.18,52.4583,55.2511,5.68491,1.2206,3.80593,30.023,2.33633
17.2,52.4961,55.3588,5.73164,1.24503,3.80185,30.023,2.24302
17.22,52.5316,55.4682,5.7765,1.26966,3.79457,23.8807,2.25232
17.24,52.565,55.5793,5.82155,1.28868,3.78746,23.8807,2.16238
17.26,52.5964,55.6919,5.86479,1.30784,3.78612,23.8807,2.07601
17.28,52.6259,55.8058,5.90631,1.32715,3.79067,23.8807,1.99309
17.3,52.6534,55.9211,5.94618,1.34658,3.80121,23.8807,1.91348
17.32,52.6788,56.0377,5.98445,1.36615,3.80713,15.6258,1.14887
17.34,52.7024,56.1553,6.00742,1.37857,3.81375,15.6258,1.1028
17.36,52.7247,56.2735,6.02948,1.39104,3.82565,15.6258,1.05876
17.38,52.7455,56.3925,6.05066,1.40355,3.84284,15.6258,1.01647
17.4,52.765,56.5122,6.07098,1.41611,3.8653,15.6258,0.975867
17.42,52.7829,56.6325,6.0905,1.4287,3.89299,15.6258,0.936888
17.44,52.7995,56.7533,6.10924,1.44134,3.91289,11.9099,0.282474
17.46,52.8147,56.8746,6.11489,1.45089,3.93555,11.9099,0.27103
17.48,52.8287,56.9962,6.12031,1.46045,3.96303,11.9099,0.260204
17.5,52.8416,57.1179,6.12551,1.47001,3.99522,11.9099,0.249811
17.52,52.8534,57.2399,6.13051,1.47959,4.03202,11.9099,0.239833
17.54,52.8639,57.3621,6.13531,1.48917,4.07331,-30.023,0.230254
17.56,52.8756,57.4843,6.13991,1.4629,4.1121,-30.023,0.415572
17.58,52.8904,57.6063,6.14822,1.4366,4.1418,-30.023,0.399024
17.6,52.9085,57.728,6.1562,1.41026,4.17184,-30.023,0.383086
17.62,52.9298,57.8494,6.16387,1.38389,4.20219,-30.023,0.367785
17.64,52.9543,57.9703,6.17122,1.35749,4.23281,-30.023,0.353094
17.66,52.982,58.0906,6.17828,1.33106,4.2637,-30.023,0.338991
17.68,53.013,58.2103,6.18506,1.3046,4.29141,-30.023,1.27703
17.7,53.0471,58.3294,6.2106,1.27807,4.30866,18.5836,1.22627
17.72,53.0821,58.4489,6.23513,1.29357,4.32881,18.5836,1.17729
17.74,53.1154,58.5693,6.25867,1.30912,4.35442,18.5836,1.13027
17.76,53.1469,58.6907,6.28128,1.32474,4.38545,18.5836,1.08512
17.78,53.1766,58.813,6.30298,1.34041,4.42182,18.5836,1.04178
17.8,53.2044,58.9361,6.32382,1.35613,4.45243,23.9924,2.12646
17.82,53.2302,59.0604,6.36635,1.37705,4.48615,23.9924,2.04182
17.84,53.2535,59.186,6.40718,1.39811,4.52599,23.9924,1.96027
17.86,53.2742,59.3128,6.44639,1.4193,4.57186,23.9924,1.88197
17.88,53.2923,59.4408,6.48403,1.44061,4.62366,23.9924,1.8068
17.9,53.3078,59.57,6.52016,1.46205,4.66974,26.8639,2.44049
